Transaction_ID,Customer_ID,Transaction_Date,Transaction_Type,Product_ID,Product,Amount_INR,Channel,Branch_Name,State,RM_Name,Status,Narration,GST_INR,Processing_Fee_INR,Net_Amount_INR
TXN6180257,CUST31093,24-03-2014,NEFT,PRD0002,PERSONAL LOAN,458931.72,Phone Banking,East Zone,West Bengal,vijay kumar,Under Review,NEFT - Personal Loan - Mar 2014,82607.71,256.25,376067.76
TXN6192707,CUST29215,28-06-2025,PENALTY CHARGE,PRD0002,Personal Loan,4081170.59,atm,East Zone,Odisha,  Sanjay Gupta,COMPLETED,Penalty Charge - Personal Loan - Jun 2025,0,128.47,4081042.12
TXN6028293,CUST39912,13-Oct-22,Interest Credit,PRD0002,Personal Loan,3070600.55,POS,central zone,Kerala,Anita Bose,Failed,Interest Credit - Personal Loan - Oct 2022,0,305.86,Rs.3070294.69
TXN3874563,CUST20357,12-09-2020,CREDIT,PRD0004,Gold Loan,2966808.22,pos,South Zone,Rajasthan,Lalita Devi,Under Review,Credit - Gold Loan - Sep 2020,0,109.26,2966698.96
TXN1170467,CUST96200,24-03-2014,Loan Disbursal,PRD0005,Education Loan,2833641.63,Phone Banking,West Zone,Uttar Pradesh,RAHUL PILLAI,Completed,Loan Disbursal - Education Loan - Jun 2011,510055.49,305.47,2323280.67
TXN6490445,CUST72459,28-06-2025,  EMI Payment,PRD0007,Loan Against Property,423668.02,Internet Banking,Central Zone,Odisha,Arun Mehta,Pending,EMI Payment - Loan Against Property - Apr 2018,76260.24,102.35,347305.43
TXN5707347,CUST51116,11-11-2024,NEFT,PRD0013,Insurance,4796336.84,Internet Banking,North Zone,Odisha,Ramesh Yadav,Under Review,NEFT - Insurance - Nov 2024,0,219.08,4796117.76
TXN2808703,CUST55224,04-Jul-20,Credit,PRD0004,Gold Loan,1148994.25,Internet Banking,East Zone,DELHI,Sanjay Gupta,Completed,Credit - Gold Loan - Jul 2020,206818.96,367.03,941808.26
TXN3131642,CUST30286,13-10-2022,Cash Deposit,PRD0005,Education Loan,340972.83,Phone Banking,North Zone,Kerala,Priya Nair,Pending,Cash Deposit - Education Loan - Mar 2020,0,478.81,340494.02
TXN8871214,CUST72394,07-06-2023,Interest Credit,PRD0003,  Auto Loan,2529193.35,Branch,SOUTH ZONE,tamil nadu,Meena Iyer,Failed,Interest Credit - Auto Loan - Jun 2023,455254.8,477.89,2073460.66
TXN8623811,CUST10820,12-09-2020,Cash Deposit,PRD0001,home loan,1457094.55,  Branch,south zone,Rajasthan,lalita devi,Under Review,Cash Deposit - Home Loan - May 2013,262277.02,293.88,1194523.65
TXN1025295,CUST16914,17-09-2016,EMI Payment,PRD0003,  Auto Loan,1012182.19,MOBILE APP,East Zone,Uttar Pradesh,Deepa Krishnan,Reversed,EMI Payment - Savings Account - Jun 2010,182192.79,420.31,829569.09
TXN9355190,CUST50166,09-04-2021,upi,PRD0006,business loan,852896.52,MOBILE APP,South Zone,Kerala,  Rajesh Sharma,SUCCESS,UPI - Business Loan - May 2019,153521.37,199.68,699175.47
TXN2275031,CUST41696,06-03-2012,Loan Disbursal,PRD0011,Recurring Deposit,3117700.14,Branch,CENTRAL ZONE,Punjab,meena iyer,Pending,Loan Disbursal - Recurring Deposit - Mar 2012,561186.03,361.93,2556152.18
TXN9905988,CUST63668,30-12-2012,Cash Withdrawal,PRD0005,Education Loan,2686400.05,ATM,East Zone,uttar pradesh,nitin joshi,Completed,Cash Withdrawal - Education Loan - Dec 2012,0,336.86,2686063.19
TXN2073135,CUST26547,22-11-2020,Transfer,PRD0005,Education Loan,3058865.31,POS,North Zone,Delhi,Vijay Kumar,Under Review,Transfer - Education Loan - Nov 2020,0,Rs.458.52,3058865.31
TXN4300220,CUST32746,29-02-2012,CASH WITHDRAWAL,PRD0017,Auto Loan,1683634.46,POS,SOUTH ZONE,Rajasthan,Anita Bose,Failed,Cash Withdrawal - Auto Loan - Feb 2012,303054.2,315.9,1380264.36
TXN4419979,CUST29162,29-Mar-24,  Cash Deposit,PRD0014,OD Facility,2037841.46,NEFT/RTGS,  Central Zone,KARNATAKA,Meena Iyer,Under Review,Cash Deposit - OD Facility - Mar 2024,366811.46,315.55,1670714.45
TXN1331934,CUST91292,11-11-2024,CASH DEPOSIT,PRD0008,Credit Card,1928520.91,NEFT/RTGS,West Zone,  Maharashtra,Nitin Joshi,failed,Cash Deposit - Credit Card - Feb 2024,Rs.0,412.76,1928108.15
TXN9956794,CUST49838,04-05-2017,Transfer,PRD0013,Insurance,3058371.97,Mobile App,North Zone,Kerala,Amit Patel,Under Review,Transfer - Insurance - Apr 2017,550506.95,154.02,3058371.97
TXN8671957,CUST64415,22-10-2022,RTGS,PRD0011,Recurring Deposit,2490403.6,POS,Central Zone,Gujarat,Anita Bose,Under Review,RTGS - Recurring Deposit - Oct 2022,448272.65,137.9,2041993.05
TXN3751906,CUST74724,17-05-2011,Cash Deposit,PRD0017,Auto Loan,195903.05,ATM,Central Zone,Uttar Pradesh,Lalita Devi,Failed,Cash Deposit - Auto Loan - May 2011,35262.55,0,160368.32
TXN1213496,CUST17355,23-03-2025,EMI Payment,PRD0001,Home Loan,230098.37,Mobile App,West Zone,Haryana,Nitin Joshi,Under Review,EMI Payment - Home Loan - Mar 2025,41417.71,0,188384.57
TXN3061504,CUST17355,09-05-2023,Loan Disbursal,PRD0004,Gold Loan,4594710.48,Mobile App,South Zone,Uttar Pradesh,lalita devi,Failed,Loan Disbursal - Gold Loan - May 2023,Rs.0,196.7,4594513.78
TXN6155691,CUST27428,04-07-2020,Loan Disbursal,PRD0007,Loan Against Property,2706148.68,NEFT/RTGS,East Zone,Madhya Pradesh,MEENA IYER,Reversed,Loan Disbursal - Loan Against Property - May 2023,487106.76,218.54,2218823.38
TXN5133583,CUST33281,07-01-2019,cash withdrawal,PRD0006,Business Loan,1605264.59,NEFT/RTGS,Central Zone,Gujarat,Meena Iyer,Pending,Cash Withdrawal - Business Loan - Nov 2013,288947.63,334.3,1315982.66
TXN8738391,CUST53420,31-10-2015,NEFT,PRD0006,Business Loan,1501751.14,Phone Banking,West Zone,Kerala,Sunita Rao,Reversed,NEFT - Business Loan - Oct 2015,270315.21,450.65,1230985.28
TXN6259001,CUST70786,06-05-2017,cash deposit,PRD0002,Personal Loan,3457701.76,ATM,South Zone,  Gujarat,mohan das,failed,Cash Deposit - Personal Loan - May 2017,0,241.32,3457460.44
TXN1486424,CUST49363,10-02-2015,Debit,PRD0001,Home Loan,241596.96,POS,East Zone,Telangana,Deepa Krishnan,Pending,Debit - Home Loan - Feb 2015,43487.45,265.65,197843.86
TXN9722462,CUST98208,07-06-2023,IMPS,PRD0009,Savings Account,556253.81,  ATM,South Zone,Maharashtra,Amit Patel,Under Review,IMPS - Savings Account - Aug 2011,100125.69,291.9,455836.22
TXN4651356,CUST51151,11-01-2022,EMI Payment,PRD0003,  Auto Loan,2641051.5,Mobile App,West Zone,madhya pradesh,ANITA BOSE,Pending,EMI Payment - Home Loan - Jan 2022,475389.27,40.96,2165621.27
TXN9465658,CUST49634,01-01-2025,  Credit,PRD0013,insurance,3772843.56,ATM,North Zone,Haryana,Nitin Joshi,Pending,Credit - Insurance - Jan 2025,679111.84,63.27,3093668.45
TXN6758796,CUST97304,07-01-2019,UPI,PRD0012,MUTUAL FUND,Rs.1028205.4,ATM,West Zone,DELHI,Nitin Joshi,Pending,UPI - Mutual Fund - Jan 2019,708335.18,219.94,3226640.35
TXN2940958,CUST34420,01-02-2013,Loan Disbursal,PRD0007,LOAN AGAINST PROPERTY,1230873.62,NEFT/RTGS,North Zone,KERALA,Ramesh Yadav,Reversed,Loan Disbursal - Loan Against Property - Jan 2013,0,455.51,1230418.11
TXN7263018,CUST16113,01-06-2017,credit,PRD0002,Personal Loan,944952.44,POS,North Zone,TELANGANA,Amit Patel,Pending,Credit - Personal Loan - Dec 2020,0,Rs.4.14,944948.3
TXN5667750,CUST19658,11-12-2017,Cash Withdrawal,PRD0010,Fixed Deposit,2271996.57,mobile app,East Zone,Andhra Pradesh,  Nitin Joshi,Failed,Cash Withdrawal - Fixed Deposit - Nov 2017,408959.38,353.46,1862683.73
TXN9589419,CUST95403,25-04-2010,EMI Payment,PRD0012,Mutual Fund,1072638.07,Mobile App,West Zone,Madhya Pradesh,  Deepa Krishnan,Completed,EMI Payment - Mutual Fund - Apr 2010,0,47.15,Rs.1072590.92
TXN9300492,CUST49363,30-Apr-18,IMPS,PRD0010,fixed deposit,Rs.1360920.92,POS,South Zone,Delhi,vijay kumar,Under Review,IMPS - Fixed Deposit - Apr 2018,0,Rs.120.1,1360800.82
TXN3892246,CUST84393,11-07-2016,Debit,PRD0002,Personal Loan,2668080.22,POS,North Zone,MAHARASHTRA,Sunita Rao,Reversed,Debit - Personal Loan - Nov 2016,480254.44,215.81,2187609.97
TXN1206766,CUST37110,11-10-2010,Cash Deposit,PRD0013,Insurance,1081331.33,ATM,South Zone,Karnataka,nitin joshi,failed,Cash Deposit - Insurance - Oct 2010,0,85.83,1081245.5
TXN3427658,CUST17179,01-02-2018,UPI,PRD0004,Gold Loan,Rs.1028205.4,Phone Banking,South Zone,Madhya Pradesh,Kavya Bose,Failed,UPI - Gold Loan - Feb 2018,271443.8,323.97,1236253.36
TXN6034975,CUST31660,10-07-2025,Credit,PRD0009,Savings Account,4852571.44,NEFT/RTGS,East Zone,Tamil Nadu,Meena Iyer,Completed,Credit - Savings Account - Jul 2025,873462.86,270.02,3978838.56
TXN8653539,CUST29356,30-08-2022,Cash Withdrawal,PRD0001,Home Loan,3746132.57,ATM,central zone,Andhra Pradesh,Priya Nair,Failed,Cash Withdrawal - Home Loan - Aug 2022,674303.86,0,3071812.45
TXN7882323,CUST18601,25-06-2011,Penalty Charge,PRD0005,EDUCATION LOAN,937864.54,NEFT/RTGS,North Zone,Andhra Pradesh,Sai Rao,Reversed,Penalty Charge - Education Loan - Jun 2011,0,99.65,937864.54
TXN2549296,CUST49838,17-05-2025,UPI,PRD0010,Fixed Deposit,3707041.92,Internet Banking,South Zone,Andhra Pradesh,AMIT PATEL,Under Review,UPI - Fixed Deposit - May 2025,667267.55,466.91,3039307.46
TXN8477088,CUST84349,26-06-2024,NEFT,PRD0002,Personal Loan,4411961.17,Mobile App,Central Zone,Karnataka,Arun Mehta,SUCCESS,Cash Withdrawal - Personal Loan - Jun 2024,794153.01,129.57,3617678.59
TXN1268971,CUST34600,02-02-2013,imps,PRD0017,Auto Loan,3850070.11,  Branch,Central Zone,Haryana,  Amit Patel,Under Review,IMPS - Auto Loan - Feb 2013,0,256.67,3849813.44
TXN6570296,CUST71875,01-Mar-24,Debit,PRD0009,SAVINGS ACCOUNT,3433249.87,Branch,South Zone,Rajasthan,Nitin Joshi,Completed,Debit - Savings Account - Mar 2024,0,172.98,3433076.89
TXN5437438,CUST30260,17-04-2017,IMPS,PRD0051,  Savings Account,1871619.17,ATM,West Zone,Haryana,Sanjay Gupta,Failed,IMPS - Savings Account - Apr 2017,336891.45,407.45,1534320.27
TXN6332643,CUST39762,29-02-2020,IMPS,PRD0002,Personal Loan,3397105.01,Phone Banking,South Zone,West Bengal,Sanjay Gupta,Reversed,IMPS - Personal Loan - Feb 2020,0,254.69,3396850.32
TXN6088664,CUST80138,06-Feb-16,cash deposit,PRD0010,Fixed Deposit,4967111.89,Internet Banking,SOUTH ZONE,Tamil Nadu,Meena Iyer,Failed,Cash Deposit - Fixed Deposit - Feb 2016,0,153.8,4966958.09
TXN8198004,CUST43330,11-Apr-21,EMI Payment,PRD0005,EDUCATION LOAN,1687147.19,pos,East Zone,Madhya Pradesh,arun mehta,Under Review,EMI Payment - Education Loan - Apr 2021,0,362.01,1687147.19
TXN5021791,CUST77672,10-03-2011,Debit,PRD0017,AUTO LOAN,3567793.1,NEFT/RTGS,central zone,Andhra Pradesh,Sanjay Gupta,Completed,Debit - Auto Loan - Mar 2011,0,101.32,3567691.78
TXN6952196,CUST30016,18-03-2012,NEFT,PRD0012,Mutual Fund,4888857.57,branch,Central Zone,Haryana,Vijay Kumar,Reversed,NEFT - Mutual Fund - Mar 2012,879994.36,142.45,4008720.76
TXN8884983,CUST21770,03-11-2023,TRANSFER,PRD0014,OD Facility,649327.52,INTERNET BANKING,Central Zone,Punjab,MOHAN DAS,Reversed,Transfer - OD Facility - Mar 2023,0,192.1,649135.42
TXN3039130,CUST79932,26-11-2017,credit,PRD0010,Fixed Deposit,3946815.41,ATM,west zone,Kerala,ARUN MEHTA,Pending ,Credit - Fixed Deposit - Nov 2017,0,129.79,3946685.62
TXN5328985,CUST10055,26-01-2022,NEFT,PRD0013,Insurance,1410705.48,  Internet Banking,North Zone,Haryana,Lalita Devi,Failed,Transfer - Insurance - Jan 2022,0,288.94,1410416.54
TXN2521948,CUST25572,09-03-2021,interest credit,PRD0001,Home Loan,85871.38,Branch,East Zone,ODISHA,Mohan Das,Pending,Interest Credit - Home Loan - Mar 2021,15456.85,384.35,70030.18
TXN3697376,CUST38885,18-04-2018,UPI,PRD0012,Mutual Fund,94794.47,Mobile App,East Zone,Madhya Pradesh,Sanjay Gupta,Reversed,Penalty Charge - Mutual Fund - Apr 2018,Rs.0,211.43,94583.04
TXN8701056,CUST28904,06-11-2018,Penalty Charge,PRD0017,auto loan,249527.78,POS,East Zone,  Tamil Nadu,Vijay Kumar,Pending,Penalty Charge - Auto Loan - Nov 2018,0,201.41,249326.37
TXN1506832,CUST31534,30-03-2015,Cash Withdrawal,PRD0005,education loan,4592653.46,POS,Central Zone,Rajasthan,Ramesh Yadav,Failed,Cash Withdrawal - Education Loan - Mar 2015,826677.62,346.96,3765628.88
TXN1463407,CUST93478,17-09-2014,UPI,PRD0014,od facility,2635080.22,Internet Banking,South Zone,ANDHRA PRADESH,Deepa Krishnan,Pending,UPI - OD Facility - Sep 2014,0,374.79,2634705.43
TXN1131929,CUST38818,09-Apr-19,UPI,PRD0010,Fixed Deposit,896266.37,Branch,South Zone,Odisha,Kavitha Subramanian,Under Review,UPI - Fixed Deposit - Apr 2019,0,491.97,895774.4
TXN2898047,CUST94489,03-Jun-15,CASH DEPOSIT,PRD0013,Insurance,799968.47,  Mobile App,west zone,Madhya Pradesh,Sanjay Gupta,Pending,Cash Deposit - Insurance - Jun 2015,0,2.66,799965.81
TXN3104511,CUST86344,07-Nov-13,IMPS,PRD0003,  Auto Loan,2099196.61,ATM,East Zone,Punjab,aarav bose,Failed,IMPS - Loan Against Property - Nov 2013,0,0,1721258.12
TXN3881610,CUST13779,17-09-2016,transfer,PRD0001,  Home Loan,931260.76,branch,East Zone,Odisha,Nitin Joshi,Completed,Transfer - Home Loan - Sep 2016,0,Rs.119.1,931141.66
TXN5778772,CUST72505,13-10-2022,EMI Payment,PRD0013,  Insurance,3119096.26,phone banking,South Zone,Madhya Pradesh,Sunita Rao,Pending,EMI Payment - Insurance - Aug 2013,561437.33,123.14,2557535.79
TXN5661636,CUST42487,01-02-2012,CREDIT,PRD0002,Personal Loan,1919961.94,POS,East Zone,Madhya Pradesh,ramesh yadav,Failed,Credit - Personal Loan - Feb 2012,345593.15,450.84,1919961.94
TXN3656490,CUST97151,16-05-2011,Cash Withdrawal,PRD0012,mutual fund,4511977.6,Mobile App,South Zone,andhra pradesh,Vijay Kumar,Completed,Cash Withdrawal - Mutual Fund - May 2011,812155.97,352.58,3699469.05
TXN6391124,CUST34323,03-05-2022,UPI,PRD0009,Savings Account,547751.9,internet banking,North Zone,Haryana,Vijay Kumar,Reversed,UPI - Savings Account - Mar 2022,98595.34,20.72,449135.84
TXN9016589,CUST89988,30-08-2022,UPI,PRD0007,loan against property,859919.47,NEFT/RTGS,East Zone,Telangana,Sanjay Gupta,Pending,UPI - Loan Against Property - Oct 2020,154785.5,292.25,704841.72
TXN5121891,CUST53813,21-04-2010,Debit,PRD0005,Education Loan,1437723.82,POS,Central Zone,Kerala,RAJESH SHARMA,Reversed,Debit - Education Loan - Apr 2010,0,327.56,1437396.26
TXN2456992,CUST86619,24-06-2010,EMI Payment,PRD0010,FIXED DEPOSIT,1911916.33,Branch,NORTH ZONE,  Haryana,Sanjay Gupta,Reversed,EMI Payment - Fixed Deposit - Jun 2010,0,71.78,1911844.55
TXN1208554,CUST16450,29-01-2013,NEFT,PRD0013,Insurance,1295246.56,NEFT/RTGS,West Zone,Karnataka,Vijay Kumar,Reversed,NEFT - Insurance - Jan 2013,0,357.71,1294888.85
TXN2451944,CUST19743,22-08-2025,Cash Deposit,PRD0014,OD Facility,3098802.92,POS,South Zone,Delhi,Vijay Kumar,Failed,Cash Deposit - OD Facility - Aug 2025,557784.53,441.1,2540577.29
TXN5466437,CUST66349,06-03-2012,  Credit,PRD0011,Recurring Deposit,4896274.63,Branch,East Zone,Kerala,Sunita Rao,Failed,Credit - Recurring Deposit - Mar 2021,0,312.91,4895961.72
TXN8572769,CUST62645,25-06-2020,Interest Credit,PRD0011,Recurring Deposit,4392412.1,Mobile App,West Zone,Odisha,ANITA BOSE,Pending,Interest Credit - Recurring Deposit - Jun 2020,790634.18,0,3601339.5
TXN8187437,CUST82140,30-12-2012,Credit,PRD0006,Business Loan,1139854.15,Internet Banking,East Zone,WEST BENGAL,Dhruv Nair,Completed,Credit - Business Loan - Jul 2019,205173.75,122.82,934557.58
TXN6283356,CUST24367,22-11-2020,  EMI Payment,PRD0007,Loan Against Property,1523747.3,Phone Banking,Central Zone,Tamil Nadu,Kavitha Subramanian,Reversed,EMI Payment - Loan Against Property - Nov 2023,0,251.86,1523495.44
TXN4443459,CUST24367,22-11-2020,EMI Payment,PRD0007,Loan Against Property,1523747.3,Phone Banking,Central Zone,Tamil Nadu,Kavitha Subramanian,Completed,EMI Payment - Loan Against Property - Nov 2023,0,251.86,1523495.44
TXN1248806,CUST50166,23-10-2023,UPI,PRD0004,Gold Loan,2901292.88,Internet Banking,Central Zone,Madhya Pradesh,ANITA BOSE,Under Review,UPI - Gold Loan - Oct 2023,522232.72,497.6,2378562.56
TXN1323425,CUST53642,14-07-2018,Interest Credit,PRD0005,Education Loan,3875549.56,  POS,west zone,Rajasthan,Rajesh Sharma,Failed,Interest Credit - Education Loan - Jul 2018,697598.92,31.75,3177918.89
TXN6766997,CUST86397,29-03-2024,cash withdrawal,PRD0011,RECURRING DEPOSIT,2899701.87,Phone Banking,NORTH ZONE,Madhya Pradesh,Priya Nair,Under Review,Cash Withdrawal - Recurring Deposit - Jul 2018,0,126.3,2899575.57
TXN5965761,CUST78679,06-11-2018,CASH WITHDRAWAL,PRD0005,Education Loan,1631581.77,Branch,North Zone,PUNJAB,deepa krishnan,Failed,Cash Withdrawal - Education Loan - Apr 2013,0,329.89,1337567.16
TXN5438623,CUST14791,05-09-2015,EMI Payment,PRD0005,Education Loan,1630654.83,  ATM,South Zone,Rajasthan,ramesh yadav,Reversed,EMI Payment - Education Loan - Sep 2015,293517.87,260.96,Rs.1336876.0
TXN5926528,CUST42631,04-05-2017,Interest Credit,PRD0007,Loan Against Property,665221.59,Phone Banking,east zone,Odisha,Rajesh Sharma,Reversed,Interest Credit - Loan Against Property - Nov 2017,119739.89,349.2,545132.5
TXN7765112,CUST91922,22-10-2022,NEFT,PRD0008,Credit Card,3877426.43,POS,EAST ZONE,Rajasthan,lalita devi,Under Review,NEFT - Credit Card - Aug 2011,697936.76,290.74,3179198.93
TXN5159882,CUST55224,17-05-2011,UPI,PRD0006,Business Loan,2764453.71,ATM,West Zone,Andhra Pradesh,arun mehta,Under Review,UPI - Business Loan - Jul 2021,0,0,2266604.32
TXN8825067,CUST42947,03-11-2016,TRANSFER,PRD0007,Loan Against Property,4200458.83,NEFT/RTGS,North Zone,Haryana,Nitin Joshi,Completed,Transfer - Loan Against Property - Nov 2016,0,0,4200128.16
TXN9700499,CUST26961,09-08-2019,Interest Credit,PRD0004,Gold Loan,Rs.4158338.34,Branch,West Zone,Kerala,Sanjay Gupta,Under Review,Interest Credit - Gold Loan - Aug 2019,0,400.2,4157938.14
TXN5871762,CUST12048,14-09-2012,CREDIT,PRD0014,OD Facility,1548445.65,  Phone Banking,West Zone,Uttar Pradesh,Vijay Kumar,Completed,Credit - OD Facility - Sep 2012,0,158.99,1548286.66
TXN6004139,CUST69139,03-05-2022,  UPI,PRD0017,Auto Loan,1469969.1,Mobile App,West Zone,Uttar Pradesh,Vijay Kumar,Reversed,UPI - Auto Loan - May 2022,0,389.87,1469579.23
TXN5291498,CUST34164,08-10-2017,Debit,PRD0010,Fixed Deposit,2791942.79,MOBILE APP,North Zone,Telangana,Meena Iyer,Completed,Debit - Fixed Deposit - Oct 2017,502549.7,39.53,2289353.56
TXN1404895,CUST39933,23-03-2025,NEFT,PRD0004,GOLD LOAN,1913403.49,Phone Banking,North Zone,Tamil Nadu,Sunita Rao,Under Review,NEFT - Gold Loan - Jul 2021,344412.63,410.38,1913403.49
TXN9509886,CUST49152,09-05-2023,UPI,PRD0001,Home Loan,3843225.25,ATM,North Zone,West Bengal,Arun Mehta,Completed,UPI - Home Loan - Jul 2023,691780.54,496.2,Rs.3150948.51
TXN8630644,CUST31534,18-04-2018,RTGS,PRD0011,Recurring Deposit,4938948.68,internet banking,EAST ZONE,MAHARASHTRA,Sunita Rao,Reversed,RTGS - Recurring Deposit - Jun 2023,0,339.06,4938609.62
TXN7307007,CUST53813,28-12-2021,Interest Credit,PRD0001,Home Loan,1160829.73,Branch,SOUTH ZONE,Tamil Nadu,PRIYA NAIR,Reversed,Interest Credit - Home Loan - Dec 2021,Rs.208949.35,64.87,951815.51
TXN1984860,CUST20040,24-08-2023,EMI Payment,PRD0012,Mutual Fund,3195653.15,Internet Banking,South Zone,Gujarat,Rajesh Sharma,Pending,EMI Payment - Mutual Fund - Aug 2023,575217.57,79.04,2620356.54
TXN5786762,CUST83399,08-02-2022,EMI Payment,PRD0006,Business Loan,2569216.67,branch,NORTH ZONE,Telangana,Ramesh Yadav,Reversed,EMI Payment - Business Loan - Aug 2022,462459,274.01,2569216.67
TXN8531455,CUST98502,12-04-2017,  Transfer,PRD0011,Recurring Deposit,3788968.27,ATM,South Zone,Maharashtra,Sunita Rao,Under Review,Transfer - Recurring Deposit - Dec 2017,0,31.44,3788936.83
TXN8843990,CUST61595,03-06-2024,  Interest Credit,PRD0001,Home Loan,3613548.3,Branch,North Zone,KERALA,NITIN JOSHI,Under Review,Interest Credit - Home Loan - Jun 2024,0,318.61,Rs.3613229.69
TXN2682110,CUST48543,03-06-2024,Transfer,PRD0017,AUTO LOAN,128154.41,Mobile App,West Zone,Rajasthan,sunita rao,Under Review,Transfer - Auto Loan - Nov 2014,23067.79,408.69,104677.93
TXN4997984,CUST83755,31-10-2015,CREDIT,PRD0017,auto loan,2876370.63,Mobile App,North Zone,Haryana,Priya Nair,Pending,Credit - Auto Loan - Jun 2019,0,113.98,2876370.63
TXN7599278,CUST93993,18-05-2013,EMI Payment,PRD0005,Education Loan,Rs.1067613.72,INTERNET BANKING,WEST ZONE,TAMIL NADU,ramesh yadav,Reversed,EMI Payment - Education Loan - May 2013,0,246.38,1067367.34
TXN8209168,CUST50378,06-05-2017,RTGS,PRD0001,Home Loan,3240194.82,ATM,East Zone,West Bengal,Arun Mehta,Failed,RTGS - Home Loan - Sep 2013,583235.07,210.12,2656749.63
TXN9322488,CUST50378,30-09-2013,RTGS,PRD0001,Home Loan,3240194.82,ATM,East Zone,West Bengal,Arun Mehta,Completed,RTGS - Home Loan - Sep 2013,583235.07,210.12,2656749.63
TXN2298335,CUST83308,10-02-2015,IMPS,PRD0010,fixed deposit,2530677.45,branch,Central Zone,Kerala,MOHAN DAS,Failed,IMPS - Fixed Deposit - Jan 2017,0,7.1,2530677.45
TXN2228666,CUST26961,01-01-2025,Cash Deposit,PRD0011,Recurring Deposit,2184968.44,neft/rtgs,South Zone,ODISHA,Amit Patel,Failed,Cash Deposit - Recurring Deposit - May 2014,0,486.08,2184482.36
TXN6132944,CUST73998,29-Mar-25,  NEFT,PRD0003,  Auto Loan,2997492.24,phone banking,WEST ZONE,Uttar Pradesh,rajesh sharma,Reversed,NEFT - Mutual Fund - Mar 2025,539548.6,214.19,2457729.45
TXN7687351,CUST70036,19-09-2015,UPI,PRD0006,Business Loan,3793365.8,atm,North Zone,Gujarat,Amit Patel,failed,UPI - Business Loan - Sep 2015,682805.84,137.3,3110422.66
TXN4915486,CUST23413,07-02-2015,Cash Deposit,PRD0006,Business Loan,4336381.24,NEFT/RTGS,West Zone,Karnataka,Rajesh Sharma,Under Review,Cash Deposit - Business Loan - Jul 2015,0,22.79,3555809.83
TXN9170146,CUST89988,15-Sep-14,Loan Disbursal,PRD0014,OD Facility,1683508.48,Internet Banking,East Zone,West Bengal,Priya Nair,completed,Loan Disbursal - OD Facility - Sep 2014,303031.53,304.7,1380172.25
TXN1743148,CUST24832,09-04-2021,Debit,PRD0004,Gold Loan,1769194.28,pos,South Zone,Kerala,Meena Iyer,Completed,Debit - Gold Loan - Sep 2021,318454.97,420.77,1450318.54
TXN9628571,CUST20040,19-08-2019,Debit,PRD0075,  Education Loan,2852972.42,internet banking,South Zone,Delhi,Amit Patel,Under Review,Debit - Education Loan - Aug 2019,513535.04,321.41,2339115.97
TXN6702336,CUST48543,06-Jun-19,Penalty Charge,PRD0003,  Auto Loan,3114476.3,POS,North Zone,Andhra Pradesh,Mohan Das,Reversed,Penalty Charge - Education Loan - Jun 2019,0,117.78,3114358.52
TXN8468713,CUST24515,20-03-2022,Interest Credit,PRD0008,Credit Card,1569715.75,pos,  North Zone,Telangana,Anita Bose,Reversed,Interest Credit - Credit Card - Mar 2022,282548.83,342.75,1286824.17
TXN1467368,CUST76787,11-01-2022,Interest Credit,PRD0014,OD FACILITY,3691269.63,POS,Central Zone,ODISHA,  Priya Nair,Under Review,Interest Credit - OD Facility - Jun 2013,0,323.52,3690946.11
TXN8325920,CUST57277,01-01-2025,neft,PRD0005,Education Loan,4510649.67,Branch,East Zone,Delhi,Rajesh Sharma,Under Review,NEFT - Education Loan - Jun 2019,811916.94,230.12,3698502.61
TXN9666745,CUST89802,11-09-2014,Loan Disbursal,PRD0012,Mutual Fund,1317405.9,Mobile App,Central Zone,Gujarat,Arun Mehta,Completed,Loan Disbursal - Mutual Fund - Sep 2014,237133.06,38.17,1080234.67
TXN5479677,CUST46935,31-Jul-16,CASH WITHDRAWAL,PRD0007,loan against property,1459966.67,ATM,Central Zone,West Bengal,Nitin Joshi,Pending,Cash Withdrawal - Loan Against Property - Jul 2016,262794,380.64,1196792.03
TXN2488612,CUST80047,01-02-2015,Interest Credit,PRD0009,Savings Account,4608872.41,NEFT/RTGS,South Zone,Uttar Pradesh,Anita Bose,Reversed,Interest Credit - Savings Account - Feb 2015,829597.03,150.04,3779125.34
TXN1049281,CUST69892,30-08-2022,Transfer,PRD0001,Home Loan,4487850.45,Branch,north zone,Telangana,Sanjay Gupta,Failed,Transfer - Home Loan - Aug 2022,807813.08,322.77,3679714.6
TXN1496104,CUST73505,06-Jul-22,RTGS,PRD0003,  Auto Loan,2925920.1,NEFT/RTGS,south zone,andhra pradesh,Priya Nair,Reversed,RTGS - Mutual Fund - Jul 2022,Rs.0,207.81,2925712.29
TXN3754895,CUST33281,05-06-2017,CREDIT,PRD0012,Mutual Fund,469389.84,Phone Banking,Central Zone,west bengal,Priya Nair,Under Review,Credit - Mutual Fund - May 2017,84490.17,152.21,384747.46
TXN7007642,CUST33281,07-01-2019,Credit,PRD0012,Mutual Fund,469389.84,Phone Banking,Central Zone,West Bengal,Priya Nair,Completed,Credit - Mutual Fund - May 2017,84490.17,152.21,384747.46
TXN5407512,CUST15546,01-02-2013,Loan Disbursal,PRD0002,Personal Loan,3039475.84,Branch,Central Zone,Delhi,Meena Iyer,Failed,Loan Disbursal - Personal Loan - Jan 2010,0,371.48,3039104.36
TXN8683770,CUST96754,01-03-2024,cash deposit,PRD0009,Savings Account,2948432.32,Mobile App,  North Zone,DELHI,  Amit Patel,Failed,Cash Deposit - Savings Account - Jun 2025,530717.82,6.98,2417707.52
TXN1760633,CUST90135,01-06-2017,Penalty Charge,PRD0011,Recurring Deposit,3154493.61,mobile app,EAST ZONE,rajasthan,Amit Patel,Reversed,Penalty Charge - Recurring Deposit - Jun 2017,0,419.47,3154074.14
TXN5853247,CUST93993,10-Sep-11,Credit,PRD0017,auto loan,Rs.2018877.25,ATM,north zone,Maharashtra,MEENA IYER,Pending,Credit - Auto Loan - Sep 2011,363397.9,369.27,1655110.08
TXN4228659,CUST38885,11-12-2017,Transfer,PRD0011,Recurring Deposit,1818404.18,  ATM,North Zone,Rajasthan,Nitin Joshi,Failed,Transfer - Recurring Deposit - Oct 2014,327312.75,366.47,1490724.96
TXN7048575,CUST50037,10-06-2025,Cash Deposit,PRD0010,Fixed Deposit,4151972.27,Mobile App,North Zone,  Rajasthan,Meena Iyer,Reversed,Cash Deposit - Fixed Deposit - Jun 2025,747355.01,191.82,3404425.44
TXN7840442,CUST76935,09-08-2015,rtgs,PRD0013,Insurance,4403540.23,  POS,East Zone,Telangana,Kavitha Subramanian,Reversed,RTGS - Insurance - Aug 2015,792637.24,101.27,3610801.72
TXN2294596,CUST45785,25-04-2010,Interest Credit,PRD0002,Personal Loan,Rs.4302290.43,NEFT/RTGS,North Zone,Telangana,priya nair,Pending,Interest Credit - Personal Loan - Oct 2018,0,257.63,4302032.8
TXN8415891,CUST72459,03-12-2024,Interest Credit,PRD0017,Auto Loan,3212400.16,Phone Banking,CENTRAL ZONE,tamil nadu,Anita Bose,Failed,Interest Credit - Auto Loan - Mar 2024,578232.03,Rs.421.22,2633746.91
TXN4702289,CUST34435,24-10-2022,credit,PRD0002,Personal Loan,524843.86,ATM,South Zone,Karnataka,Meena Iyer,Pending,Credit - Personal Loan - Oct 2022,94471.89,200.68,430171.29
TXN2529090,CUST79228,01-10-2024,Credit,PRD0007,Loan Against Property,Rs.4876610.25,POS,  Central Zone,Punjab,Ramesh Yadav,Failed,Credit - Loan Against Property - Oct 2024,877789.84,12.46,3998807.95
TXN9020438,CUST78740,11-03-2022,Debit,PRD0011,Recurring Deposit,2428574.49,POS,SOUTH ZONE,Karnataka,MOHAN DAS,Pending,Debit - Recurring Deposit - Mar 2022,437143.41,39.92,1991391.16
TXN4575673,CUST62761,30-04-2018,cash deposit,PRD0007,loan against property,4245741.23,Mobile App,WEST ZONE,West Bengal,VIJAY KUMAR,Under Review,Cash Deposit - Loan Against Property - Aug 2019,764233.42,35.87,3481471.94
TXN9335728,CUST18694,17-06-2011,Debit,PRD0005,Education Loan,10581.98,neft/rtgs,East Zone,Gujarat,Deepa Krishnan,Under Review,Debit - Education Loan - Jun 2011,0,233.27,10348.71
TXN7781473,CUST84107,07-03-2010,RTGS,PRD0013,Insurance,1808445.66,Mobile App,east zone,West Bengal,Sanjay Gupta,Completed,RTGS - Insurance - Mar 2010,325520.22,331.67,Rs.1482593.77
TXN7839128,CUST60738,22-02-2015,cash withdrawal,PRD0004,Gold Loan,Rs.3600715.16,Branch,South Zone,  Gujarat,amit patel,Pending,Cash Withdrawal - Gold Loan - Feb 2015,648128.73,74.04,2952512.39
TXN3443079,CUST69151,18-10-2019,  RTGS,PRD0013,Insurance,2653297.73,Internet Banking,North Zone,Odisha,Nitin Joshi,Failed,RTGS - Insurance - Oct 2019,477593.59,319.78,2175384.36
TXN3162462,CUST90117,11-07-2016,Cash Deposit,PRD0001,Home Loan,425469.75,POS,Central Zone,Punjab,Mohan Das,Failed,Transfer - Home Loan - Sep 2023,76584.55,192.76,348692.44
TXN6134852,CUST46915,06-01-2010,Credit,PRD0013,INSURANCE,2723883.92,Mobile App,Central Zone,Tamil Nadu,Mohan Das,Reversed,Credit - Insurance - Jan 2010,0,301.37,2723582.55
TXN1343860,CUST23555,11-May-24,EMI Payment,PRD0005,Education Loan,2394813.7,  ATM,Central Zone,Kerala,amit patel,Failed,EMI Payment - Education Loan - May 2024,0,198.88,2394614.82
TXN1483087,CUST49838,09-09-2013,cash deposit,PRD0017,AUTO LOAN,2815716.41,ATM,South Zone,Maharashtra,Vijay Kumar,Pending,Cash Deposit - Auto Loan - Sep 2013,506828.95,30.72,2308856.74
TXN7832871,CUST47594,13-12-2013,UPI,PRD0009,Savings Account,884578.87,Branch,South Zone,GUJARAT,Lalita Devi,Pending,UPI - Savings Account - Dec 2013,0,191.22,884387.65
TXN1363711,CUST34697,11-10-2010,NEFT,PRD0012,Mutual Fund,3240331.31,ATM,West Zone,  Karnataka,Amit Patel,Failed,NEFT - Mutual Fund - Feb 2014,0,188.29,3240143.02
TXN2984236,CUST90135,20-10-2011,UPI,PRD0005,Education Loan,1764042.43,NEFT/RTGS,North Zone,KERALA,MOHAN DAS,Reversed,UPI - Education Loan - Oct 2011,0,487.02,1764042.43
TXN9016545,CUST76787,11-01-2022,EMI Payment,PRD0007,Loan Against Property,1676830.53,INTERNET BANKING,SOUTH ZONE,Tamil Nadu,Ramesh Yadav,Failed,EMI Payment - Loan Against Property - Nov 2020,301829.5,177.87,1374823.16
TXN9425599,CUST38110,14-10-2015,Penalty Charge,PRD0007,Loan Against Property,3063222.72,Internet Banking,central zone,West Bengal,Kavitha Subramanian,Pending,Penalty Charge - Loan Against Property - Oct 2015,551380.09,329.56,2511513.07
TXN5175968,CUST38748,07-11-2020,Interest Credit,PRD0014,OD Facility,3363369.78,  ATM,west zone,Odisha,Lalita Devi,Reversed,Interest Credit - OD Facility - Jul 2020,0,130.09,3363239.69
TXN4882500,CUST18694,10-07-2025,upi,PRD0006,business loan,109413.64,ATM,South Zone,Kerala,Vijay Kumar,Pending,IMPS - Business Loan - May 2025,0,433.24,109413.64
TXN4861750,CUST84873,30-08-2022,Cash Withdrawal,PRD0010,Fixed Deposit,670204.87,Mobile App,Central Zone,West Bengal,RAMESH YADAV,Pending,Cash Withdrawal - Fixed Deposit - Mar 2013,0,96.53,670108.34
TXN9445311,CUST58140,04-08-2014,Transfer,PRD0005,Education Loan,1938797.42,Mobile App,Central Zone,Madhya Pradesh,SUNITA RAO,Reversed,Transfer - Education Loan - Aug 2014,0,106.26,1938691.16
TXN2570040,CUST47416,06-06-2012,EMI Payment,PRD0010,FIXED DEPOSIT,1871314.99,Phone Banking,North Zone,PUNJAB,Priya Nair,Completed,EMI Payment - Fixed Deposit - Jun 2012,0,145.89,1871169.1
TXN9007963,CUST35153,03-May-24,Interest Credit,PRD0008,CREDIT CARD,1761641.92,Branch,North Zone,Delhi,  Lalita Devi,Under Review,Interest Credit - Credit Card - May 2024,317095.55,461.09,1444085.28
TXN8885674,CUST89954,22-11-2024,  Penalty Charge,PRD0014,OD Facility,2192984.38,pos,Central Zone,  Haryana,Sunita Rao,Reversed,Penalty Charge - OD Facility - Nov 2024,394737.19,206.91,1798040.28
TXN6540690,CUST30286,09-01-2014,Loan Disbursal,PRD0014,OD Facility,4645188.19,ATM,west zone,Telangana,Lalita Devi,failed,Loan Disbursal - OD Facility - Sep 2014,836133.87,437.49,4645188.19
TXN8917191,CUST98208,29-09-2013,Credit,PRD0012,Mutual Fund,3194723.39,  ATM,SOUTH ZONE,andhra pradesh,arun mehta,Reversed,Credit - Mutual Fund - Sep 2013,0,396.68,3194326.71
TXN8500007,CUST36013,12-Sep-12,UPI,PRD0002,PERSONAL LOAN,3095408.3,Phone Banking,WEST ZONE,haryana,Mohan Das,completed,UPI - Personal Loan - Sep 2012,0,291.28,3095117.02
TXN2480480,CUST26936,24-06-2010,upi,PRD0002,Personal Loan,1292234.44,POS,NORTH ZONE,Haryana,Deepa Krishnan,Pending,UPI - Personal Loan - Jun 2010,232602.2,142.26,1059489.98
TXN4473152,CUST60079,02-08-2020,Debit,PRD0008,Credit Card,3000814.96,Branch,Central Zone,Uttar Pradesh,Sanjay Gupta,Reversed,Debit - Credit Card - Aug 2020,540146.69,409.1,2460259.17
TXN1660983,CUST15546,01-04-2022,IMPS,PRD0001,  Home Loan,4402958.36,NEFT/RTGS,South Zone,  Punjab,Rajesh Sharma,Failed,IMPS - Home Loan - Apr 2022,792532.5,Rs.24.81,Rs.3610401.05
TXN1879381,CUST96754,22-07-2012,NEFT,PRD0014,OD Facility,2943427.09,Branch,West Zone,Telangana,Arun Mehta,Failed,NEFT - OD Facility - Jul 2012,0,Rs.404.77,2943022.32
TXN8198924,CUST62797,25-06-2011,Interest Credit,PRD0002,Personal Loan,4265321.06,PHONE BANKING,Central Zone,Madhya Pradesh,Vijay Kumar,Reversed,Interest Credit - Personal Loan - Apr 2020,0,490.7,4264830.36
TXN1482875,CUST39762,17-05-2025,Debit,PRD0012,Mutual Fund,2027977.47,ATM,West Zone,rajasthan,Kavitha Subramanian,Pending,Debit - Mutual Fund - Mar 2012,365035.94,239.36,1662702.17
TXN4141723,CUST90117,27-05-2020,NEFT,PRD0011,Recurring Deposit,Rs.3380053.52,NEFT/RTGS,Central Zone,Kerala,Geeta Sharma,Failed,NEFT - Recurring Deposit - May 2020,608409.63,291.87,2771352.02
TXN4162018,CUST66431,31-Jan-12,Transfer,PRD0002,Personal Loan,2951361.38,Phone Banking,West Zone,Gujarat,  Meena Iyer,Completed,Transfer - Personal Loan - Jan 2012,0,220.7,2419895.63
TXN2070518,CUST16450,26-06-2024,Penalty Charge,PRD0009,Savings Account,Rs.1028205.4,BRANCH,East Zone,West Bengal,Amit Patel,Under Review,Penalty Charge - Savings Account - Oct 2022,0,11.48,4178136.54
TXN5836541,CUST42662,26-May-24,UPI,PRD0096,  Mutual Fund,1633494.47,Phone Banking,North Zone,Haryana,Nitin Joshi,Under Review,UPI - Mutual Fund - May 2024,0,152.54,1633341.93
TXN6925271,CUST65215,02-02-2013,Penalty Charge,PRD0003,  Auto Loan,3150090.29,Phone Banking,West Zone,Rajasthan,  Sunita Rao,Under Review,Penalty Charge - Savings Account - Sep 2019,0,414.94,3149675.35
TXN1999475,CUST15965,15-09-2013,Credit,PRD0012,Mutual Fund,2979605.61,POS,West Zone,UTTAR PRADESH,DEEPA KRISHNAN,Reversed,Credit - Mutual Fund - Sep 2013,0,4.1,Rs.2979601.51
TXN6762918,CUST66346,01-03-2024,  Transfer,PRD0011,Recurring Deposit,4797127.52,branch,South Zone,Uttar Pradesh,Meena Iyer,Reversed,Transfer - Recurring Deposit - Feb 2015,0,69.63,4797057.89
TXN1857526,CUST74828,17-04-2017,CASH DEPOSIT,PRD0006,Business Loan,1117610.53,Internet Banking,East Zone,Telangana,meena iyer,Reversed,Cash Deposit - Business Loan - Jul 2016,201169.9,40.12,916400.51
TXN8099755,CUST31660,29-02-2020,UPI,PRD0012,Mutual Fund,4347505.25,  ATM,West Zone,Madhya Pradesh,Vijay Kumar,Under Review,UPI - Mutual Fund - Apr 2012,782550.94,212.16,3564742.15
TXN8025845,CUST95789,21-02-2015,RTGS,PRD0004,GOLD LOAN,4019243.16,Internet Banking,south zone,madhya pradesh,Vijay Kumar,Under Review,RTGS - Gold Loan - Feb 2015,0,265.51,4018977.65
TXN5785492,CUST18807,16-09-2016,EMI Payment,PRD0005,Education Loan,Rs.4476552.95,POS,South Zone,Andhra Pradesh,Ramesh Yadav,Failed,EMI Payment - Education Loan - Sep 2016,805779.53,441.47,3670331.95
TXN9206940,CUST80972,27-Nov-18,NEFT,PRD0014,OD Facility,778521.16,Branch,Central Zone,Kerala,Sunita Rao,Failed,NEFT - OD Facility - Nov 2018,140133.81,37.76,638349.59
TXN5094241,CUST61721,07-Oct-17,CASH WITHDRAWAL,PRD0003,  Auto Loan,3064782.6,Internet Banking,East Zone,Haryana,Ramesh Yadav,Failed,Cash Withdrawal - Credit Card - Oct 2017,0,85.05,3064697.55
TXN6260866,CUST34420,08-01-2013,EMI Payment,PRD0004,GOLD LOAN,1404445.99,Branch,CENTRAL ZONE,Karnataka,Vijay Kumar,Under Review,EMI Payment - Gold Loan - Aug 2013,252800.28,49.27,1151596.44
TXN4090149,CUST26547,17-02-2011,Cash Deposit,PRD0001,Home Loan,1768264.14,  ATM,North Zone,Uttar Pradesh,Nitin Joshi,Reversed,Credit - Home Loan - Feb 2011,0,456.66,1767807.48
TXN4121642,CUST77559,26-02-2025,Cash Deposit,PRD0007,Loan Against Property,Rs.391697.58,  ATM,North Zone,West Bengal,Kavitha Subramanian,Pending,Cash Deposit - Loan Against Property - Feb 2025,70505.56,207.64,320984.38
TXN7559594,CUST29215,28-08-2016,Transfer,PRD0007,  Loan Against Property,2471448.24,Internet Banking,SOUTH ZONE,Haryana,Rajesh Sharma,Reversed,Transfer - Loan Against Property - Aug 2016,0,55.22,2471393.02
TXN4689130,CUST29482,06-02-2016,NEFT,PRD0011,Recurring Deposit,4602710.31,Internet Banking,South Zone,RAJASTHAN,kavitha subramanian,Pending,NEFT - Recurring Deposit - Oct 2011,0,288.33,4602421.98
TXN1896378,CUST12048,05-Sep-21,cash deposit,PRD0014,od facility,1673661.72,ATM,Central Zone,Telangana,Kavitha Subramanian,Reversed,Cash Deposit - OD Facility - Sep 2021,0,416.32,1673245.4
TXN7844007,CUST83566,29-Dec-13,Debit,PRD0014,OD Facility,841230.72,ATM,East Zone,Gujarat,  Deepa Krishnan,Completed,Debit - OD Facility - Dec 2013,0,376.65,840854.07
TXN4262664,CUST24515,26-10-2021,UPI,PRD0002,Personal Loan,4187974.04,Branch,Central Zone,West Bengal,anita bose,Completed,UPI - Personal Loan - Oct 2021,753835.33,289.2,3433849.51
TXN5568923,CUST21053,07-01-2011,NEFT,PRD0014,od facility,3502969.13,Internet Banking,CENTRAL ZONE,Gujarat,  Mohan Das,Failed,NEFT - OD Facility - Jul 2011,0,421.52,3502547.61
TXN1774125,CUST55075,04-06-2020,Penalty Charge,PRD0010,Fixed Deposit,3478969.71,Mobile App,  Central Zone,Gujarat,Arun Mehta,Completed,Penalty Charge - Fixed Deposit - Jun 2020,626214.55,Rs.138.78,2852616.38
TXN3864474,CUST58931,18-05-2011,Loan Disbursal,PRD0014,OD Facility,470741.06,POS,South Zone,Telangana,Nitin Joshi,Pending,Loan Disbursal - OD Facility - May 2011,0,456.18,385551.49
TXN9636136,CUST94018,11-04-2021,DEBIT,PRD0011,Recurring Deposit,4899383.69,ATM,north zone,Uttar Pradesh,LALITA DEVI,Failed,Debit - Recurring Deposit - Dec 2022,881889.06,154.46,4017340.17
TXN9057843,CUST51116,20-11-2013,Penalty Charge,PRD0012,Mutual Fund,2164194.76,  NEFT/RTGS,west zone,Odisha,Lalita Devi,Pending,Penalty Charge - Mutual Fund - Nov 2013,0,284.92,2163909.84
TXN5317688,CUST38818,25-09-2023,Interest Credit,PRD0008,Credit Card,Rs.513086.83,NEFT/RTGS,West Zone,Telangana,Sanjay Gupta,Reversed,Interest Credit - Credit Card - Sep 2023,92355.63,18.64,420712.56
TXN8162529,CUST91922,19-07-2020,Penalty Charge,PRD0010,Fixed Deposit,1417254.46,Internet Banking,Central Zone,Gujarat,Priya Nair,failed,Penalty Charge - Fixed Deposit - Jul 2020,255105.8,22.4,1417254.46
TXN8268397,CUST83716,10-03-2011,Debit,PRD0001,Home Loan,4231473.52,POS,NORTH ZONE,West Bengal,Priya Nair,Under Review,Debit - Home Loan - Aug 2010,0,107.45,4231366.07
TXN1312837,CUST86397,03-05-2019,Interest Credit,PRD0005,Education Loan,3797464.16,Branch,East Zone,punjab,Nitin Joshi,Pending,Interest Credit - Education Loan - Mar 2019,683543.55,353.7,3113566.91
TXN2196967,CUST72394,18-03-2012,UPI,PRD0007,LOAN AGAINST PROPERTY,3779502.88,POS,East Zone,PUNJAB,Lalita Devi,Under Review,UPI - Loan Against Property - Jun 2015,0,203.6,3779299.28
TXN4627819,CUST58688,10-09-2015,  Penalty Charge,PRD0006,BUSINESS LOAN,733831.6,INTERNET BANKING,West Zone,Haryana,Sunita Rao,Under Review,Penalty Charge - Business Loan - Sep 2015,132089.69,140.63,601601.28
TXN6253981,CUST74174,03-11-2023,Cash Withdrawal,PRD0001,Home Loan,3071458.91,POS,SOUTH ZONE,  Odisha,Deepa Krishnan,Failed,Cash Withdrawal - Home Loan - Feb 2021,552862.6,247.9,2518348.41
TXN6169486,CUST36041,26-07-2020,Interest Credit,PRD0008,Credit Card,999006.39,Branch,  East Zone,Karnataka,Nitin Joshi,SUCCESS,Interest Credit - Credit Card - Jul 2020,0,325.87,998680.52
TXN1226136,CUST94489,06-May-11,Loan Disbursal,PRD0001,Home Loan,2332342.03,Phone Banking,  North Zone,Kerala,Priya Nair,Under Review,Loan Disbursal - Home Loan - May 2011,0,407.47,Rs.2331934.56
TXN8743662,CUST54573,21-04-2013,PENALTY CHARGE,PRD0010,FIXED DEPOSIT,1999776.48,  ATM,West Zone,Andhra Pradesh,Arun Mehta,Failed,Penalty Charge - Fixed Deposit - Apr 2013,0,7.91,1999768.57
TXN9924373,CUST58688,26-11-2017,Credit,PRD0007,loan against property,Rs.1541980.8,Mobile App,South Zone,West Bengal,Sunita Rao,Reversed,Credit - Loan Against Property - May 2022,277556.54,45.14,1264379.12
TXN4418978,CUST50988,20-12-2017,Interest Credit,PRD0004,Gold Loan,382236.15,NEFT/RTGS,NORTH ZONE,Delhi,Amit Patel,Reversed,Interest Credit - Gold Loan - Dec 2017,68802.51,97.8,313335.84
TXN8729524,CUST98488,12-11-2014,NEFT,PRD0013,Insurance,889483.71,pos,North Zone,Delhi,Lalita Devi,Completed,NEFT - Insurance - Dec 2014,160107.07,381.1,728995.54
TXN7737350,CUST92203,26-01-2022,EMI PAYMENT,PRD0004,Gold Loan,419695.37,NEFT/RTGS,East Zone,Gujarat,Sunita Rao,Completed,EMI Payment - Gold Loan - Mar 2011,0,160.36,419535.01
TXN5477850,CUST81646,23-04-2012,Credit,PRD0017,Auto Loan,2085171.73,NEFT/RTGS,central zone,Karnataka,MOHAN DAS,Reversed,Credit - Auto Loan - Apr 2012,375330.91,485.85,1709354.97
TXN9876458,CUST69566,09-03-2021,loan disbursal,PRD0011,RECURRING DEPOSIT,2483098.45,Phone Banking,North Zone,Odisha,kavitha subramanian,Pending,Loan Disbursal - Recurring Deposit - Feb 2010,446957.72,284.35,2035856.38
TXN1387017,CUST34896,17-06-2016,RTGS,PRD0017,Auto Loan,4738651.93,ATM,West Zone,Maharashtra,Rajesh Sharma,Pending,RTGS - Auto Loan - Jun 2016,852957.35,86.75,3885607.83
TXN9256688,CUST42441,04-Oct-23,cash withdrawal,PRD0009,Savings Account,2214266.15,ATM,West Zone,Gujarat,KAVITHA SUBRAMANIAN,Pending,Cash Withdrawal - Savings Account - Oct 2023,0,118.83,2214147.32
TXN6413204,CUST91167,25-08-2011,Cash Withdrawal,PRD0004,Gold Loan,842857.97,NEFT/RTGS,East Zone,Kerala,Vijay Kumar,Failed,Cash Withdrawal - Gold Loan - Aug 2011,151714.43,376.74,690766.8
TXN3503994,CUST35032,25-07-2013,Interest Credit,PRD0017,Auto Loan,3871604.69,NEFT/RTGS,South Zone,TELANGANA,Anita Bose,Under Review,Interest Credit - Auto Loan - Jul 2013,696888.84,82.37,3174633.48
TXN4366618,CUST65640,05-Feb-24,Interest Credit,PRD0008,Credit Card,4486166.94,NEFT/RTGS,East Zone,Madhya Pradesh,Lalita Devi,Under Review,Interest Credit - Credit Card - Feb 2024,807510.05,251.47,3678405.42
TXN7766294,CUST95789,18-04-2018,NEFT,PRD0009,Savings Account,2134126.24,NEFT/RTGS,  North Zone,Maharashtra,Lalita Devi,Pending,NEFT - Savings Account - Aug 2014,0,252.16,1749731.36
TXN9491800,CUST93287,11-02-2010,Loan Disbursal,PRD0001,Home Loan,41029.26,Internet Banking,East Zone,Delhi,Arun Mehta,Pending,Loan Disbursal - Home Loan - Feb 2010,7385.27,427.17,33216.82
TXN2056402,CUST71875,20-12-2019,IMPS,PRD0010,Fixed Deposit,766208.46,  POS,East Zone,Andhra Pradesh,sanjay gupta,Pending,IMPS - Fixed Deposit - Dec 2019,0,462.74,765745.72
TXN1042407,CUST25162,14-09-2017,NEFT,PRD0009,Savings Account,3883919.27,branch,west zone,Andhra Pradesh,Anita Bose,Under Review,NEFT - Savings Account - Sep 2017,699105.47,390.64,3184423.16
TXN1615730,CUST37021,20-Nov-25,Interest Credit,PRD0001,home loan,1631055.13,NEFT/RTGS,EAST ZONE,Kerala,Ramesh Yadav,Pending,Interest Credit - Home Loan - Nov 2025,293589.92,417.67,1337047.54
TXN8631186,CUST55220,14-Oct-24,UPI,PRD0004,Gold Loan,1439038.16,Mobile App,North Zone,Delhi,anita bose,Pending,UPI - Gold Loan - Oct 2024,259026.87,268.28,1179743.01
TXN6056852,CUST78679,06-11-2018,interest credit,PRD0008,Credit Card,4639866.25,Branch,West Zone,Punjab,Sanjay Gupta,Under Review,Interest Credit - Credit Card - Dec 2010,835175.92,448.96,3804241.37
TXN6705019,CUST96200,01-10-2012,IMPS,PRD0009,Savings Account,1084152.13,MOBILE APP,West Zone,Gujarat,RAJESH SHARMA,Pending,IMPS - Savings Account - Oct 2012,195147.38,95.48,888909.27
TXN8468706,CUST95200,22-05-2015,emi payment,PRD0011,Recurring Deposit,1765026.48,Internet Banking,WEST ZONE,Madhya Pradesh,Deepa Krishnan,Failed,EMI Payment - Recurring Deposit - May 2015,317704.77,336.9,1446984.81
TXN7946545,CUST15486,30-03-2015,Debit,PRD0013,Insurance,Rs.4753494.91,Mobile App,North Zone,Telangana,Sunita Rao,Completed,Debit - Insurance - Oct 2025,0,486.7,4753008.21
TXN3118220,CUST75494,17-09-2014,emi payment,PRD0017,Auto Loan,3983921.1,Internet Banking,East Zone,  Karnataka,Ramesh Yadav,Pending,EMI Payment - Auto Loan - Oct 2024,717105.8,433.37,3266381.93
TXN4587458,CUST51116,09-04-2019,EMI PAYMENT,PRD0008,Credit Card,2556291.39,BRANCH,East Zone,  Punjab,AMIT PATEL,SUCCESS,EMI Payment - Credit Card - Apr 2011,460132.45,412.76,2095746.18
TXN5883509,CUST73998,03-06-2015,Credit,PRD0008,Credit Card,3661706.69,Branch,West Zone,rajasthan,Sanjay Gupta,Reversed,Credit - Credit Card - Jun 2012,0,118.62,3661588.07
TXN8204131,CUST73998,10-05-2025,Debit,PRD0005,EDUCATION LOAN,2944317.25,Branch,NORTH ZONE,Rajasthan,Meena Iyer,Completed,Debit - Education Loan - May 2025,0,304.61,2944012.64
TXN2123816,CUST34673,03-01-2019,RTGS,PRD0004,GOLD LOAN,4506690.49,NEFT/RTGS,East Zone,Tamil Nadu,AMIT PATEL,Completed,RTGS - Gold Loan - Jan 2019,0,70.3,4506620.19
TXN6790843,CUST23538,07-03-2022,TRANSFER,PRD0001,Home Loan,3672155.99,Mobile App,north zone,Maharashtra,Amit Patel,Failed,Transfer - Home Loan - Mar 2022,660988.08,43.39,3011124.52
TXN4889949,CUST49703,22-Aug-18,RTGS,PRD0003,  Auto Loan,2776625.47,Mobile App,South Zone,Delhi,DEEPA KRISHNAN,Under Review,RTGS - Recurring Deposit - Aug 2018,499792.58,57.65,2276775.24
TXN9386469,CUST81657,18-12-2021,Interest Credit,PRD0005,Education Loan,581993.81,Branch,Central Zone,Uttar Pradesh,vijay kumar,Reversed,Interest Credit - Education Loan - Dec 2021,0,293.32,581700.49
TXN8739912,CUST84912,12-07-2022,NEFT,PRD0009,Savings Account,3951349.17,Internet Banking,West Zone,Tamil Nadu,  Ramesh Yadav,Failed,NEFT - Savings Account - Dec 2022,711242.85,0,3239852.87
TXN8654021,CUST25300,09-03-2022,Interest Credit,PRD0010,Fixed Deposit,2342202.71,phone banking,south zone,PUNJAB,Lalita Devi,Reversed,Interest Credit - Fixed Deposit - Sep 2022,0,203.13,2341999.58
TXN6767836,CUST27705,07-11-2013,Penalty Charge,PRD0005,Education Loan,113277.06,ATM,North Zone,Andhra Pradesh,Anita Bose,Pending,Penalty Charge - Education Loan - Jun 2018,20389.87,487.16,92400.03
TXN4855156,CUST27705,23-06-2018,Penalty Charge,PRD0005,Education Loan,113277.06,ATM,North Zone,Andhra Pradesh,Anita Bose,Completed,Penalty Charge - Education Loan - Jun 2018,20389.87,487.16,92400.03
TXN7075197,CUST84838,15-Mar-19,Transfer,PRD0005,Education Loan,2647271.71,  Branch,south zone,Gujarat,DEEPA KRISHNAN,Pending,Transfer - Education Loan - Mar 2019,0,151.34,2647120.37
TXN3209870,CUST30286,25-08-2021,cash deposit,PRD0013,Insurance,2829518.52,  Phone Banking,South Zone,West Bengal,Aditya Sharma,Completed,Cash Deposit - Insurance - Aug 2021,509313.33,413.18,2319792.01
TXN3671115,CUST69139,09-03-2016,RTGS,PRD0012,Mutual Fund,3760846.39,  ATM,west zone,Haryana,meena iyer,Reversed,RTGS - Mutual Fund - Sep 2016,676952.35,135.8,3083758.24
TXN4383346,CUST96752,16-06-2022,interest credit,PRD0010,Fixed Deposit,2538689.21,ATM,SOUTH ZONE,tamil nadu,Kavitha Subramanian,Completed,Interest Credit - Fixed Deposit - Jun 2022,456964.06,267.45,2081457.7
TXN6919532,CUST98208,10-01-2016,EMI Payment,PRD0004,Gold Loan,3525307.33,POS,North Zone,WEST BENGAL,Anita Bose,Reversed,EMI Payment - Gold Loan - Jan 2016,634555.32,425.5,2890326.51
TXN7912974,CUST42487,18-Jul-25,Transfer,PRD0007,Loan Against Property,1729462.25,Branch,Central Zone,Telangana,sunita rao,Under Review,Transfer - Loan Against Property - Jul 2025,311303.21,150.19,1418008.85
TXN1721598,CUST19743,23-Dec-21,NEFT,PRD0017,AUTO LOAN,4578989.63,branch,South Zone,Madhya Pradesh,vijay kumar,Pending,NEFT - Auto Loan - Dec 2021,Rs.0,320.35,4578669.28
TXN1983940,CUST82973,20-07-2012,RTGS,PRD0002,PERSONAL LOAN,Rs.1028205.4,ATM,North Zone,Delhi,Kavitha Subramanian,Pending,RTGS - Personal Loan - Jul 2012,0,92.17,1660680.53
TXN7969901,CUST97755,08-04-2015,Cash Deposit,PRD0012,MUTUAL FUND,3937689.38,Phone Banking,North Zone,Odisha,Meena Iyer,Pending,Cash Deposit - Mutual Fund - Aug 2015,0,9.94,3937679.44
TXN3953395,CUST69998,27-10-2025,debit,PRD0004,Gold Loan,2003061.48,  ATM,South Zone,Kerala,Kavitha Subramanian,Reversed,Debit - Gold Loan - Oct 2025,0,367.35,2002694.13
TXN4899754,CUST54742,21-Jan-14,upi,PRD0006,Business Loan,3145541.94,PHONE BANKING,South Zone,Punjab,Rajesh Sharma,Completed,EMI Payment - Business Loan - Jan 2014,0,211.55,3145330.39
TXN1877905,CUST64651,27-10-2018,Transfer,PRD0017,Auto Loan,4476857.15,Phone Banking,East Zone,Punjab,Meena Iyer,Under Review,Transfer - Auto Loan - Oct 2018,805834.29,39.35,3670983.51
TXN9324479,CUST86619,27-Jul-24,Penalty Charge,PRD0002,Personal Loan,2161497.37,Internet Banking,SOUTH ZONE,TAMIL NADU,ramesh yadav,COMPLETED,Penalty Charge - Personal Loan - Jul 2024,389069.53,138.83,1772289.01
TXN4620051,CUST16914,17-09-2016,Credit,PRD0007,Loan Against Property,4564563.07,POS,Central Zone,maharashtra,Rajesh Sharma,Reversed,Credit - Loan Against Property - Jun 2012,821621.35,458.23,Rs.3742483.49
TXN7405699,CUST41696,13-12-2013,upi,PRD0007,Loan Against Property,2784243.3,Phone Banking,  West Zone,Tamil Nadu,  Deepa Krishnan,Pending,UPI - Loan Against Property - Dec 2013,501163.79,6.02,2283073.49
TXN5765662,CUST49708,29-Nov-15,EMI Payment,PRD0009,savings account,2058574.71,Branch,  West Zone,Uttar Pradesh,DEEPA KRISHNAN,Reversed,EMI Payment - Savings Account - Nov 2015,370543.45,471.91,1687559.35
TXN4589117,CUST27865,03-09-2025,Cash Deposit,PRD0013,insurance,3517677.52,ATM,South Zone,Rajasthan,Rajesh Sharma,Under Review,Cash Deposit - Insurance - Mar 2025,633181.95,189.26,2884306.31
TXN9321087,CUST95200,17-09-2014,CASH DEPOSIT,PRD0003,  Auto Loan,1184889.33,POS,South Zone,West Bengal,Vijay Kumar,Pending,Cash Deposit - Recurring Deposit - Jun 2018,213280.08,107.28,971501.97
TXN7334944,CUST90868,04-02-2010,Interest Credit,PRD0017,Auto Loan,776436.86,PHONE BANKING,West Zone,gujarat,Rajesh Sharma,Pending,Interest Credit - Auto Loan - Feb 2010,0,124.91,636553.32
TXN3132211,CUST29482,03-02-2023,Cash Withdrawal,PRD0009,Savings Account,1469917.47,Mobile App,Central Zone,West Bengal,Rajesh Sharma,Failed,Cash Withdrawal - Savings Account - Feb 2023,264585.14,399.83,1204932.5
TXN3558518,CUST64396,22-09-2012,Penalty Charge,PRD0011,Recurring Deposit,3156676.6,Phone Banking,East Zone,Karnataka,Nitin Joshi,Under Review,Penalty Charge - Recurring Deposit - Sep 2012,0,124.27,3156552.33
TXN2170387,CUST73941,21-03-2010,Debit,PRD0003,  Auto Loan,4719369.12,PHONE BANKING,North Zone,Telangana,Vijay Kumar,Completed,Debit - Personal Loan - Mar 2010,0,0,4719198.22
TXN7538508,CUST64651,11-01-2024,Cash Deposit,PRD0006,Business Loan,626153.8,  Phone Banking,West Zone,Tamil Nadu,MEENA IYER,Completed,Cash Deposit - Business Loan - Nov 2024,0,0,625853.98
TXN8565186,CUST84838,01-02-2012,DEBIT,PRD0004,Gold Loan,3514263.98,POS,East Zone,Maharashtra,Deepa Krishnan,failed,Debit - Gold Loan - Nov 2018,632567.52,342.72,2881353.74
TXN1898541,CUST56990,23-12-2014,UPI,PRD0008,credit card,2342942.29,Phone Banking,WEST ZONE,KARNATAKA,Deepa Krishnan,Failed,UPI - Credit Card - Dec 2014,0,156.6,2342785.69
TXN6745242,CUST40396,26-09-2014,EMI Payment,PRD0017,Auto Loan,2837950.78,Branch,North Zone,West Bengal,Anita Bose,Completed,EMI Payment - Auto Loan - Sep 2014,0,180.1,2837770.68
TXN6855180,CUST85051,30-09-2020,Penalty Charge,PRD0009,savings account,4289184.2,NEFT/RTGS,Central Zone,Delhi,Amit Patel,Reversed,Penalty Charge - Savings Account - Sep 2020,0,194.01,4288990.19
TXN7224253,CUST35652,25-07-2025,Loan Disbursal,PRD0005,Education Loan,1511647.15,INTERNET BANKING,Central Zone,Andhra Pradesh,Arun Mehta,Failed,Penalty Charge - Education Loan - Jul 2025,272096.49,0,1239542.87
TXN1803803,CUST67534,30-04-2017,UPI,PRD0002,Personal Loan,4792120.86,Phone Banking,North Zone,Karnataka,Priya Nair,Under Review,UPI - Personal Loan - Apr 2017,862581.75,207.64,3929331.47
TXN4658293,CUST68222,16-06-2020,loan disbursal,PRD0001,Home Loan,3326719.98,POS,West Zone,karnataka,Ramesh Yadav,Reversed,Loan Disbursal - Home Loan - Jun 2020,0,122.51,3326597.47
TXN9501735,CUST48085,16-05-2011,rtgs,PRD0006,Business Loan,3047641.29,Branch,West Zone,Rajasthan,Sanjay Gupta,Pending,RTGS - Business Loan - Feb 2016,548575.43,121.91,2498943.95
TXN5671131,CUST49703,18-May-21,UPI,PRD0004,Gold Loan,4609013.07,NEFT/RTGS,Central Zone,Rajasthan,Sanjay Gupta,Reversed,UPI - Gold Loan - May 2021,829622.35,486,3778904.72
TXN4949030,CUST73998,04-07-2010,Debit,PRD0017,Auto Loan,2062575.3,NEFT/RTGS,West Zone,Rajasthan,KAVITHA SUBRAMANIAN,Under Review,Debit - Auto Loan - Jul 2010,371263.55,95.13,1691216.62
TXN8651242,CUST96752,03-05-2022,IMPS,PRD0003,  Auto Loan,2638766.41,Internet Banking,West Zone,Gujarat,Ramesh Yadav,Pending,IMPS - Gold Loan - May 2020,0,52.04,2638714.37
TXN2396276,CUST78116,29-10-2017,Cash Deposit,PRD0011,RECURRING DEPOSIT,1148023.93,ATM,East Zone,Gujarat,Arun Mehta,SUCCESS,Cash Deposit - Recurring Deposit - Oct 2017,206644.31,Rs.1.33,941378.29
TXN5293840,CUST17736,06-07-2022,Transfer,PRD0017,Auto Loan,2146657.48,Internet Banking,north zone,Delhi,Rajesh Sharma,completed,Transfer - Auto Loan - Sep 2014,386398.35,498.02,1759761.11
TXN8906186,CUST85631,21-05-2018,Loan Disbursal,PRD0011,Recurring Deposit,Rs.46744.08,Internet Banking,North Zone,Andhra Pradesh,Vijay Kumar,Completed,Loan Disbursal - Recurring Deposit - May 2018,8413.93,0,38203.79
TXN7844188,CUST64446,21-04-2010,IMPS,PRD0010,Fixed Deposit,2078803.83,  NEFT/RTGS,South Zone,Haryana,Priya Nair,Failed,IMPS - Fixed Deposit - May 2017,0,354.17,2078449.66
TXN6446284,CUST18601,09-03-2022,IMPS,PRD0009,Savings Account,2177291.99,INTERNET BANKING,West Zone,West Bengal,Kavitha Subramanian,Completed,RTGS - Savings Account - Mar 2022,391912.56,88.58,1785290.85
TXN7114714,CUST36041,24-06-2010,Credit,PRD0017,AUTO LOAN,1630261.92,Phone Banking,Central Zone,Gujarat,  Meera Gupta,Under Review,Credit - Auto Loan - Dec 2019,293447.15,247.96,1336566.81
TXN3816672,CUST70786,29-01-2013,UPI,PRD0002,Personal Loan,1025927.55,ATM,central zone,  Haryana,Lalita Devi,Pending,UPI - Personal Loan - Jun 2018,184666.96,457.71,840802.88
TXN4696468,CUST28350,29-11-2017,RTGS,PRD0009,Savings Account,2429007.14,  POS,Central Zone,Kerala,Aarav Das,Failed,RTGS - Savings Account - Nov 2017,0,72.77,2428934.37
TXN8760381,CUST30016,22-08-2025,RTGS,PRD0011,Recurring Deposit,1263629.18,Phone Banking,East Zone,Uttar Pradesh,Priya Nair,Pending,RTGS - Recurring Deposit - Dec 2010,227453.25,290.77,1035885.16
TXN6271833,CUST14501,12-08-2024,UPI,PRD0051,  Savings Account,1115230.18,NEFT/RTGS,EAST ZONE,West Bengal,Sanjay Gupta,Reversed,UPI - Savings Account - Dec 2024,0,276.08,1114954.1
TXN6394660,CUST50812,07-02-2015,EMI Payment,PRD0001,Home Loan,4520997.82,ATM,Central Zone,kerala,Lalita Devi,Completed,EMI Payment - Home Loan - Aug 2017,813779.61,277.16,3706941.05
TXN8574654,CUST96200,13-May-14,Credit,PRD0017,Auto Loan,205252.08,Branch,East Zone,West Bengal,priya nair,Failed,Credit - Auto Loan - May 2014,36945.37,154.58,168152.13
TXN5166325,CUST28904,20-Jun-17,Loan Disbursal,PRD0001,Home Loan,1855206.41,mobile app,EAST ZONE,Madhya Pradesh,Surendra Reddy,Pending,Loan Disbursal - Home Loan - Jun 2017,333937.15,484.76,1520784.5
TXN2126339,CUST34697,05-03-2025,TRANSFER,PRD0095,  Recurring Deposit,748758.5,POS,east zone,WEST BENGAL,Meena Iyer,Pending ,Transfer - Recurring Deposit - Mar 2025,134776.53,52.09,613929.88
TXN1291453,CUST34697,05-03-2025,Transfer,PRD0011,Recurring Deposit,748758.5,POS,East Zone,West Bengal,Meena Iyer,Completed,Transfer - Recurring Deposit - Mar 2025,134776.53,52.09,613929.88
TXN1041011,CUST38110,25-06-2020,emi payment,PRD0006,Business Loan,124940.17,Branch,South Zone,Tamil Nadu,Mohan Das,Failed,EMI Payment - Business Loan - May 2019,22489.23,27.83,102423.11
TXN5340035,CUST45785,27-01-2016,Penalty Charge,PRD0012,Mutual Fund,1828691.34,  POS,South Zone,Gujarat,KAVITHA SUBRAMANIAN,Under Review,Penalty Charge - Mutual Fund - Jan 2016,0,6.57,1499520.33
TXN8280914,CUST17263,19-08-2019,NEFT,PRD0017,Auto Loan,Rs.1028205.4,POS,South Zone,West Bengal,Arun Mehta,Failed,NEFT - Auto Loan - Nov 2016,0,261.23,2107129.36
TXN7168683,CUST71587,28-11-2013,Transfer,PRD0002,PERSONAL LOAN,2331327.42,POS,North Zone,DELHI,Mohan Das,Pending,Transfer - Personal Loan - Nov 2013,0,498.35,2330829.07
TXN1976688,CUST90863,06-12-2019,EMI PAYMENT,PRD0004,Gold Loan,2123531.78,POS,EAST ZONE,Kerala,Kavitha Subramanian,Pending,EMI Payment - Gold Loan - Dec 2019,382235.72,226.51,1741069.55
TXN3888174,CUST36186,17-Jul-24,Interest Credit,PRD0008,Credit Card,4522383.51,Phone Banking,West Zone,Kerala,vijay kumar,Failed,Interest Credit - Credit Card - Jul 2024,814029.03,346.41,3708008.07
TXN8693795,CUST85887,04-05-2017,NEFT,PRD0013,Insurance,3836868.14,Phone Banking,West Zone,West Bengal,Nitin Joshi,Under Review,NEFT - Insurance - Nov 2018,0,385.72,3836482.42
TXN6964044,CUST72285,30-09-2013,loan disbursal,PRD0005,EDUCATION LOAN,1653839.73,POS,Central Zone,Kerala,Arun Mehta,Pending,Loan Disbursal - Education Loan - Oct 2019,297691.15,129.22,1356019.36
TXN4331277,CUST55075,03-Jul-13,IMPS,PRD0005,Education Loan,4685002.66,POS,north zone,Maharashtra,Mohan Das,Failed,IMPS - Education Loan - Jul 2013,843300.48,429.21,3841272.97
TXN2739690,CUST37021,19-11-2015,Cash Withdrawal,PRD0012,Mutual Fund,4594295.11,NEFT/RTGS,South Zone,West Bengal,Priya Nair,Reversed,Cash Withdrawal - Mutual Fund - Nov 2015,826973.12,229.01,3767092.98
TXN4574029,CUST45785,03-05-2020,Cash Deposit,PRD0001,Home Loan,1641802.13,POS,South Zone,Rajasthan,Kavitha Subramanian,Under Review,IMPS - Home Loan - Mar 2020,295524.38,495.52,1345782.23
TXN6625197,CUST90135,15-Oct-10,Cash Withdrawal,PRD0005,Education Loan,151764.85,Mobile App,North Zone,DELHI,sanjay gupta,Failed,Cash Withdrawal - Education Loan - Oct 2010,Rs.27317.67,65.27,124381.91
TXN7982617,CUST12154,09-07-2021,upi,PRD0006,Business Loan,4410081.39,Mobile App,Central Zone,Kerala,Meena Iyer,Reversed,IMPS - Business Loan - Jul 2021,793814.65,115.82,3616150.92
TXN5807653,CUST48138,23-10-2023,Interest Credit,PRD0001,  Home Loan,771000.06,Internet Banking,South Zone,karnataka,Anita Bose,Under Review,Interest Credit - Home Loan - Feb 2025,138780.01,Rs.308.45,631911.6
TXN9105360,CUST48138,23-10-2023,EMI Payment,PRD0009,savings account,4155893.6,ATM,NORTH ZONE,Karnataka,Sanjay Gupta,Pending,EMI Payment - Savings Account - Jan 2014,0,113.78,4155779.82
TXN8518914,CUST53813,31-10-2015,Loan Disbursal,PRD0001,Home Loan,3546074.35,Phone Banking,NORTH ZONE,Uttar Pradesh,Nitin Joshi,Reversed,Loan Disbursal - Home Loan - Jun 2013,638293.38,168.88,2907612.09
TXN9638576,CUST28904,16-03-2014,IMPS,PRD0005,EDUCATION LOAN,3355809.77,ATM,South Zone,Haryana,Sunita Rao,Completed,IMPS - Education Loan - Mar 2014,0,311.8,3355497.97
TXN5109395,CUST73505,17-01-2012,Credit,PRD0009,SAVINGS ACCOUNT,3469198.52,Internet Banking,Central Zone,Haryana,deepa krishnan,Under Review,Credit - Savings Account - Jan 2012,0,187.96,3469010.56
TXN8762481,CUST74174,03-11-2023,rtgs,PRD0010,FIXED DEPOSIT,4489920.72,Mobile App,  East Zone,west bengal,Lalita Devi,completed,RTGS - Fixed Deposit - Sep 2017,0,185.43,4489735.29
TXN2246646,CUST76115,18-09-2016,Interest Credit,PRD0011,Recurring Deposit,481855.32,  ATM,South Zone,KERALA,Priya Nair,Failed,Interest Credit - Recurring Deposit - Sep 2016,0,187.13,481668.19
TXN3900319,CUST61595,15-08-2015,UPI,PRD0004,Gold Loan,2182821.75,Mobile App,NORTH ZONE,Punjab,Lalita Devi,Completed,UPI - Gold Loan - Aug 2015,392907.91,398.61,1789515.23
TXN4912839,CUST60096,23-Jun-23,Cash Withdrawal,PRD0013,Insurance,3550406.69,ATM,South Zone,Karnataka,Sunita Rao,Pending,Cash Withdrawal - Insurance - Jun 2023,0,311.71,3550094.98
TXN7047576,CUST90868,28-03-2023,DEBIT,PRD0004,  Gold Loan,4122595.72,Branch,Central Zone,Punjab,Anita Bose,Pending,Debit - Gold Loan - Mar 2023,742067.23,77.04,3380451.45
TXN1506210,CUST53642,29-Nov-15,IMPS,PRD0004,Gold Loan,1030118.29,Internet Banking,  South Zone,Maharashtra,Vijay Kumar,failed,IMPS - Gold Loan - Nov 2015,185421.29,214.93,844482.07
TXN1519706,CUST43518,10-Jul-19,UPI,PRD0004,Gold Loan,4284569.48,POS,South Zone,Rajasthan,RAJESH SHARMA,Completed,UPI - Gold Loan - Jul 2019,0,230.83,3513116.14
TXN4627278,CUST87165,04-01-2021,Credit,PRD0004,GOLD LOAN,3995507.64,ATM,central zone,Gujarat,Nitin Joshi,Under Review,Credit - Gold Loan - Jan 2021,719191.38,440.84,3995507.64
TXN4603263,CUST58140,12-02-2021,Cash Withdrawal,PRD0005,EDUCATION LOAN,4309725.81,Phone Banking,South Zone,Madhya Pradesh,SANJAY GUPTA,Under Review,Cash Withdrawal - Education Loan - Feb 2021,775750.65,454.44,3533520.72
TXN1626065,CUST23538,16-01-2016,Interest Credit,PRD0005,Education Loan,2567171.25,Branch,North Zone,Telangana,Aarav Rao,Reversed,Interest Credit - Education Loan - Jan 2016,462090.83,39.74,2105040.68
TXN9498619,CUST23305,27-12-2015,UPI,PRD0005,EDUCATION LOAN,4854798.56,Internet Banking,West Zone,  West Bengal,Priya Nair,Failed,UPI - Education Loan - Dec 2015,0,99.2,4854699.36
TXN2426628,CUST34105,26-Mar-25,INTEREST CREDIT,PRD0009,savings account,3290771.93,Phone Banking,Central Zone,Maharashtra,Meena Iyer,Under Review,Interest Credit - Savings Account - Mar 2025,Rs.0,10.74,3290761.19
TXN9898248,CUST34105,05-09-2015,Interest Credit,PRD0009,Savings Account,3290771.93,Phone Banking,Central Zone,Maharashtra,Meena Iyer,Completed,Interest Credit - Savings Account - Mar 2025,0,10.74,3290761.19
TXN4040742,CUST13779,21-05-2017,Loan Disbursal,PRD0006,Business Loan,1425776.6,NEFT/RTGS,West Zone,Rajasthan,Lalita Devi,Reversed,Loan Disbursal - Business Loan - May 2017,256639.79,417.65,1168719.16
TXN8089424,CUST31753,01-02-2015,CASH WITHDRAWAL,PRD0012,MUTUAL FUND,3030394.1,NEFT/RTGS,North Zone,Karnataka,Rajesh Sharma,SUCCESS,Cash Withdrawal - Mutual Fund - Jan 2012,545470.94,232.56,2484690.6
TXN9973716,CUST34600,11-06-2022,IMPS,PRD0008,Credit Card,1796320.62,ATM,West Zone,Punjab,Lalita Devi,Pending,IMPS - Credit Card - Jun 2022,323337.71,104.06,1472878.85
TXN7405955,CUST65236,10-May-11,Debit,PRD0011,Recurring Deposit,4839199.55,POS,Central Zone,Andhra Pradesh,Sunita Rao,Failed,Debit - Recurring Deposit - May 2011,0,228.74,4838970.81
TXN1516641,CUST90117,11-07-2016,  UPI,PRD0017,Auto Loan,830402.53,ATM,Central Zone,Kerala,Geeta Sharma,COMPLETED,UPI - Auto Loan - Oct 2023,Rs.149472.46,202.93,680727.14
TXN2019563,CUST63026,04-01-2023,Cash Withdrawal,PRD0011,Recurring Deposit,3759195.35,ATM,West Zone,Odisha,Nitin Joshi,Completed,Cash Withdrawal - Recurring Deposit - Jan 2023,676655.16,18.29,3082521.9
TXN8495197,CUST31750,22-Nov-16,CASH DEPOSIT,PRD0005,Education Loan,2383406.88,Mobile App,  North Zone,Maharashtra,Sunita Rao,COMPLETED,Cash Deposit - Education Loan - Nov 2016,429013.24,0,1954327.45
TXN6751725,CUST13847,27-09-2012,Transfer,PRD0011,Recurring Deposit,1359178.86,atm,  West Zone,haryana,Meena Iyer,Pending,Transfer - Recurring Deposit - Sep 2012,244652.19,354.05,1114172.62
TXN4124564,CUST69892,01-03-2024,NEFT,PRD0013,INSURANCE,1039884.3,Branch,South Zone,Delhi,Kavitha Subramanian,SUCCESS,NEFT - Insurance - Jul 2020,0,366.67,1039517.63
TXN7235831,CUST23305,16-05-2010,RTGS,PRD0011,Recurring Deposit,568802.19,ATM,  West Zone,Kerala,Arun Mehta,Reversed,RTGS - Recurring Deposit - May 2010,0,326.27,568475.92
TXN1637805,CUST95403,19-11-2014,Cash Deposit,PRD0010,Fixed Deposit,3068238.91,POS,Central Zone,West Bengal,Anita Bose,Failed,Cash Deposit - Fixed Deposit - Nov 2014,0,40.15,3068198.76
TXN5137481,CUST27451,02-11-2021,  NEFT,PRD0009,Savings Account,1792195.23,POS,North Zone,Karnataka,Sunita Rao,Reversed,NEFT - Savings Account - Nov 2021,322595.14,155.21,1469444.88
TXN3510157,CUST18694,12-Jul-18,debit,PRD0014,  OD Facility,78993.06,INTERNET BANKING,WEST ZONE,haryana,Sunita Rao,Pending,Debit - OD Facility - Jul 2018,0,0,78882.34
TXN7934867,CUST35153,30-06-2025,UPI,PRD0005,Education Loan,2236646.61,Phone Banking,Central Zone,Telangana,Ramesh Yadav,Failed,UPI - Education Loan - Jun 2025,402596.39,234.51,1833815.71
TXN4922668,CUST30286,29-03-2021,UPI,PRD0008,Credit Card,2745737.01,Branch,East Zone,Haryana,Amit Patel,Failed,UPI - Credit Card - Mar 2021,0,15,2745722.01
TXN7542015,CUST14791,27-12-2014,UPI,PRD0007,Loan Against Property,3041495.3,NEFT/RTGS,East Zone,Tamil Nadu,Aditya Nair,Failed,UPI - Loan Against Property - Dec 2014,547469.15,437.43,2493588.72
TXN2374365,CUST94018,02-05-2015,Transfer,PRD0002,Personal Loan,887507.86,Phone Banking,North Zone,Gujarat,Nitin Joshi,Reversed,Transfer - Personal Loan - May 2015,0,408.07,887099.79
TXN6683046,CUST23614,13-09-2010,CASH DEPOSIT,PRD0014,OD Facility,965517.87,pos,North Zone,Maharashtra,Mohan Das,Failed,Cash Deposit - OD Facility - Sep 2010,173793.22,427.78,791296.87
TXN2288539,CUST59528,03-11-2016,Cash Withdrawal,PRD0001,HOME LOAN,57834.93,mobile app,south zone,Kerala,Lalita Devi,Under Review,Cash Withdrawal - Home Loan - Jul 2014,0,375.61,57459.32
TXN6851164,CUST68479,09-08-2019,  IMPS,PRD0017,Auto Loan,2245104.73,POS,west zone,Maharashtra,SANJAY GUPTA,Pending,IMPS - Auto Loan - May 2012,404118.85,459.07,1840526.81
TXN1994675,CUST26961,16-01-2013,Interest Credit,PRD0006,Business Loan,2918790.7,NEFT/RTGS,West Zone,Telangana,Lalita Devi,Under Review,Interest Credit - Business Loan - Jan 2013,525382.33,394.02,2393014.35
TXN1223625,CUST27705,19-02-2022,IMPS,PRD0005,Education Loan,Rs.3981334.07,ATM,North Zone,Andhra Pradesh,Mohan Das,Reversed,IMPS - Education Loan - Feb 2022,0,345.9,3980988.17
TXN5326702,CUST27451,05-12-2010,Loan Disbursal,PRD0010,Fixed Deposit,391331.09,Internet Banking,Central Zone,Punjab,Ramesh Yadav,Reversed,Loan Disbursal - Fixed Deposit - May 2010,70439.6,179.54,320711.95
TXN8482476,CUST45501,11-02-2022,Debit,PRD0007,Loan Against Property,605238.01,ATM,South Zone,Rajasthan,Nitin Joshi,Pending,Debit - Loan Against Property - Feb 2022,108942.84,3.94,496291.23
TXN6730611,CUST89954,20-09-2021,Penalty Charge,PRD0012,Mutual Fund,4155796.04,branch,East Zone,TELANGANA,Kavitha Subramanian,Reversed,Penalty Charge - Mutual Fund - Sep 2021,0,154.45,4155641.59
TXN5544401,CUST62989,30-Aug-25,IMPS,PRD0005,Education Loan,1131490.85,branch,EAST ZONE,Madhya Pradesh,Mohan Das,Completed,IMPS - Education Loan - Aug 2025,0,37.55,Rs.1131453.3
TXN1715290,CUST54260,14-09-2012,NEFT,PRD0011,Recurring Deposit,1914640.26,Phone Banking,South Zone,Uttar Pradesh,Sanjay Gupta,Under Review,NEFT - Recurring Deposit - Sep 2017,0,259.66,1914380.6
TXN4130061,CUST84455,03-03-2015,Interest Credit,PRD0001,HOME LOAN,230789.32,Internet Banking,EAST ZONE,UTTAR PRADESH,  Meena Iyer,Under Review,Interest Credit - Home Loan - Mar 2015,41542.08,263.63,188983.61
TXN3154103,CUST13492,28-11-2015,RTGS,PRD0011,Recurring Deposit,172815.83,Phone Banking,North Zone,Uttar Pradesh,  Vijay Kumar,COMPLETED,RTGS - Recurring Deposit - Nov 2015,31106.85,317.79,141391.19
TXN4456472,CUST60407,03-05-2022,Loan Disbursal,PRD0011,Recurring Deposit,1131819.93,mobile app,Central Zone,Kerala,Deepa Krishnan,Failed,Loan Disbursal - Recurring Deposit - Mar 2018,0,271.37,1131548.56
TXN4124198,CUST80972,02-07-2016,NEFT,PRD0014,OD Facility,1607804.3,  ATM,West Zone,Maharashtra,RAJESH SHARMA,Failed,NEFT - OD Facility - Jul 2016,289404.77,342.88,1318056.65
TXN3131697,CUST40427,08-10-2017,EMI PAYMENT,PRD0010,Fixed Deposit,4293657.55,POS,Central Zone,RAJASTHAN,Amit Patel,Under Review,EMI Payment - Fixed Deposit - Oct 2020,772858.36,130.79,3520668.4
TXN2536329,CUST53642,14-Mar-12,RTGS,PRD0003,  Auto Loan,1546779.86,Phone Banking,WEST ZONE,Madhya Pradesh,Meena Iyer,COMPLETED,RTGS - Savings Account - Mar 2012,278420.37,130.69,1268228.8
TXN2751562,CUST38818,19-02-2021,Penalty Charge,PRD0013,Insurance,967509.55,NEFT/RTGS,East Zone,West Bengal,Lalita Devi,Reversed,Penalty Charge - Insurance - Feb 2021,174151.72,199.87,793157.96
TXN7095488,CUST20749,01-Jul-17,credit,PRD0001,Home Loan,470337.33,Branch,Central Zone,Delhi,Priya Nair,Failed,Credit - Home Loan - Jul 2017,0,483.51,385193.1
TXN9073323,CUST67065,02-02-2013,rtgs,PRD0009,savings account,4610726.54,ATM,Central Zone,West Bengal,Lalita Devi,Reversed,RTGS - Savings Account - Jul 2018,829930.78,115.58,Rs.3780680.18
TXN2939974,CUST39933,12-03-2021,Loan Disbursal,PRD0006,Business Loan,3389305.87,Branch,  West Zone,Andhra Pradesh,Ramesh Yadav,SUCCESS,Loan Disbursal - Business Loan - Mar 2021,610075.06,404.19,2778826.62
TXN1856650,CUST60738,08-07-2019,EMI Payment,PRD0007,Loan Against Property,752328.37,ATM,West Zone,Andhra Pradesh,Ramesh Yadav,Failed,EMI Payment - Loan Against Property - Jul 2019,0,0,751945.76
TXN8397515,CUST61721,23-01-2017,LOAN DISBURSAL,PRD0012,Mutual Fund,3396290.73,NEFT/RTGS,central zone,  Telangana,Sanjay Gupta,Failed,Loan Disbursal - Mutual Fund - Jan 2017,0,Rs.320.84,3395969.89
TXN1093283,CUST61721,23-01-2017,Loan Disbursal,PRD0012,Mutual Fund,3396290.73,NEFT/RTGS,Central Zone,Telangana,Sanjay Gupta,Completed,Loan Disbursal - Mutual Fund - Jan 2017,0,320.84,3395969.89
TXN1021943,CUST93454,26-04-2012,  EMI Payment,PRD0007,Loan Against Property,883801.22,NEFT/RTGS,North Zone,  Uttar Pradesh,Meena Iyer,Pending,EMI Payment - Loan Against Property - Apr 2012,159084.22,369.05,724347.95
TXN5759312,CUST26144,21-Dec-20,Debit,PRD0014,OD Facility,267334.89,BRANCH,South Zone,Maharashtra,Ramesh Yadav,SUCCESS,Debit - OD Facility - Dec 2020,48120.28,241.47,218973.14
TXN7876886,CUST21359,30-06-2017,  UPI,PRD0017,Auto Loan,2336977.21,NEFT/RTGS,Central Zone,Rajasthan,Deepa Krishnan,failed,UPI - Auto Loan - Jun 2017,420655.9,235.22,Rs.1916086.09
TXN2109614,CUST45338,03-09-2010,RTGS,PRD0001,Home Loan,4013321.46,ATM,East Zone,Andhra Pradesh,Shreya Nair,Pending ,RTGS - Home Loan - Sep 2010,0,Rs.133.66,4013187.8
TXN9490111,CUST21728,09-11-2011,RTGS,PRD0013,Insurance,3929482.38,  ATM,South Zone,Uttar Pradesh,KAVITHA SUBRAMANIAN,Failed,RTGS - Insurance - Nov 2011,707306.83,372.1,3221803.45
TXN3186550,CUST20127,20-06-2023,Cash Withdrawal,PRD0010,Fixed Deposit,3112441.96,ATM,South Zone,delhi,Rajesh Sharma,Pending,RTGS - Fixed Deposit - Jun 2023,0,Rs.82.57,3112359.39
TXN3349338,CUST34323,31-03-2011,UPI,PRD0001,  Home Loan,4983553.4,Phone Banking,Central Zone,Rajasthan,Amit Patel,Completed,UPI - Home Loan - Mar 2011,897039.61,437.24,4086076.55
TXN3316651,CUST94023,21-02-2014,Transfer,PRD0075,  Education Loan,2934614.28,Phone Banking,Central Zone,Karnataka,Meena Iyer,Reversed,Transfer - Education Loan - Feb 2014,0,182.56,2934431.72
TXN6458302,CUST76829,19-12-2025,Cash Withdrawal,PRD0001,  Home Loan,2860756.97,NEFT/RTGS,east zone,Uttar Pradesh,Sanjay Gupta,COMPLETED,Cash Withdrawal - Home Loan - Dec 2025,514936.25,118.66,2345702.06
TXN3489483,CUST38110,16-07-2020,IMPS,PRD0005,Education Loan,2934179.78,Phone Banking,West Zone,Delhi,lalita devi,Completed,IMPS - Education Loan - Jul 2020,0,0,2934171.27
TXN1349328,CUST31237,29-03-2025,debit,PRD0005,Education Loan,3911301.15,  Phone Banking,West Zone,Tamil Nadu,Amit Patel,Completed,Debit - Education Loan - Mar 2025,704034.21,180.22,3207086.72
TXN7956040,CUST45785,25-04-2010,Credit,PRD0009,Savings Account,2802673.35,Phone Banking,  East Zone,Kerala,Nitin Joshi,failed,Credit - Savings Account - Mar 2010,504481.2,401.77,2297790.38
TXN1410098,CUST92203,04-10-2011,interest credit,PRD0001,  Home Loan,1859341.83,phone banking,central zone,  Telangana,Lalita Devi,Pending,Interest Credit - Home Loan - Oct 2011,334681.53,184.71,1524475.59
TXN7915805,CUST11209,11-01-2013,Penalty Charge,PRD0008,credit card,2021201.33,NEFT/RTGS,East Zone,Odisha,Mohan Das,Failed,Penalty Charge - Credit Card - Jan 2013,0,271.84,2020929.49
TXN3831402,CUST52688,05-09-2023,Cash Withdrawal,PRD0007,Loan Against Property,Rs.1028205.4,Branch,East Zone,Uttar Pradesh,Sanjay Gupta,Under Review,Cash Withdrawal - Loan Against Property - Sep 2023,401327.64,396.58,1827873.76
TXN3333797,CUST33094,10-Aug-18,UPI,PRD0013,Insurance,729897.43,NEFT/RTGS,South Zone,Madhya Pradesh,Vijay Kumar,Completed,UPI - Insurance - Aug 2018,131381.54,68.69,598447.2
TXN8723807,CUST63093,04-Jul-11,Cash Withdrawal,PRD0007,Loan Against Property,3385168.36,Branch,East Zone,odisha,meena iyer,Reversed,Cash Withdrawal - Loan Against Property - Jul 2011,0,65.88,3385102.48
TXN2555051,CUST66431,23-05-2018,Interest Credit,PRD0009,Savings Account,3353514.01,NEFT/RTGS,east zone,Maharashtra,Sanjay Gupta,Failed,Interest Credit - Savings Account - May 2018,0,117.72,3353396.29
TXN9238712,CUST88561,03-11-2017,Cash Deposit,PRD0001,Home Loan,755930.95,pos,Central Zone,Karnataka,Vijay Kumar,Failed,Interest Credit - Home Loan - Nov 2017,0,419.3,619444.08
TXN1181856,CUST13779,08-Mar-23,TRANSFER,PRD0013,Insurance,4485664.73,Internet Banking,WEST ZONE,Karnataka,Arun Mehta,Pending,Transfer - Insurance - Mar 2023,807419.65,169.58,3678075.5
TXN1908300,CUST67763,18-03-2012,Penalty Charge,PRD0004,GOLD LOAN,3145468.85,ATM,North Zone,Haryana,  Amit Patel,Completed,Penalty Charge - Gold Loan - Mar 2020,0,56.37,3145412.48
TXN7217223,CUST64651,23-05-2019,loan disbursal,PRD0009,Savings Account,3670512.91,NEFT/RTGS,NORTH ZONE,Gujarat,Anita Bose,Reversed,Loan Disbursal - Savings Account - May 2019,660692.32,0,3009411.74
TXN4713763,CUST57002,22-07-2014,PENALTY CHARGE,PRD0005,Education Loan,3873559.66,NEFT/RTGS,South Zone,Delhi,Sanjay Gupta,Reversed,Penalty Charge - Education Loan - Jul 2014,0,3.26,3873556.4
TXN4559613,CUST56990,16-07-2018,  NEFT,PRD0011,Recurring Deposit,3724377.83,Branch,Central Zone,West Bengal,  Meena Iyer,Under Review,NEFT - Recurring Deposit - Jul 2018,670388.01,227.01,3053762.81
TXN6032787,CUST88561,17-12-2017,Interest Credit,PRD0007,Loan Against Property,Rs.1028205.4,phone banking,CENTRAL ZONE,Punjab,Mohan Das,Failed,Interest Credit - Loan Against Property - Dec 2017,0,489.56,3520695.13
TXN2088084,CUST23538,08-08-2023,PENALTY CHARGE,PRD0009,Savings Account,2562907.36,Phone Banking,NORTH ZONE,Maharashtra,Rajesh Sharma,Reversed,Penalty Charge - Savings Account - Aug 2023,0,0,2562513.39
TXN7470924,CUST54017,31-12-2018,Debit,PRD0017,Auto Loan,526353.52,Mobile App,  Central Zone,Rajasthan,Mohan Das,Reversed,Debit - Auto Loan - Dec 2018,94743.63,14.09,431595.8
TXN8834550,CUST32746,22-02-2018,UPI,PRD0005,Education Loan,3612535.91,ATM,West Zone,Punjab,Sunita Rao,Completed,UPI - Education Loan - Feb 2018,Rs.650256.46,275.5,2962003.95
TXN3494836,CUST51116,26-11-2022,Cash Deposit,PRD0013,insurance,560123.66,Branch,West Zone,kerala,Lalita Devi,Completed,Cash Deposit - Insurance - Nov 2022,100822.26,184.78,459116.62
TXN7180555,CUST23538,27-12-2022,EMI Payment,PRD0008,Credit Card,2853141.85,Internet Banking,South Zone,Madhya Pradesh,Amit Patel,Reversed,EMI Payment - Credit Card - Dec 2022,513565.53,220.25,2339356.07
TXN6543619,CUST15881,15-02-2011,Credit,PRD0006,Business Loan,4285315.25,Internet Banking,West Zone,Odisha,Amit Patel,Pending,Credit - Business Loan - Feb 2011,0,257.78,4285057.47
TXN9800849,CUST55220,28-10-2017,UPI,PRD0008,Credit Card,3743492.36,ATM,Central Zone,  Uttar Pradesh,Sunita Rao,Completed,UPI - Credit Card - Oct 2017,673828.62,292.27,3069371.47
TXN3447911,CUST55220,28-Oct-17,UPI,PRD0008,Credit Card,3743492.36,ATM,Central Zone,Uttar Pradesh,Sunita Rao,Completed,UPI - Credit Card - Oct 2017,673828.62,292.27,3069371.47
TXN3707365,CUST49838,03-05-2019,Loan Disbursal,PRD0017,auto loan,4160932.73,Mobile App,East Zone,Odisha,Vijay Kumar,Pending,Loan Disbursal - Auto Loan - May 2019,0,1.62,4160931.11
TXN5191541,CUST57543,07-01-2018,Cash Withdrawal,PRD0010,Fixed Deposit,4266238.43,Branch,WEST ZONE,Maharashtra,lalita devi,Pending,Cash Withdrawal - Fixed Deposit - Jan 2018,767922.92,94.94,3498220.57
TXN8232565,CUST74174,03-11-2023,interest credit,PRD0013,Insurance,2759850.29,ATM,Central Zone,Punjab,  Priya Nair,Pending,Interest Credit - Insurance - Dec 2024,496773.05,236.72,2262840.52
TXN1095992,CUST66371,18-Dec-10,Transfer,PRD0002,Personal Loan,4104044.29,Branch,  West Zone,Karnataka,Vijay Kumar,Under Review,Transfer - Personal Loan - Dec 2010,738727.97,309.64,3365006.68
TXN2907218,CUST61721,24-08-2023,credit,PRD0011,Recurring Deposit,Rs.1028205.4,Branch,North Zone,Delhi,ARUN MEHTA,Failed,Credit - Recurring Deposit - Jan 2017,Rs.0,108.86,4462096.79
TXN8112060,CUST95789,18-04-2018,Credit,PRD0013,INSURANCE,4067806.04,atm,North Zone,Rajasthan,VIJAY KUMAR,Under Review,Credit - Insurance - Jan 2013,0,365.87,4067440.17
TXN9271947,CUST30207,06-02-2014,loan disbursal,PRD0017,Auto Loan,3991494.88,Phone Banking,East Zone,Tamil Nadu,Vijay Kumar,Completed,Loan Disbursal - Auto Loan - Feb 2014,718469.08,144.67,Rs.3272881.13
TXN1666585,CUST89802,03-08-2024,RTGS,PRD0017,Auto Loan,4382080.22,MOBILE APP,West Zone,Odisha,Nitin Joshi,Under Review,RTGS - Auto Loan - Aug 2024,788774.44,260.53,3593045.25
TXN7339854,CUST29331,07-04-2022,IMPS,PRD0007,Loan Against Property,4790979.64,internet banking,North Zone,Madhya Pradesh,  Sunita Rao,Under Review,IMPS - Loan Against Property - Apr 2022,0,405.93,4790573.71
TXN8195547,CUST80972,09-07-2010,UPI,PRD0007,Loan Against Property,1777730.86,pos,East Zone,Maharashtra,Kavitha Subramanian,Reversed,UPI - Loan Against Property - Sep 2010,319991.55,245.62,1457493.69
TXN8434324,CUST51032,13-Aug-13,IMPS,PRD0011,Recurring Deposit,1601126.51,Internet Banking,  North Zone,Andhra Pradesh,Priya Nair,Under Review,IMPS - Recurring Deposit - Aug 2013,Rs.288202.77,158.59,1312765.15
TXN7244866,CUST28045,06-07-2013,RTGS,PRD0002,Personal Loan,187653.95,Branch,North Zone,TAMIL NADU,Arun Mehta,Completed,RTGS - Personal Loan - Jun 2013,33777.71,353.21,153523.03
TXN7060320,CUST52568,12-04-2017,CREDIT,PRD0014,OD Facility,4024045.55,Mobile App,West Zone,Andhra Pradesh,Rajesh Sharma,completed,Credit - OD Facility - Jun 2011,724328.2,146.15,3299571.2
TXN8616105,CUST30732,20-03-2021,Cash Deposit,PRD0007,Loan Against Property,3677881.99,mobile app,North Zone,Andhra Pradesh,SUNITA RAO,Pending,Cash Deposit - Loan Against Property - Mar 2021,662018.76,328.14,3015535.09
TXN7756851,CUST33458,12-11-2020,IMPS,PRD0005,Education Loan,3386840.29,internet banking,North Zone,Punjab,Meena Iyer,Under Review,IMPS - Education Loan - Nov 2020,0,255,3386585.29
TXN5682604,CUST23751,20-07-2017,RTGS,PRD0001,Home Loan,4476688.03,Mobile App,east zone,Punjab,Kavitha Subramanian,Failed,RTGS - Home Loan - Jul 2017,0,0,Rs.4476351.15
TXN5651178,CUST66346,01-03-2024,UPI,PRD0013,Insurance,3092942.5,ATM,north zone,Madhya Pradesh,Priya Nair,Reversed,UPI - Insurance - Nov 2013,556729.65,52.83,2536160.02
TXN1231185,CUST34105,03-Aug-16,Transfer,PRD0004,Gold Loan,1631835.02,  Phone Banking,East Zone,Maharashtra,Ramesh Yadav,Reversed,Transfer - Gold Loan - Aug 2016,293730.3,377.36,Rs.1337727.36
TXN9848242,CUST23538,20-06-2016,rtgs,PRD0002,PERSONAL LOAN,958650.73,Branch,West Zone,Telangana,Nitin Joshi,Failed,RTGS - Personal Loan - Jun 2016,0,123.73,785969.87
TXN3597713,CUST30152,04-11-2023,  Debit,PRD0002,Personal Loan,4108184.33,Mobile App,North Zone,Karnataka,Priya Nair,Completed,Debit - Personal Loan - Apr 2023,0,450.49,4107733.84
TXN6219107,CUST50378,22-05-2017,Transfer,PRD0012,Mutual Fund,2065728.95,neft/rtgs,central zone,Karnataka,Vijay Kumar,Failed,Transfer - Mutual Fund - May 2017,371831.21,219.29,1693678.45
TXN9318770,CUST41334,21-02-2024,Cash Deposit,PRD0001,Home Loan,3580499.2,POS,CENTRAL ZONE,Karnataka,RAMESH YADAV,Failed,Cash Deposit - Home Loan - Feb 2024,0,404.15,3580095.05
TXN4487860,CUST77672,12-08-2024,NEFT,PRD0008,Credit Card,1139735.77,Phone Banking,East Zone,Telangana,Mohan Das,Pending,NEFT - Credit Card - Aug 2024,0,326.61,1139409.16
TXN5976940,CUST31093,27-04-2011,RTGS,PRD0002,Personal Loan,1971512.18,Branch,South Zone,Delhi,Meena Iyer,Under Review,RTGS - Personal Loan - Apr 2011,0,115.57,1971396.61
TXN2831981,CUST22050,22-05-2012,  Loan Disbursal,PRD0012,Mutual Fund,3405429.41,Phone Banking,South Zone,Punjab,Deepa Krishnan,Pending,Loan Disbursal - Mutual Fund - May 2012,612977.29,66.36,2792385.76
TXN3202126,CUST75251,10-Apr-24,NEFT,PRD0012,mutual fund,810095.31,  ATM,East Zone,Madhya Pradesh,Ramesh Yadav,Under Review,NEFT - Mutual Fund - Apr 2024,145817.16,178.25,Rs.664099.9
TXN8399131,CUST39762,15-09-2021,Debit,PRD0003,  Auto Loan,Rs.1287669.67,neft/rtgs,  East Zone,Punjab,Kavitha Subramanian,Reversed,Debit - Auto Loan - Sep 2021,231780.54,438.6,1055450.53
TXN5616370,CUST70211,09-04-2021,IMPS,PRD0003,  Auto Loan,1557048.77,Mobile App,south zone,Maharashtra,Ramesh Yadav,Failed,IMPS - Personal Loan - Jun 2025,280268.78,456.22,1276323.77
TXN9658626,CUST93454,08-Jun-14,Interest Credit,PRD0008,Credit Card,575381.51,Mobile App,Central Zone,West Bengal,Rajesh Sharma,Under Review,Interest Credit - Credit Card - Jun 2014,103568.67,6.88,471805.96
TXN1722999,CUST55229,14-07-2016,Cash Deposit,PRD0010,Fixed Deposit,880289.59,Internet Banking,West Zone,Rajasthan,Lalita Devi,Pending,Cash Deposit - Fixed Deposit - Jul 2016,0,63.97,880225.62
TXN7336071,CUST48138,16-06-2021,CREDIT,PRD0005,Education Loan,2208378.13,NEFT/RTGS,West Zone,Telangana,Lalita Devi,Failed,Credit - Education Loan - Jun 2021,0,432.44,2207945.69
TXN3469938,CUST57543,17-11-2019,EMI Payment,PRD0005,Education Loan,4932837.38,ATM,  North Zone,Telangana,  Vijay Kumar,Under Review,EMI Payment - Education Loan - Nov 2019,887910.73,19.64,Rs.4044907.01
TXN6727967,CUST76341,30-04-2018,Cash Withdrawal,PRD0003,  Auto Loan,4312682.33,Mobile App,Central Zone,Madhya Pradesh,Priya Nair,Pending,Cash Withdrawal - Recurring Deposit - Mar 2018,776282.82,352.82,3536046.69
TXN8445869,CUST20749,23-12-2010,UPI,PRD0012,Mutual Fund,2206232.81,Branch,west zone,HARYANA,Nitin Joshi,Failed,UPI - Mutual Fund - Dec 2010,397121.91,12.45,1809098.45
TXN6050793,CUST78679,17-08-2019,IMPS,PRD0001,Home Loan,1625509.73,  Mobile App,Central Zone,andhra pradesh,  Sanjay Gupta,Under Review,IMPS - Home Loan - Aug 2019,292591.75,74.62,1332843.36
TXN8734732,CUST46915,16-Feb-16,Debit,PRD0014,OD Facility,Rs.1058503.18,Internet Banking,North Zone,Punjab,Vijay Kumar,Failed,Debit - OD Facility - Feb 2016,0,129.28,1058373.9
TXN8264930,CUST68479,26-Oct-12,Loan Disbursal,PRD0007,Loan Against Property,2403549.35,ATM,Central Zone,Maharashtra,meena iyer,Failed,Loan Disbursal - Loan Against Property - Oct 2012,432638.88,335.61,1970574.86
TXN4894990,CUST21069,18-05-2013,  Penalty Charge,PRD0009,Savings Account,3925717.84,MOBILE APP,North Zone,Maharashtra,Sanjay Gupta,Reversed,Penalty Charge - Savings Account - Sep 2020,706629.21,207.44,3218881.19
TXN2255266,CUST54742,29-01-2013,Penalty Charge,PRD0004,Gold Loan,3043259.63,Mobile App,  West Zone,Gujarat,Kavitha Subramanian,Reversed,Penalty Charge - Gold Loan - Sep 2021,547786.73,36.43,2495436.47
TXN3058008,CUST34435,12-01-2015,IMPS,PRD0010,Fixed Deposit,2915979.47,Branch,West Zone,Madhya Pradesh,AMIT PATEL,Failed,IMPS - Fixed Deposit - Dec 2015,0,467.14,2915512.33
TXN6248047,CUST39109,10-02-2022,IMPS,PRD0012,Mutual Fund,3380647.5,Internet Banking,NORTH ZONE,Andhra Pradesh,Sunita Rao,Completed,IMPS - Mutual Fund - Feb 2022,0,227.1,3380420.4
TXN2532492,CUST43518,09-05-2023,Credit,PRD0005,Education Loan,1175470.33,  NEFT/RTGS,East Zone,West Bengal,Meena Iyer,Completed,Credit - Education Loan - May 2023,0,419.09,Rs.1175051.24
TXN9123804,CUST99226,24-11-2012,cash withdrawal,PRD0011,Recurring Deposit,869864.3,NEFT/RTGS,South Zone,Gujarat,Mohan Das,Pending,Cash Withdrawal - Recurring Deposit - Nov 2012,0,244.48,869619.82
TXN2647890,CUST38818,08-07-2020,EMI Payment,PRD0005,Education Loan,3183120.11,POS,west zone,maharashtra,Amit Patel,Under Review,EMI Payment - Education Loan - Aug 2020,0,370.43,3182749.68
TXN4136887,CUST50037,30-09-2013,  IMPS,PRD0001,Home Loan,1958285.67,NEFT/RTGS,East Zone,Haryana,Lalita Devi,Failed,IMPS - Home Loan - Dec 2011,352491.42,358.57,1605435.68
TXN6362126,CUST39355,05-07-2018,Debit,PRD0008,Credit Card,282362.87,Internet Banking,central zone,Delhi,  Nitin Joshi,Completed,Debit - Credit Card - May 2018,50825.32,7.13,231530.42
TXN9864442,CUST90863,03-07-2014,upi,PRD0014,OD Facility,325757.22,Mobile App,West Zone,HARYANA,Kavitha Subramanian,Reversed,UPI - OD Facility - Jul 2014,58636.3,232.77,266888.15
TXN3343303,CUST92203,26-01-2022,NEFT,PRD0001,Home Loan,799199.41,Internet Banking,North Zone,Gujarat,Kavitha Subramanian,Under Review,NEFT - Home Loan - Dec 2015,143855.89,239.98,655103.54
TXN7195501,CUST21359,25-06-2011,imps,PRD0002,Personal Loan,4946245.85,NEFT/RTGS,East Zone,Odisha,Lalita Devi,Completed,IMPS - Personal Loan - Nov 2018,0,278.5,4945967.35
TXN6189138,CUST86099,29-03-2025,Penalty Charge,PRD0009,Savings Account,2528042.18,NEFT/RTGS,East Zone,Haryana,Mohan Das,Pending,Penalty Charge - Savings Account - May 2010,455047.59,167.7,2072826.89
TXN5217885,CUST77394,09-09-2016,Penalty Charge,PRD0007,Loan Against Property,1989089.04,branch,North Zone,Gujarat,Mohan Das,Completed,Penalty Charge - Loan Against Property - Sep 2016,358036.03,371.82,1630681.19
TXN6028059,CUST64651,11-04-2012,Cash Withdrawal,PRD0001,Home Loan,4875096.97,Internet Banking,South Zone,Haryana,Anita Bose,Completed,Cash Withdrawal - Home Loan - Apr 2012,0,272.23,3997307.29
TXN3976834,CUST93478,10-11-2018,  Debit,PRD0010,Fixed Deposit,1819380.22,Internet Banking,South Zone,KARNATAKA,Sunita Rao,Completed,Debit - Fixed Deposit - Nov 2018,0,0,1819037.35
TXN3571773,CUST93478,19-09-2015,Debit,PRD0010,Fixed Deposit,1819380.22,Internet Banking,South Zone,Karnataka,Sunita Rao,Completed,Debit - Fixed Deposit - Nov 2018,0,342.87,1819037.35
TXN2328461,CUST64746,27-11-2013,Penalty Charge,PRD0008,Credit Card,4344162.9,Phone Banking,South Zone,odisha,Anita Bose,Under Review,Penalty Charge - Credit Card - Nov 2013,0,424.97,4343737.93
TXN4390767,CUST50812,07-02-2015,IMPS,PRD0011,Recurring Deposit,2839724.02,branch,South Zone,tamil nadu,Amit Patel,Completed,IMPS - Recurring Deposit - Jul 2012,511150.32,340.63,2328233.07
TXN7725840,CUST25162,15-09-2014,Debit,PRD0051,  Savings Account,Rs.1028205.4,ATM,West Zone,Odisha,Nitin Joshi,completed,Debit - Savings Account - Jan 2022,101725.62,67.85,Rs.463348.89
TXN6408167,CUST22695,13-07-2016,CREDIT,PRD0003,  Auto Loan,Rs.2638324.93,POS,SOUTH ZONE,  Gujarat,Arun Mehta,Completed,Credit - Business Loan - Jul 2016,474898.49,244.69,2163181.75
TXN1432830,CUST53420,06-03-2012,IMPS,PRD0014,OD FACILITY,2735943.91,Internet Banking,North Zone,Tamil Nadu,MEENA IYER,Pending,IMPS - OD Facility - Jun 2012,0,78.83,2243395.18
TXN7803814,CUST64746,09-04-2021,RTGS,PRD0004,Gold Loan,3286990.33,Internet Banking,East Zone,Odisha,Anita Bose,Completed,RTGS - Gold Loan - Apr 2011,591658.26,330.12,2695001.95
TXN8547238,CUST64401,25-11-2010,Interest Credit,PRD0005,Education Loan,375969.55,ATM,West Zone,Andhra Pradesh,Nitin Joshi,Pending,Interest Credit - Education Loan - Nov 2010,67674.52,76.29,308218.74
TXN6695030,CUST34323,26-09-2023,RTGS,PRD0008,Credit Card,3135265.94,Internet Banking,East Zone,Haryana,Rajesh Sharma,Reversed,RTGS - Credit Card - Sep 2023,564347.87,251.51,2570666.56
TXN7550312,CUST72394,23-01-2016,credit,PRD0003,  Auto Loan,4260572.28,  ATM,SOUTH ZONE,Rajasthan,sunita rao,COMPLETED,Credit - Auto Loan - Jan 2016,0,58.35,4260513.93
TXN5445570,CUST91830,07-06-2022,interest credit,PRD0010,Fixed Deposit,2390517.26,Mobile App,North Zone,tamil nadu,  Ramesh Yadav,Failed,Interest Credit - Fixed Deposit - Jun 2022,430293.11,149.64,1960074.51
TXN2026015,CUST47594,11-12-2021,UPI,PRD0006,Business Loan,Rs.596587.24,mobile app,North Zone,Punjab,Nitin Joshi,Under Review,UPI - Business Loan - Nov 2021,107385.7,138.98,Rs.489062.56
TXN8058482,CUST76829,05-06-2023,NEFT,PRD0012,Mutual Fund,Rs.1946587.73,NEFT/RTGS,West Zone,Uttar Pradesh,nitin joshi,Reversed,NEFT - Mutual Fund - May 2023,0,121.17,Rs.1946587.73
TXN5266771,CUST49703,06-12-2023,Transfer,PRD0001,Home Loan,4551867.21,ATM,Central Zone,Tamil Nadu,Mohan Das,Under Review,Transfer - Home Loan - Dec 2023,819336.1,394.6,3732136.51
TXN8980680,CUST67065,29-06-2019,Cash Deposit,PRD0014,OD Facility,848314.72,NEFT/RTGS,central zone,Andhra Pradesh,Mohan Das,Under Review,Cash Deposit - OD Facility - Jun 2019,152696.65,489.88,695128.19
TXN7190319,CUST31750,06-02-2010,NEFT,PRD0004,Gold Loan,1363335.17,NEFT/RTGS,North Zone,Telangana,Meena Iyer,Pending,NEFT - Gold Loan - Feb 2010,0,408.65,1362926.52
TXN6214383,CUST63095,19-08-2019,  Loan Disbursal,PRD0011,Recurring Deposit,4574424.13,POS,South Zone,Maharashtra,Anita Bose,Under Review,Loan Disbursal - Recurring Deposit - Mar 2016,823396.34,146.7,3750881.09
TXN2275882,CUST78116,04-09-2020,Interest Credit,PRD0017,auto loan,4691087.65,NEFT/RTGS,East Zone,Telangana,Sanjay Gupta,Pending ,Interest Credit - Auto Loan - Apr 2020,0,Rs.422.85,4691087.65
TXN5399459,CUST45338,22-04-2019,Interest Credit,PRD0002,Personal Loan,2851964.92,Branch,East Zone,West Bengal,Amit Patel,Failed,Interest Credit - Personal Loan - Apr 2019,0,159.94,2338451.29
TXN9321939,CUST48085,25-03-2014,Transfer,PRD0008,Credit Card,2606636.45,NEFT/RTGS,East Zone,Rajasthan,Lalita Devi,Completed,Transfer - Credit Card - Mar 2014,0,345.77,2606290.68
TXN3656601,CUST30016,07-Apr-20,Credit,PRD0002,  Personal Loan,2901969.17,ATM,West Zone,west bengal,Deepa Krishnan,Reversed,Credit - Personal Loan - Apr 2020,0,227.46,2901741.71
TXN3325566,CUST30152,06-06-2019,RTGS,PRD0006,Business Loan,3726162.6,branch,Central Zone,Uttar Pradesh,Meena Iyer,Under Review,RTGS - Business Loan - Jul 2017,0,14.25,3726148.35
TXN2379842,CUST30152,18-07-2017,RTGS,PRD0006,Business Loan,3726162.6,Branch,Central Zone,Uttar Pradesh,Meena Iyer,Completed,RTGS - Business Loan - Jul 2017,0,14.25,3726148.35
TXN3833249,CUST98488,28-11-2023,RTGS,PRD0017,Auto Loan,168369.35,Internet Banking,East Zone,Haryana,Arun Mehta,Completed,RTGS - Auto Loan - Nov 2023,30306.48,231.05,137831.82
TXN1099070,CUST50888,21-10-2021,Debit,PRD0005,Education Loan,4842689.51,Internet Banking,South Zone,uttar pradesh,Mohan Das,Failed,Debit - Education Loan - Oct 2021,0,Rs.269.17,3970736.23
TXN9175995,CUST49152,01-07-2019,Credit,PRD0012,Mutual Fund,4143363.55,atm,East Zone,Delhi,Kavitha Subramanian,Under Review,Credit - Mutual Fund - Jul 2019,745805.44,124.1,3397434.01
TXN9112753,CUST49152,01-07-2019,Credit,PRD0012,Mutual Fund,4143363.55,ATM,East Zone,Delhi,Kavitha Subramanian,Completed,Credit - Mutual Fund - Jul 2019,745805.44,124.1,3397434.01
TXN8853348,CUST78742,14-Jun-19,Interest Credit,PRD0012,Mutual Fund,1824345.93,ATM,West Zone,punjab,Priya Nair,Failed,Interest Credit - Mutual Fund - Jun 2019,328382.27,492.88,1495470.78
TXN8567354,CUST58323,26-11-2020,LOAN DISBURSAL,PRD0096,  Mutual Fund,2790435.88,Phone Banking,West Zone,Haryana,LALITA DEVI,Under Review,Loan Disbursal - Mutual Fund - Nov 2020,502278.46,262.8,2287894.62
TXN9184890,CUST40516,16-07-2019,Debit,PRD0004,gold loan,3765852.41,Branch,Central Zone,kerala,Anita Bose,Completed,Debit - Gold Loan - Jul 2019,677853.43,498.1,Rs.3087500.88
TXN3138440,CUST64415,15-04-2017,CASH WITHDRAWAL,PRD0013,Insurance,Rs.1028205.4,ATM,West Zone,Uttar Pradesh,sunita rao,Failed,Cash Withdrawal - Insurance - Apr 2017,156777.58,362.31,713846.64
TXN2318723,CUST96661,20-08-2018,UPI,PRD0008,Credit Card,3014680.55,PHONE BANKING,West Zone,Delhi,Sanjay Gupta,Under Review,UPI - Credit Card - Aug 2018,542642.5,196.14,2471841.91
TXN8519778,CUST64746,05-09-2017,interest credit,PRD0012,Mutual Fund,2073047.28,Phone Banking,central zone,Karnataka,Ramesh Yadav,COMPLETED,Interest Credit - Mutual Fund - Sep 2017,373148.51,403.12,1699495.65
TXN2497427,CUST21728,08-Oct-17,IMPS,PRD0007,Loan Against Property,424948.77,phone banking,West Zone,Gujarat,Sanjay Gupta,Pending,IMPS - Loan Against Property - Oct 2017,76490.78,451.11,348006.88
TXN9993522,CUST58323,25-Jan-23,  Interest Credit,PRD0007,Loan Against Property,3126857.02,branch,North Zone,Madhya Pradesh,Kavitha Subramanian,Under Review,Interest Credit - Loan Against Property - Jan 2023,0,348.72,3126508.3
TXN8354140,CUST89988,20-03-2024,RTGS,PRD0001,Home Loan,699703.31,Phone Banking,South Zone,Odisha,mohan das,Pending,RTGS - Home Loan - Mar 2024,0,275.29,699428.02
TXN7845748,CUST38748,25-Jun-23,Credit,PRD0008,Credit Card,1588574.97,atm,West Zone,andhra pradesh,sunita rao,completed,Credit - Credit Card - Jun 2023,285943.49,196.24,1302435.24
TXN6131396,CUST19508,21-06-2020,Debit,PRD0014,OD Facility,3898012.74,  ATM,East Zone,Karnataka,Lalita Devi,SUCCESS,Debit - OD Facility - Jun 2020,0,6.5,3898006.24
TXN6874589,CUST91830,20-02-2024,RTGS,PRD0017,Auto Loan,2708049.59,Mobile App,SOUTH ZONE,Punjab,Meena Iyer,Under Review,RTGS - Auto Loan - Feb 2024,487448.93,43.29,2220557.37
TXN6371749,CUST81657,11-07-2024,debit,PRD0014,OD Facility,4471271.51,Phone Banking,East Zone,andhra pradesh,  Rajesh Sharma,Reversed,Debit - OD Facility - Jul 2024,804828.87,305.95,3666136.69
TXN2768980,CUST12154,20-03-2022,Cash Deposit,PRD0014,OD FACILITY,2547019.23,Branch,West Zone,gujarat,ANITA BOSE,Completed,Cash Deposit - OD Facility - Jan 2020,458463.46,226.16,2088329.61
TXN3935465,CUST77552,30-01-2019,  Interest Credit,PRD0006,business loan,3753371,ATM,south zone,karnataka,Mohan Das,Reversed,Interest Credit - Business Loan - Jan 2019,675606.78,420.76,3077343.46
TXN8260853,CUST58705,25-04-2020,UPI,PRD0004,Gold Loan,1161501.16,Phone Banking,North Zone,Gujarat,Meena Iyer,Reversed,UPI - Gold Loan - Apr 2020,209070.21,368.01,952062.94
TXN3528827,CUST21728,21-04-2010,NEFT,PRD0005,education loan,4857858.1,Mobile App,East Zone,TAMIL NADU,Nitin Joshi,Failed,NEFT - Education Loan - Mar 2017,874414.46,169.5,3983274.14
TXN8012316,CUST10255,07-11-2013,Transfer,PRD0013,Insurance,4763396.72,INTERNET BANKING,West Zone,Punjab,Rajesh Sharma,Failed,Transfer - Insurance - Sep 2014,0,172.27,4763224.45
TXN2590365,CUST97755,03-02-2022,IMPS,PRD0009,Savings Account,1373236.02,Mobile App,North Zone,UTTAR PRADESH,Anita Bose,Under Review,Interest Credit - Savings Account - Feb 2022,0,159.15,1373076.87
TXN3478986,CUST62751,09-02-2022,UPI,PRD0012,Mutual Fund,1833746.82,POS,South Zone,Rajasthan,Anita Bose,Reversed,UPI - Mutual Fund - Feb 2022,330074.43,268.12,1503404.27
TXN3645723,CUST65478,02-02-2019,Transfer,PRD0007,Loan Against Property,2570990.5,Branch,South Zone,Delhi,Kavitha Subramanian,Failed,Transfer - Loan Against Property - Feb 2019,462778.29,24.55,2108187.66
TXN7347868,CUST53911,11-09-2014,NEFT,PRD0017,Auto Loan,1760300.64,Phone Banking,North Zone,Andhra Pradesh,Ramesh Yadav,COMPLETED,NEFT - Auto Loan - Jan 2010,316854.12,263.52,1443183
TXN4705229,CUST12048,26-12-2013,Transfer,PRD0014,OD Facility,4545933.53,atm,NORTH ZONE,Gujarat,Anita Bose,Pending,Transfer - OD Facility - Dec 2013,0,136.9,4545796.63
TXN2351890,CUST66925,31-07-2016,neft,PRD0008,Credit Card,3801901.85,Mobile App,north zone,Uttar Pradesh,amit patel,Pending,NEFT - Credit Card - Aug 2022,0,433.18,3801468.67
TXN3279537,CUST31753,01-02-2015,NEFT,PRD0096,  Mutual Fund,317245,POS,South Zone,Uttar Pradesh,  Rajesh Sharma,Pending,NEFT - Mutual Fund - Jul 2015,0,344,316901
TXN5272488,CUST48063,21-07-2024,Loan Disbursal,PRD0002,Personal Loan,2783347.27,NEFT/RTGS,South Zone,Delhi,Lalita Devi,Completed,Loan Disbursal - Personal Loan - Jul 2024,501002.51,159.66,2783347.27
TXN5298324,CUST46935,20-11-2021,Cash Withdrawal,PRD0007,  Loan Against Property,3398166.05,POS,EAST ZONE,HARYANA,Mohan Das,Reversed,Cash Withdrawal - Loan Against Property - Nov 2021,611669.89,337.1,2786159.06
TXN4622956,CUST42415,19-Aug-23,UPI,PRD0004,Gold Loan,1825395.66,ATM,South Zone,Maharashtra,Sanjay Gupta,Reversed,UPI - Gold Loan - Aug 2023,0,Rs.164.3,1825231.36
TXN7152120,CUST89988,30-08-2022,IMPS,PRD0012,Mutual Fund,4412419.02,ATM,Central Zone,Maharashtra,Ramesh Yadav,Under Review,IMPS - Mutual Fund - Jan 2022,0,94.1,4412324.92
TXN9040896,CUST30260,02-Jul-14,EMI Payment,PRD0008,Credit Card,3048189.78,Branch,North Zone,  Madhya Pradesh,Ramesh Yadav,Failed,EMI Payment - Credit Card - Jul 2014,0,125.41,3048064.37
TXN2692278,CUST58688,26-11-2017,cash withdrawal,PRD0006,Business Loan,2313238.01,internet banking,South Zone,Rajasthan,Vijay Kumar,Failed,Cash Withdrawal - Business Loan - Jul 2011,416382.84,131.85,1896723.32
TXN5902360,CUST34420,02-Apr-18,IMPS,PRD0012,Mutual Fund,1738700.16,POS,East Zone,Madhya Pradesh,MOHAN DAS,Completed,IMPS - Mutual Fund - Apr 2018,312966.03,356.63,1425377.5
TXN8093553,CUST52688,05-06-2017,Credit,PRD0013,Insurance,2222942.68,POS,South Zone,West Bengal,Lalita Devi,Under Review,Credit - Insurance - Mar 2019,400129.68,80.66,1822732.34
TXN5083365,CUST43518,02-Mar-23,cash deposit,PRD0011,Recurring Deposit,4548976.23,  ATM,East Zone,Andhra Pradesh,Sunita Rao,COMPLETED,Cash Deposit - Recurring Deposit - Mar 2023,0,71.44,4548904.79
TXN2853868,CUST28322,19-09-2015,NEFT,PRD0003,  Auto Loan,4964413.76,NEFT/RTGS,west zone,Haryana,priya nair,Under Review,NEFT - Credit Card - Nov 2019,893594.48,370.64,4070448.64
TXN2803540,CUST98208,29-06-2021,PENALTY CHARGE,PRD0006,Business Loan,271367.63,Mobile App,west zone,Rajasthan,Mohan Das,Pending,Penalty Charge - Business Loan - Jun 2021,48846.17,326.69,222194.77
TXN9094876,CUST98208,07-06-2023,Penalty Charge,PRD0006,Business Loan,271367.63,Mobile App,West Zone,Rajasthan,Mohan Das,Completed,Penalty Charge - Business Loan - Jun 2021,48846.17,326.69,222194.77
TXN2911249,CUST16914,17-09-2016,PENALTY CHARGE,PRD0014,OD Facility,4889194.97,Mobile App,East Zone,Delhi,Sunita Rao,Reversed,Penalty Charge - OD Facility - Sep 2025,880055.09,483.16,4008656.72
TXN7109760,CUST16113,01-06-2017,NEFT,PRD0017,Auto Loan,4731358.01,Branch,West Zone,Telangana,Arun Mehta,Reversed,NEFT - Auto Loan - Jan 2021,0,133.47,4731224.54
TXN2109600,CUST64419,10-06-2014,interest credit,PRD0010,Fixed Deposit,1089789.03,phone banking,West Zone,  Tamil Nadu,nitin joshi,Failed,Interest Credit - Fixed Deposit - Jun 2014,196162.03,434.15,893192.85
TXN9740624,CUST64419,10-06-2014,Interest Credit,PRD0010,Fixed Deposit,1089789.03,Phone Banking,West Zone,Tamil Nadu,Nitin Joshi,Completed,Interest Credit - Fixed Deposit - Jun 2014,196162.03,434.15,893192.85
TXN2814296,CUST57294,23-12-2010,IMPS,PRD0010,Fixed Deposit,2213921.16,POS,CENTRAL ZONE,Kerala,Vijay Kumar,Failed,IMPS - Fixed Deposit - Dec 2010,0,277.78,Rs.2213643.38
TXN4634454,CUST50812,07-02-2015,Credit,PRD0012,Mutual Fund,1699911.34,Branch,North Zone,Telangana,Kavitha Subramanian,Pending,Credit - Mutual Fund - Jan 2011,305984.04,490.46,1393436.84
TXN6816935,CUST78740,01-01-2016,EMI Payment,PRD0009,savings account,1982996.62,Internet Banking,West Zone,Maharashtra,Anita Bose,Failed,EMI Payment - Savings Account - Jan 2016,0,411.79,1982584.83
TXN6086958,CUST39912,27-01-2016,NEFT,PRD0009,Savings Account,3377223.4,ATM,North Zone,Uttar Pradesh,Sanjay Gupta,Pending,NEFT - Savings Account - Jan 2016,607900.21,264.18,2769059.01
TXN6417564,CUST10820,02-Dec-14,EMI Payment,PRD0009,Savings Account,Rs.1028205.4,Mobile App,north zone,Odisha,Arun Mehta,Failed,EMI Payment - Savings Account - Dec 2014,518985.96,316.74,2363952.63
TXN4453763,CUST12933,08-01-2022,UPI,PRD0012,Mutual Fund,3518736.15,Mobile App,WEST ZONE,Gujarat,Anita Bose,Completed,NEFT - Mutual Fund - Aug 2022,0,389.54,Rs.3518346.61
TXN4640024,CUST23751,14-Nov-24,IMPS,PRD0004,Gold Loan,3501258.03,PHONE BANKING,East Zone,Telangana,Anita Bose,Under Review,IMPS - Gold Loan - Nov 2024,0,483.17,3500774.86
TXN4719320,CUST48085,08-Apr-23,IMPS,PRD0014,OD Facility,4662143.9,Internet Banking,EAST ZONE,Tamil Nadu,Sunita Rao,Pending,IMPS - OD Facility - Apr 2023,839185.9,307.98,3822650.02
TXN3958594,CUST15546,01-02-2013,Credit,PRD0013,Insurance,3790722.46,phone banking,east zone,punjab,Deepa Krishnan,Under Review,Credit - Insurance - Jun 2017,0,312.93,3790409.53
TXN9813729,CUST19952,30-09-2019,Debit,PRD0013,Insurance,2599327.49,Phone Banking,Central Zone,KERALA,Nitin Joshi,Completed,Debit - Insurance - Sep 2019,467878.95,207.13,2131241.41
TXN9278963,CUST94008,12-01-2013,NEFT,PRD0008,Credit Card,429930.11,ATM,South Zone,Telangana,Nitin Joshi,Completed,NEFT - Credit Card - Jan 2013,Rs.77387.42,275.07,352267.62
TXN9115935,CUST49152,12-07-2025,LOAN DISBURSAL,PRD0017,auto loan,783554.62,Internet Banking,East Zone,  West Bengal,Mohan Das,Failed,Loan Disbursal - Auto Loan - Jul 2025,141039.83,197.04,642317.75
TXN6617119,CUST75251,19-Sep-16,Cash Deposit,PRD0014,OD FACILITY,1613692.94,INTERNET BANKING,North Zone,Punjab,Rajesh Sharma,Completed,Cash Deposit - OD Facility - Sep 2016,0,295.14,1613397.8
TXN4863178,CUST74922,12-06-2013,Penalty Charge,PRD0007,  Loan Against Property,2502509.75,PHONE BANKING,North Zone,Delhi,Sunita Rao,Under Review,Penalty Charge - Loan Against Property - Jun 2013,450451.76,98.61,2051959.38
TXN4432778,CUST28665,10-06-2025,RTGS,PRD0007,Loan Against Property,4660211.89,BRANCH,Central Zone,madhya pradesh,Sanjay Gupta,Failed,RTGS - Loan Against Property - Dec 2013,0,458.26,4659753.63
TXN9412591,CUST12050,06-05-2025,emi payment,PRD0002,Personal Loan,3704607.68,Mobile App,South Zone,MADHYA PRADESH,anita bose,Pending,EMI Payment - Personal Loan - Jun 2025,0,374.31,3704233.37
TXN1158805,CUST48780,09-08-2015,Transfer,PRD0011,RECURRING DEPOSIT,2869615.69,INTERNET BANKING,North Zone,MADHYA PRADESH,Sunita Rao,Reversed,Transfer - Recurring Deposit - Nov 2012,516530.82,285.96,2352798.91
TXN3175100,CUST49363,06-02-2016,  Interest Credit,PRD0009,Savings Account,2782082.21,neft/rtgs,West Zone,Maharashtra,Sunita Rao,Pending,Interest Credit - Savings Account - Feb 2010,0,Rs.75.68,2782006.53
TXN1164547,CUST53813,03-04-2022,Cash Withdrawal,PRD0002,PERSONAL LOAN,4745973.66,NEFT/RTGS,North Zone,Punjab,Arun Mehta,Failed,Cash Withdrawal - Personal Loan - Apr 2022,854275.26,269.92,3891428.48
TXN6544773,CUST42631,04-05-2017,EMI Payment,PRD0004,Gold Loan,Rs.1502092.94,ATM,East Zone,West Bengal,Kavitha Subramanian,Reversed,EMI Payment - Gold Loan - Nov 2022,270376.73,114.44,1231601.77
TXN8165002,CUST88956,11-03-2019,Debit,PRD0010,Fixed Deposit,1348771.51,POS,West Zone,West Bengal,Sunita Rao,Failed,Debit - Fixed Deposit - Mar 2019,242778.87,286.07,1105706.57
TXN8300449,CUST42631,10-09-2020,NEFT,PRD0014,OD Facility,1601004.16,Mobile App,East Zone,West Bengal,Deepa Krishnan,Reversed,NEFT - OD Facility - Sep 2020,288180.75,118.5,1601004.16
TXN5809232,CUST84838,01-02-2012,Debit,PRD0012,mutual fund,2191031.7,ATM,Central Zone,Gujarat,Meena Iyer,Completed,Debit - Mutual Fund - May 2016,394385.71,364.68,1796281.31
TXN4118959,CUST91167,28-06-2025,Debit,PRD0012,Mutual Fund,2972258.86,Branch,  West Zone,Telangana,Divya Sharma,Reversed,Debit - Mutual Fund - Dec 2020,0,162.61,2972096.25
TXN8406188,CUST31753,10-07-2013,RTGS,PRD0006,business loan,232323.4,  ATM,Central Zone,Tamil Nadu,Sanjay Gupta,Completed,RTGS - Business Loan - Jul 2013,0,447.36,231876.04
TXN5904590,CUST31753,01-02-2015,RTGS,PRD0006,Business Loan,232323.4,NEFT/RTGS,Central Zone,Tamil Nadu,Sanjay Gupta,Completed,RTGS - Business Loan - Jul 2013,0,447.36,231876.04
TXN8723444,CUST28904,12-09-2020,Cash Withdrawal,PRD0001,  Home Loan,3356446.17,Mobile App,West Zone,Maharashtra,meena iyer,Under Review,Cash Withdrawal - Home Loan - Dec 2025,604160.31,100.24,2752185.62
TXN9735785,CUST85887,23-06-2016,upi,PRD0006,Business Loan,2249252.92,PHONE BANKING,South Zone,Telangana,Priya Nair,Pending,EMI Payment - Business Loan - Jun 2016,0,362.52,2248890.4
TXN7230947,CUST16655,03-04-2012,neft,PRD0006,Business Loan,1778954.33,Phone Banking,East Zone,delhi,Vijay Kumar,Reversed,NEFT - Business Loan - Apr 2012,0,0,1778954.33
TXN5834019,CUST70211,09-04-2021,Credit,PRD0002,personal loan,3964958.15,  Branch,North Zone,Gujarat,NITIN JOSHI,Failed,Credit - Personal Loan - Jun 2020,0,468.16,3964489.99
TXN1623068,CUST57543,06-06-2019,Penalty Charge,PRD0011,Recurring Deposit,1551190.03,Phone Banking,Central Zone,Uttar Pradesh,Sunita Rao,Under Review,Penalty Charge - Recurring Deposit - Jun 2017,279214.21,174.14,1271801.68
TXN1590859,CUST30516,11-11-2024,IMPS,PRD0001,HOME LOAN,174813.79,Mobile App,CENTRAL ZONE,Delhi,mohan das,Under Review,IMPS - Home Loan - Dec 2025,31466.48,Rs.136.61,143210.7
TXN2821701,CUST94008,04-07-2020,cash withdrawal,PRD0017,Auto Loan,480102.73,Branch,West Zone,Karnataka,Vijay Kumar,Pending,Cash Withdrawal - Auto Loan - Apr 2017,86418.49,204.43,393479.81
TXN6651430,CUST51311,01-Aug-18,DEBIT,PRD0008,Credit Card,4664216.78,Branch,east zone,Odisha,Amit Patel,Failed,Debit - Credit Card - Aug 2018,0,413.49,4663803.29
TXN5266286,CUST13779,05-09-2015,Cash Deposit,PRD0009,Savings Account,4142541.64,Internet Banking,CENTRAL ZONE,Maharashtra,sunita rao,Under Review,Cash Deposit - Savings Account - Apr 2022,0,222.12,4142319.52
TXN5292134,CUST19658,07-06-2023,IMPS,PRD0002,Personal Loan,1800746.29,Branch,north zone,Andhra Pradesh,lalita devi,Failed,IMPS - Personal Loan - Dec 2024,324134.33,464.87,1476147.09
TXN7869034,CUST98208,13-10-2023,Cash Deposit,PRD0008,Credit Card,4579492.09,ATM,  East Zone,West Bengal,Sanjay Gupta,Under Review,Cash Deposit - Credit Card - Oct 2023,824308.58,253.3,3754930.21
TXN7783660,CUST84873,30-08-2022,CASH DEPOSIT,PRD0007,Loan Against Property,3231012.17,Internet Banking,SOUTH ZONE,Rajasthan,Rajesh Sharma,Pending,Cash Deposit - Loan Against Property - Apr 2014,581582.19,61.72,2649368.26
TXN7129798,CUST43518,09-11-2020,Debit,PRD0004,GOLD LOAN,552188.09,Mobile App,south zone,Madhya Pradesh,Lalita Devi,Reversed,Debit - Gold Loan - Nov 2020,99393.86,47.12,452747.11
TXN8151482,CUST22108,30-04-2019,Debit,PRD0011,Recurring Deposit,4713852.37,Phone Banking,East Zone,Delhi,Rajesh Sharma,completed,Debit - Recurring Deposit - Apr 2019,848493.43,30.17,3865328.77
TXN4792245,CUST11052,08-06-2014,Credit,PRD0004,gold loan,2627509.12,ATM,East Zone,Karnataka,Nitin Joshi,Completed,Credit - Gold Loan - Jun 2014,472951.64,97.51,2154459.97
TXN4476458,CUST74437,01-11-2010,NEFT,PRD0017,Auto Loan,2267842.68,NEFT/RTGS,East Zone,tamil nadu,Vijay Kumar,Pending,NEFT - Auto Loan - Nov 2010,408211.68,296.33,1859334.67
TXN5700015,CUST86344,18-03-2021,Cash Withdrawal,PRD0006,  Business Loan,1220421.73,  ATM,North Zone,Gujarat,rajesh sharma,Under Review,Cash Withdrawal - Business Loan - Mar 2021,0,484.65,1219937.08
TXN8294378,CUST57294,18-04-2018,UPI,PRD0017,Auto Loan,4858788.34,Branch,Central Zone,Punjab,SUNITA RAO,Pending,UPI - Auto Loan - Sep 2011,0,371.62,4858416.72
TXN6582025,CUST75350,05-11-2019,Cash Deposit,PRD0013,insurance,3989725.19,INTERNET BANKING,East Zone,punjab,Amit Patel,COMPLETED,Cash Deposit - Insurance - May 2019,0,182.4,3989542.79
TXN3155957,CUST27284,14-03-2025,RTGS,PRD0008,Credit Card,3120412.23,POS,West Zone,Andhra Pradesh,kavitha subramanian,Completed,RTGS - Credit Card - Mar 2025,0,81.61,3120330.62
TXN8443532,CUST61964,09-04-2019,Cash Deposit,PRD0003,  Auto Loan,4478560.82,NEFT/RTGS,North Zone,Uttar Pradesh,Lalita Devi,Failed,Cash Deposit - Mutual Fund - Jan 2010,0,201.14,4478359.68
TXN3723493,CUST50888,11-Apr-10,Interest Credit,PRD0004,Gold Loan,2350908.01,ATM,West Zone,Gujarat,vijay kumar,Failed,Interest Credit - Gold Loan - Apr 2010,423163.44,284.87,1927459.7
TXN2047687,CUST16450,19-06-2021,Loan Disbursal,PRD0007,Loan Against Property,631916.69,Branch,north zone,MADHYA PRADESH,Sanjay Gupta,Under Review,Loan Disbursal - Loan Against Property - Jun 2021,113745,27.41,518144.28
TXN2748618,CUST42947,11-05-2012,RTGS,PRD0004,Gold Loan,3371650.9,  NEFT/RTGS,South Zone,Rajasthan,Ramesh Yadav,Reversed,RTGS - Gold Loan - May 2012,0,5.94,3371644.96
TXN8865117,CUST60934,30-01-2018,UPI,PRD0007,LOAN AGAINST PROPERTY,3015106.62,Branch,West Zone,Karnataka,Arun Mehta,Pending ,UPI - Loan Against Property - Jan 2018,Rs.542719.19,475.58,2471911.85
TXN7552698,CUST72459,30-03-2024,Credit,PRD0009,Savings Account,1983942.57,Internet Banking,Central Zone,Haryana,Lalita Devi,Reversed,Credit - Savings Account - Mar 2024,0,144.01,1983798.56
TXN3491753,CUST33458,25-Nov-20,Transfer,PRD0014,OD Facility,1048731.58,Branch,East Zone,Tamil Nadu,sanjay gupta,Pending,Transfer - OD Facility - Nov 2020,188771.68,173.11,859786.79
TXN2877929,CUST97852,21-03-2013,Cash Withdrawal,PRD0011,Recurring Deposit,2276993.29,POS,Central Zone,Haryana,vijay kumar,Failed,Cash Withdrawal - Recurring Deposit - Mar 2013,409858.79,488.77,1866645.73
TXN3492894,CUST82089,06-03-2012,Interest Credit,PRD0004,Gold Loan,518791.92,neft/rtgs,North Zone,Odisha,Sunita Rao,Reversed,Interest Credit - Gold Loan - Sep 2024,93382.55,53.45,425355.92
TXN4476231,CUST83716,11-11-2019,Debit,PRD0014,OD Facility,1243134.82,BRANCH,  East Zone,Telangana,Arun Mehta,Under Review,Debit - OD Facility - Nov 2019,0,102.55,1243032.27
TXN4880735,CUST95972,12-08-2015,Debit,PRD0003,  Auto Loan,1117048.64,Internet Banking,North Zone,west bengal,Ramesh Yadav,Failed,Debit - Personal Loan - Aug 2015,201068.76,197.84,915782.04
TXN5703198,CUST30732,27-11-2020,NEFT,PRD0008,Credit Card,4876444.2,Phone Banking,East Zone,Tamil Nadu,  Arun Mehta,Completed,NEFT - Credit Card - Nov 2020,0,109.59,4876334.61
TXN4605580,CUST13779,14-May-25,CASH DEPOSIT,PRD0004,Gold Loan,Rs.1028205.4,Branch,South Zone,Andhra Pradesh,Vijay Kumar,Pending ,Cash Deposit - Gold Loan - May 2025,185076.97,243.83,842884.6
TXN1428854,CUST13779,14-May-25,Cash Deposit,PRD0004,Gold Loan,1028205.4,Branch,South Zone,Andhra Pradesh,Vijay Kumar,Completed,Cash Deposit - Gold Loan - May 2025,185076.97,243.83,842884.6
TXN3254885,CUST73505,30-12-2012,NEFT,PRD0011,Recurring Deposit,120875.35,NEFT/RTGS,SOUTH ZONE,Odisha,Sanjay Gupta,Completed,NEFT - Recurring Deposit - Nov 2019,0,59.82,120815.53
TXN2332825,CUST17179,22-11-2020,Cash Deposit,PRD0012,Mutual Fund,1318067.79,Internet Banking,East Zone,Maharashtra,Vijay Kumar,Completed,Cash Deposit - Mutual Fund - Mar 2011,0,317.92,1317749.87
TXN2210659,CUST62645,10-10-2015,UPI,PRD0005,Education Loan,3926092.99,ATM,EAST ZONE,Gujarat,Arun Mehta,Completed,UPI - Education Loan - Oct 2015,706696.74,24.51,3219371.74
TXN2496140,CUST54017,20-12-2013,transfer,PRD0002,Personal Loan,3338103.98,Branch,West Zone,Madhya Pradesh,Meena Iyer,Under Review,Transfer - Personal Loan - Dec 2013,0,186.43,3337917.55
TXN5152442,CUST23538,06-06-2018,Cash Deposit,PRD0010,fixed deposit,2010301.82,Branch,East Zone,Tamil Nadu,Vijay Kumar,Failed,Cash Deposit - Fixed Deposit - Jun 2018,361854.33,254.95,1648192.54
TXN6446132,CUST73505,26-11-2022,IMPS,PRD0002,Personal Loan,4296049.96,Phone Banking,Central Zone,Uttar Pradesh,Mohan Das,Completed,IMPS - Personal Loan - Nov 2022,0,10.01,4296039.95
TXN5164632,CUST89802,01-Oct-12,Transfer,PRD0014,OD Facility,1753379.7,POS,Central Zone,  Karnataka,Deepa Krishnan,Under Review,Transfer - OD Facility - Oct 2012,Rs.315608.35,423.34,1437348.01
TXN8316061,CUST54573,16-01-2011,EMI Payment,PRD0013,Insurance,3982619.54,NEFT/RTGS,West Zone,Kerala,Deepa Krishnan,Reversed,EMI Payment - Insurance - Jan 2011,0,427.86,3982191.68
TXN5481471,CUST16655,29-02-2012,Cash Withdrawal,PRD0012,MUTUAL FUND,1345799.32,  ATM,East Zone,haryana,Kavitha Subramanian,Reversed,Cash Withdrawal - Mutual Fund - Jan 2025,0,195.19,1345604.13
TXN3643938,CUST58931,03-07-2019,Penalty Charge,PRD0011,Recurring Deposit,4084624.34,Branch,West Zone,  Delhi,Mohan Das,Pending,Penalty Charge - Recurring Deposit - Jul 2019,0,270.15,4084354.19
TXN8186134,CUST42415,16-08-2023,Credit,PRD0006,BUSINESS LOAN,4272722.09,  NEFT/RTGS,South Zone,WEST BENGAL,Meena Iyer,Reversed,Credit - Business Loan - Aug 2023,769089.98,18.04,3503614.07
TXN2514763,CUST74174,23-08-2012,rtgs,PRD0007,Loan Against Property,2886303.03,Mobile App,Central Zone,Kerala,  Lalita Devi,Under Review,RTGS - Loan Against Property - Aug 2012,519534.55,347.13,2366421.35
TXN4638018,CUST24367,22-11-2020,EMI Payment,PRD0005,Education Loan,2788343.25,Internet Banking,west zone,Haryana,Meena Iyer,Pending,EMI Payment - Education Loan - Feb 2025,0,498.73,2787844.52
TXN6120953,CUST67763,11-07-2022,IMPS,PRD0013,INSURANCE,2555377.71,NEFT/RTGS,South Zone,West Bengal,SANJAY GUPTA,Reversed,IMPS - Insurance - Jul 2022,0,381.15,2554996.56
TXN2683290,CUST84473,30-05-2010,Cash Deposit,PRD0006,  Business Loan,1102398.25,NEFT/RTGS,North Zone,Telangana,  Amit Patel,Completed,Cash Deposit - Business Loan - May 2010,198431.68,131.94,903834.63
TXN2537272,CUST38329,18-Jul-25,Cash Deposit,PRD0003,  Auto Loan,288155.35,Branch,  North Zone,Haryana,RAMESH YADAV,Completed,Cash Deposit - Gold Loan - Jul 2025,51867.96,283.61,236003.78
TXN3651861,CUST58140,01-01-2010,transfer,PRD0014,OD Facility,4746509.69,NEFT/RTGS,EAST ZONE,Odisha,Rajesh Sharma,Reversed,Transfer - OD Facility - Jan 2010,854371.74,104.36,3892033.59
TXN7819007,CUST96363,06-Oct-25,Transfer,PRD0014,OD Facility,Rs.2409854.19,pos,South Zone,Madhya Pradesh,Nitin Joshi,Reversed,Transfer - OD Facility - Oct 2025,0,398.35,2409455.84
TXN9371812,CUST12050,31-03-2011,Debit,PRD0013,Insurance,1500896.49,POS,North Zone,Andhra Pradesh,Sanjay Gupta,Completed,Debit - Insurance - Mar 2011,270161.37,278.17,1230456.95
TXN6509740,CUST16076,19-12-2013,EMI Payment,PRD0002,personal loan,Rs.2191555.59,POS,West Zone,Punjab,  Nitin Joshi,Under Review,EMI Payment - Personal Loan - Dec 2013,394480.01,126.03,1796949.55
TXN6249405,CUST64419,26-11-2017,CASH DEPOSIT,PRD0002,Personal Loan,3917249.03,Mobile App,North Zone,Maharashtra,Nitin Joshi,Reversed,Cash Deposit - Personal Loan - Feb 2021,705104.83,40.16,3212104.04
TXN3534113,CUST78742,04-05-2017,Transfer,PRD0006,Business Loan,2262649.15,Internet Banking,East Zone,Haryana,LALITA DEVI,Reversed,Transfer - Business Loan - Nov 2020,407276.85,98.14,1855274.16
TXN1642597,CUST84912,22-10-2022,Cash Deposit,PRD0006,Business Loan,4119100.7,Branch,North Zone,Madhya Pradesh,Anita Bose,Completed,Cash Deposit - Business Loan - Jan 2019,0,84.2,4119016.5
TXN9613964,CUST29482,10-03-2016,Transfer,PRD0004,Gold Loan,4047019.13,POS,South Zone,Tamil Nadu,Meena Iyer,Completed,Transfer - Gold Loan - Mar 2016,728463.44,402.54,3318153.15
TXN4882892,CUST43518,17-05-2011,UPI,PRD0001,Home Loan,Rs.29576.16,ATM,South Zone,Maharashtra,KAVITHA SUBRAMANIAN,Completed,UPI - Home Loan - Jan 2017,0,357.28,29218.88
TXN1801365,CUST27295,09-05-2017,UPI,PRD0011,Recurring Deposit,250141.56,  Phone Banking,  Central Zone,Karnataka,Arun Mehta,Reversed,UPI - Recurring Deposit - May 2017,0,164.2,249977.36
TXN6796972,CUST96752,25-11-2021,UPI,PRD0012,Mutual Fund,610863.06,Phone Banking,North Zone,Kerala,Mohan Das,Completed,Interest Credit - Mutual Fund - Nov 2021,0,43.9,610819.16
TXN4406862,CUST96200,01-Feb-11,Transfer,PRD0010,Fixed Deposit,3372088.85,Internet Banking,South Zone,Andhra Pradesh,lalita devi,Reversed,Transfer - Fixed Deposit - Feb 2011,606975.99,25.62,2765087.24
TXN5696756,CUST80593,03-03-2017,Cash Withdrawal,PRD0007,Loan Against Property,3803267.88,Mobile App,  Central Zone,Maharashtra,Lalita Devi,Reversed,Cash Withdrawal - Loan Against Property - Mar 2017,Rs.0,458.07,3802809.81
TXN5337005,CUST84341,23-03-2025,upi,PRD0001,Home Loan,1552018.11,Phone Banking,Central Zone,Andhra Pradesh,Mohan Das,Failed,UPI - Home Loan - Oct 2019,0,214.37,1551803.74
TXN5942647,CUST47594,09-05-2023,credit,PRD0008,Credit Card,3154707.83,ATM,NORTH ZONE,Gujarat,Arun Mehta,Completed,Credit - Credit Card - Jul 2025,0,69.3,3154638.53
TXN5467089,CUST77552,01-Feb-20,  Cash Withdrawal,PRD0006,BUSINESS LOAN,Rs.4644530.87,ATM,North Zone,Telangana,RAMESH YADAV,SUCCESS,Cash Withdrawal - Business Loan - Feb 2020,836015.56,78.39,3808436.92
TXN8681775,CUST13906,11-07-2016,RTGS,PRD0012,Mutual Fund,677919.71,Branch,SOUTH ZONE,Tamil Nadu,Sunita Rao,Completed,RTGS - Mutual Fund - Jul 2011,0,252.18,Rs.677667.53
TXN2347136,CUST28659,11-Nov-19,interest credit,PRD0013,Insurance,2433312.76,NEFT/RTGS,  South Zone,Karnataka,Ramesh Yadav,Pending,Interest Credit - Insurance - Nov 2019,437996.3,38.91,1995277.55
TXN7727219,CUST27705,30-Aug-18,UPI,PRD0001,Home Loan,575092.19,ATM,EAST ZONE,west bengal,Sanjay Gupta,Reversed,UPI - Home Loan - Aug 2018,Rs.103516.59,299.95,471275.65
TXN4915525,CUST13406,21-07-2014,RTGS,PRD0007,loan against property,2687964.31,Internet Banking,Central Zone,Delhi,Amit Patel,Under Review,RTGS - Loan Against Property - Jul 2014,0,333.2,Rs.2687631.11
TXN2294348,CUST84912,22-10-2022,Penalty Charge,PRD0014,OD Facility,2063247.15,  Mobile App,West Zone,Andhra Pradesh,Ramesh Yadav,Failed,Penalty Charge - OD Facility - Oct 2010,371384.49,216.97,1691645.69
TXN3189991,CUST81646,06-Jun-14,RTGS,PRD0011,RECURRING DEPOSIT,2749840.74,POS,West Zone,Odisha,Ramesh Yadav,Pending,RTGS - Recurring Deposit - Jun 2014,494971.33,386.86,2254482.55
TXN6143988,CUST87303,05-03-2017,Loan Disbursal,PRD0011,Recurring Deposit,1692488.55,ATM,East Zone,Punjab,Rajesh Sharma,Reversed,Penalty Charge - Recurring Deposit - Mar 2017,0,142.22,1692346.33
TXN3763026,CUST87303,31-10-2015,Credit,PRD0004,Gold Loan,4029214.68,Branch,East Zone,Rajasthan,Kavitha Subramanian,Pending,Credit - Gold Loan - Mar 2015,725258.64,329.43,3303626.61
TXN9555281,CUST28350,09-02-2020,UPI,PRD0011,Recurring Deposit,1479447.61,pos,North Zone,Madhya Pradesh,Sanjay Gupta,SUCCESS,UPI - Recurring Deposit - Feb 2020,0,0,1479051.49
TXN2486356,CUST96169,07-01-2018,Cash Withdrawal,PRD0013,INSURANCE,3717025.24,Internet Banking,East Zone,Uttar Pradesh,Mohan Das,Pending,Cash Withdrawal - Insurance - Jul 2018,669064.54,0,3047902.21
TXN3072188,CUST28322,29-Oct-18,  Transfer,PRD0009,Savings Account,367084.64,Branch,North Zone,Madhya Pradesh,  Amit Patel,Under Review,Transfer - Savings Account - Oct 2018,66075.24,76.09,300933.31
TXN9322041,CUST20127,10-Dec-23,Credit,PRD0009,Savings Account,1277044.02,atm,West Zone,Maharashtra,Arun Mehta,Pending,Credit - Savings Account - Dec 2023,0,371.25,1276672.77
TXN1299553,CUST34420,06-05-2017,UPI,PRD0007,  Loan Against Property,4589736.94,Branch,Central Zone,Gujarat,Kavitha Subramanian,Failed,UPI - Loan Against Property - Dec 2022,826152.65,240.84,3763343.45
TXN1727068,CUST78116,10-02-2015,Cash Withdrawal,PRD0008,Credit Card,2121041.05,  ATM,Central Zone,Kerala,meena iyer,Completed,Cash Withdrawal - Credit Card - Sep 2021,0,377.67,2120663.38
TXN4142479,CUST75191,21-Sep-11,Cash Withdrawal,PRD0007,loan against property,3381782.88,ATM,south zone,Gujarat,Priya Nair,Failed,Cash Withdrawal - Loan Against Property - Sep 2011,0,173.96,3381608.92
TXN3367380,CUST27495,10-06-2025,Cash Deposit,PRD0008,credit card,4706295.44,branch,East Zone,andhra pradesh,Deepa Krishnan,Pending ,Cash Deposit - Credit Card - Feb 2015,0,207.01,4706088.43
TXN2547607,CUST31660,27-10-2011,Credit,PRD0006,Business Loan,3582042.98,Internet Banking,North Zone,Uttar Pradesh,Nitin Joshi,Failed,Credit - Business Loan - Oct 2011,0,92.68,2937182.56
TXN8150871,CUST49703,19-May-19,TRANSFER,PRD0012,Mutual Fund,Rs.586836.78,NEFT/RTGS,North Zone,  West Bengal,Anita Bose,Failed,Transfer - Mutual Fund - May 2019,0,418.85,586417.93
TXN8711478,CUST96363,17-11-2022,NEFT,PRD0006,Business Loan,293490.31,Branch,West Zone,Karnataka,RAMESH YADAV,Reversed,NEFT - Business Loan - Nov 2022,0,340.53,293149.78
TXN4637237,CUST60326,11-01-2022,NEFT,PRD0006,Business Loan,2016637.78,POS,West Zone,Haryana,Arun Mehta,Failed,NEFT - Business Loan - May 2025,362994.8,88.48,1653554.5
TXN9970943,CUST26961,01-01-2025,UPI,PRD0005,Education Loan,4161406.89,mobile app,North Zone,Kerala,  Ramesh Yadav,Under Review,UPI - Education Loan - May 2015,Rs.749053.24,210.07,3412143.58
TXN6823651,CUST43619,07-01-2019,Cash Withdrawal,PRD0013,Insurance,325018.28,Branch,South Zone,Kerala,Lalita Devi,Under Review,Cash Withdrawal - Insurance - Sep 2015,0,247.26,324771.02
TXN5669200,CUST88956,01-02-2013,Penalty Charge,PRD0001,Home Loan,4442936.16,ATM,CENTRAL ZONE,Maharashtra,RAJESH SHARMA,Failed,Penalty Charge - Home Loan - Sep 2017,0,372.02,4442564.14
TXN2686789,CUST52550,10-02-2014,  NEFT,PRD0005,Education Loan,4826344.66,Mobile App,Central Zone,Andhra Pradesh,mohan das,Under Review,NEFT - Education Loan - Oct 2014,868742.04,181.45,3957421.17
TXN1070189,CUST53420,14-03-2016,Interest Credit,PRD0002,  Personal Loan,3239945.17,  Mobile App,west zone,west bengal,Lalita Devi,Failed,Interest Credit - Personal Loan - Mar 2016,0,336.1,3239609.07
TXN8255322,CUST61697,05-06-2010,Transfer,PRD0007,Loan Against Property,2758763.39,ATM,South Zone,delhi,Meena Iyer,Failed,Transfer - Loan Against Property - Jun 2010,496577.41,354.73,2261831.25
TXN7160430,CUST89405,20-07-2014,Transfer,PRD0009,Savings Account,4132186.67,Internet Banking,South Zone,Rajasthan,Nitin Joshi,Reversed,Transfer - Savings Account - Jul 2014,0,332.2,4131854.47
TXN9808268,CUST50888,09-08-2019,UPI,PRD0014,OD Facility,3451629.16,Phone Banking,South Zone,Gujarat,Arun Mehta,Completed,UPI - OD Facility - Feb 2014,621293.25,291.66,2830044.25
TXN5510178,CUST30648,11-12-2017,NEFT,PRD0017,Auto Loan,2829103.76,NEFT/RTGS,North Zone,Rajasthan,sunita rao,COMPLETED,NEFT - Auto Loan - Aug 2021,509238.68,37.59,2319827.49
TXN7318365,CUST34673,20-01-2024,RTGS,PRD0006,Business Loan,4767345.05,Phone Banking,SOUTH ZONE,Rajasthan,Divya Joshi,Under Review,RTGS - Business Loan - Jan 2024,858122.11,Rs.290.64,Rs.3908932.3
TXN6598455,CUST13406,25-04-2010,Cash Withdrawal,PRD0011,Recurring Deposit,1431377.41,Phone Banking,East Zone,Madhya Pradesh,SUNITA RAO,Pending,Cash Withdrawal - Recurring Deposit - Dec 2020,257647.93,56.46,1173673.02
TXN1552761,CUST52568,03-06-2023,Cash Withdrawal,PRD0013,insurance,4241218.45,ATM,North Zone,  Uttar Pradesh,Amit Patel,Failed,Cash Withdrawal - Insurance - Jun 2023,763419.32,476.83,3477322.3
TXN5390807,CUST63914,30-04-2018,INTEREST CREDIT,PRD0007,Loan Against Property,651876.07,atm,WEST ZONE,Tamil Nadu,PRIYA NAIR,Under Review,Interest Credit - Loan Against Property - May 2022,0,Rs.51.46,651824.61
TXN7501434,CUST84349,16-03-2013,  Cash Deposit,PRD0014,OD Facility,1181484.39,  ATM,South Zone,Maharashtra,Deepa Krishnan,Failed,IMPS - OD Facility - Mar 2013,0,78.36,1181406.03
TXN6669464,CUST34420,06-05-2017,CREDIT,PRD0004,Gold Loan,3287803.6,  Branch,  West Zone,Kerala,Deepa Krishnan,Under Review,EMI Payment - Gold Loan - Jul 2014,591804.65,Rs.432.4,3287803.6
TXN6007066,CUST68554,31-12-2025,Transfer,PRD0007,Loan Against Property,3408482.37,ATM,North Zone,Gujarat,Priya Nair,Completed,Transfer - Loan Against Property - Dec 2025,0,259.76,2794695.78
TXN1116866,CUST91292,11-11-2024,Credit,PRD0012,MUTUAL FUND,4215449.94,Branch,West Zone,andhra pradesh,Nitin Joshi,Completed,Credit - Mutual Fund - Oct 2017,758780.99,484.52,3456184.43
TXN1058643,CUST83308,06-02-2015,cash withdrawal,PRD0014,OD Facility,4895408.35,Branch,North Zone,Odisha,Priya Patel,Pending,Cash Withdrawal - OD Facility - Feb 2015,881173.5,336.81,4013898.04
TXN9736027,CUST42955,02-12-2013,Penalty Charge,PRD0006,Business Loan,4556400.77,Mobile App,west zone,Tamil Nadu,Kavitha Subramanian,SUCCESS,Penalty Charge - Business Loan - Feb 2013,820152.14,101.56,3736147.07
TXN4284968,CUST42955,12-02-2013,Penalty Charge,PRD0006,Business Loan,4556400.77,Mobile App,West Zone,Tamil Nadu,Kavitha Subramanian,Completed,Penalty Charge - Business Loan - Feb 2013,820152.14,101.56,3736147.07
TXN6812098,CUST19924,20-07-2015,cash deposit,PRD0002,Personal Loan,1850196.4,NEFT/RTGS,North Zone,Maharashtra,Sanjay Gupta,Completed,Cash Deposit - Personal Loan - Jul 2015,0,224.57,1849971.83
TXN9044833,CUST31237,27-01-2011,Cash Deposit,PRD0005,education loan,2775241.3,Mobile App,south zone,Rajasthan,Meena Iyer,Completed,Cash Deposit - Education Loan - Jan 2011,499543.43,Rs.460.85,2275237.02
TXN7868690,CUST69892,13-11-2021,NEFT,PRD0014,  OD Facility,Rs.1028205.4,  Phone Banking,Central Zone,KARNATAKA,Nitin Joshi,Under Review,NEFT - OD Facility - Nov 2021,106118.1,174.44,483252.45
TXN1213102,CUST58323,30-Jul-16,debit,PRD0008,Credit Card,2893408.23,branch,East Zone,Kerala,Deepa Krishnan,Failed,Debit - Credit Card - Jul 2016,0,379.76,2893028.47
TXN4831277,CUST38748,22-10-2022,Credit,PRD0013,INSURANCE,953680.48,Phone Banking,Central Zone,PUNJAB,Priya Nair,Reversed,Credit - Insurance - Oct 2022,0,Rs.20.15,953660.33
TXN5031816,CUST15486,06-07-2011,imps,PRD0005,Education Loan,3308089.98,ATM,CENTRAL ZONE,Delhi,Rajesh Sharma,Failed,IMPS - Education Loan - Jul 2011,595456.2,37.62,2712596.16
TXN4254686,CUST66349,13-12-2013,debit,PRD0011,Recurring Deposit,3892310.12,POS,East Zone,Telangana,LALITA DEVI,failed,Debit - Recurring Deposit - Dec 2013,700615.82,115.7,3191578.6
TXN3860061,CUST36976,24-03-2022,CASH DEPOSIT,PRD0002,personal loan,1026524.62,NEFT/RTGS,South Zone,Rajasthan,Mohan Das,Reversed,Cash Deposit - Personal Loan - Mar 2022,184774.43,382.05,841368.14
TXN7830376,CUST63848,13-12-2012,Debit,PRD0013,insurance,Rs.1017722.55,  Internet Banking,West Zone,  Odisha,Ramesh Yadav,Reversed,Debit - Insurance - Dec 2012,0,80.68,Rs.1017722.55
TXN3682075,CUST75350,02-08-2025,RTGS,PRD0012,Mutual Fund,1254751.57,POS,north zone,karnataka,Meena Iyer,Reversed,RTGS - Mutual Fund - Aug 2025,225855.28,293.83,1028602.46
TXN3924848,CUST96200,24-03-2014,TRANSFER,PRD0008,Credit Card,3161880.41,phone banking,WEST ZONE,telangana,Priya Nair,Pending,Transfer - Credit Card - Mar 2025,0,215.91,2592526.03
TXN4117533,CUST29162,10-07-2025,Cash Deposit,PRD0014,OD Facility,2722919.65,POS,North Zone,Rajasthan,Deepa Krishnan,Reversed,Cash Deposit - OD Facility - Dec 2014,0,64.97,2722854.68
TXN9509427,CUST64651,10-07-2021,EMI Payment,PRD0006,Business Loan,1713597.6,atm,West Zone,West Bengal,Mohan Das,Under Review,EMI Payment - Business Loan - Oct 2021,308447.57,69.05,1405080.98
TXN2201658,CUST82973,30-08-2022,UPI,PRD0007,loan against property,542578.59,Branch,west zone,Delhi,Kavitha Subramanian,failed,UPI - Loan Against Property - Mar 2019,97664.15,80.92,444833.52
TXN6100113,CUST21359,19-01-2018,  RTGS,PRD0017,AUTO LOAN,Rs.1028205.4,Mobile App,EAST ZONE,KERALA,Amit Patel,Reversed,RTGS - Auto Loan - Jan 2018,0,32.98,2354974.2
TXN7367425,CUST89954,09-09-2017,Penalty Charge,PRD0002,Personal Loan,4393079.33,Phone Banking,North Zone,Punjab,Ramesh Yadav,Reversed,Penalty Charge - Personal Loan - Sep 2017,790754.28,39.64,3602285.41
TXN9806207,CUST60342,23-12-2018,RTGS,PRD0003,  Auto Loan,1551823.01,NEFT/RTGS,West Zone,Kerala,Lalita Devi,Completed,RTGS - Auto Loan - Dec 2018,279328.14,Rs.25.09,1272469.78
TXN2177010,CUST83755,10-Nov-19,Debit,PRD0003,  Auto Loan,3955505.57,Mobile App,East Zone,Andhra Pradesh,MEENA IYER,Completed,Debit - Auto Loan - Nov 2019,0,298.28,3955207.29
TXN3157883,CUST31660,14-10-2011,Loan Disbursal,PRD0017,Auto Loan,4351447.44,ATM,South Zone,West Bengal,Deepa Krishnan,Failed,Loan Disbursal - Auto Loan - Oct 2011,783260.54,235.83,3567951.07
TXN7557342,CUST76448,02-09-2022,Credit,PRD0014,OD Facility,2597051.29,atm,West Zone,Telangana,Sunita Rao,Reversed,Credit - OD Facility - Sep 2022,0,493.45,2596557.84
TXN3078806,CUST42947,15-07-2022,PENALTY CHARGE,PRD0005,Education Loan,3989335.64,INTERNET BANKING,Central Zone,West Bengal,amit patel,Failed,Penalty Charge - Education Loan - Jul 2022,0,15.5,3989320.14
TXN7617162,CUST22492,20-Aug-21,Debit,PRD0004,Gold Loan,Rs.3815488.66,ATM,West Zone,Madhya Pradesh,Priya Nair,Reversed,Debit - Gold Loan - Aug 2021,686787.96,203.17,3128497.53
TXN5168199,CUST26144,25-06-2011,  NEFT,PRD0005,Education Loan,3249372.25,Mobile App,South Zone,Karnataka,Priya Nair,Under Review,NEFT - Education Loan - Aug 2024,Rs.584887.01,85.19,2664400.05
TXN6040993,CUST19508,19-06-2025,Debit,PRD0005,Education Loan,4639296.22,NEFT/RTGS,East Zone,west bengal,Arun Mehta,Reversed,Debit - Education Loan - Jun 2025,835073.32,400.76,3803822.14
TXN7106894,CUST25220,17-05-2025,  Penalty Charge,PRD0012,Mutual Fund,1407069.03,branch,NORTH ZONE,Delhi,Arun Mehta,Reversed,Penalty Charge - Mutual Fund - Nov 2016,253272.43,325.3,1153471.3
TXN9558649,CUST16461,14-Aug-17,Debit,PRD0010,Fixed Deposit,Rs.1028205.4,NEFT/RTGS,  East Zone,Delhi,Sunita Rao,Pending,Debit - Fixed Deposit - Aug 2017,0,320.31,4462794.34
TXN6323274,CUST33206,10-03-2017,IMPS,PRD0006,business loan,4384748.65,  Internet Banking,East Zone,  Punjab,Rajesh Sharma,Failed,IMPS - Business Loan - Oct 2017,0,157.63,4384591.02
TXN1282947,CUST91490,24-11-2022,Transfer,PRD0010,Fixed Deposit,3898244.86,neft/rtgs,SOUTH ZONE,Madhya Pradesh,Priya Nair,Reversed,Transfer - Fixed Deposit - Nov 2022,701684.07,462.43,3196098.36
TXN8425126,CUST60342,06-07-2023,EMI Payment,PRD0012,Mutual Fund,4171588.9,Phone Banking,Central Zone,  Delhi,sunita rao,completed,EMI Payment - Mutual Fund - Jul 2023,750886,144.64,3420558.26
TXN1297390,CUST78679,01-Mar-17,UPI,PRD0008,Credit Card,1462018.06,Phone Banking,South Zone,Rajasthan,Ramesh Yadav,Reversed,UPI - Credit Card - Mar 2017,0,Rs.188.59,1461829.47
TXN9053239,CUST15881,12-01-2016,NEFT,PRD0004,GOLD LOAN,839150.23,Internet Banking,East Zone,Uttar Pradesh,Anita Bose,Completed,NEFT - Gold Loan - Jan 2016,151047.04,238.83,839150.23
TXN4688890,CUST64304,25-Jul-15,  Cash Deposit,PRD0017,auto loan,1708586.39,Mobile App,North Zone,Tamil Nadu,Arun Mehta,Completed,Cash Deposit - Auto Loan - Jul 2015,307545.55,342.35,1400698.49
TXN6044864,CUST51116,17-Jul-18,IMPS,PRD0014,OD Facility,1261041.9,Mobile App,South Zone,West Bengal,Rajesh Sharma,Reversed,IMPS - OD Facility - Jul 2018,226987.54,196.73,1033857.63
TXN6553967,CUST30286,20-01-2015,Interest Credit,PRD0011,Recurring Deposit,2272986.84,Mobile App,Central Zone,West Bengal,Rajesh Sharma,Reversed,Interest Credit - Recurring Deposit - Jan 2015,0,112.46,2272874.38
TXN1416150,CUST93472,12-07-2010,Cash Withdrawal,PRD0010,Fixed Deposit,870899.23,phone banking,north zone,  West Bengal,Rajesh Sharma,Reversed,Cash Withdrawal - Fixed Deposit - Jul 2010,156761.86,476.48,713660.89
TXN1888037,CUST93634,04-07-2025,LOAN DISBURSAL,PRD0012,Mutual Fund,2767171.98,Phone Banking,North Zone,Odisha,ARUN MEHTA,completed,Loan Disbursal - Mutual Fund - Jul 2025,498090.96,214.62,2268866.4
TXN8016574,CUST59528,03-11-2016,RTGS,PRD0004,Gold Loan,2258271.97,Branch,West Zone,Maharashtra,Nitin Joshi,Under Review,RTGS - Gold Loan - Feb 2010,0,267.07,2258004.9
TXN1570536,CUST67065,02-02-2013,Transfer,PRD0012,Mutual Fund,4870835.63,NEFT/RTGS,west zone,Delhi,kavitha subramanian,Completed,Transfer - Mutual Fund - Sep 2010,876750.41,338.18,3993747.04
TXN4857718,CUST80972,30-04-2025,UPI,PRD0013,Insurance,2525870.8,MOBILE APP,West Zone,Karnataka,Amit Patel,Completed,UPI - Insurance - Apr 2025,0,341.74,2525529.06
TXN5174633,CUST90863,09-07-2019,Transfer,PRD0008,  Credit Card,1474319.62,NEFT/RTGS,north zone,uttar pradesh,Kavitha Subramanian,Under Review,Transfer - Credit Card - Jul 2019,265377.53,72.12,1208869.97
TXN4141461,CUST69892,01-03-2024,Debit,PRD0009,savings account,653607.29,Phone Banking,central zone,ANDHRA PRADESH,Mohan Das,Pending,Debit - Savings Account - Jun 2020,117649.31,201.21,653607.29
TXN6487665,CUST30730,23-10-2021,  Credit,PRD0011,Recurring Deposit,1772558.14,ATM,East Zone,Uttar Pradesh,Kavitha Subramanian,Reversed,Credit - Recurring Deposit - Oct 2021,0,242.35,1772315.79
TXN6919778,CUST52688,05-06-2017,debit,PRD0007,Loan Against Property,4037152.72,Branch,Central Zone,Karnataka,Ramesh Yadav,Reversed,Debit - Loan Against Property - Jun 2012,726687.49,49.91,3310415.32
TXN2612482,CUST39933,20-10-2021,Loan Disbursal,PRD0008,Credit Card,1357419.43,POS,East Zone,Odisha,Rajesh Sharma,Under Review,Loan Disbursal - Credit Card - Oct 2021,244335.5,96.15,1112987.78
TXN6573051,CUST84455,29-02-2020,Interest Credit,PRD0001,Home Loan,2898282.14,BRANCH,north zone,PUNJAB,ANITA BOSE,Completed,Interest Credit - Home Loan - Oct 2021,0,255.73,2898026.41
TXN1224453,CUST84455,16-10-2021,Interest Credit,PRD0001,Home Loan,2898282.14,Branch,North Zone,Punjab,Anita Bose,Completed,Interest Credit - Home Loan - Oct 2021,0,255.73,2898026.41
TXN6845131,CUST38110,25-06-2020,Debit,PRD0012,Mutual Fund,4877707.43,POS,West Zone,Maharashtra,Rajesh Sharma,Pending,Debit - Mutual Fund - Mar 2025,0,227.17,4877480.26
TXN9799204,CUST29331,16-Dec-14,Cash Deposit,PRD0006,Business Loan,4226241.53,Internet Banking,Central Zone,Odisha,Ramesh Yadav,Under Review,Cash Deposit - Business Loan - Dec 2014,760723.48,327.4,3465190.65
TXN8788009,CUST36041,13-05-2017,cash withdrawal,PRD0013,Insurance,3075886.38,NEFT/RTGS,north zone,Haryana,Vijay Kumar,Completed,Cash Withdrawal - Insurance - May 2017,0,Rs.461.07,Rs.3075425.31
TXN8664356,CUST24832,01-10-2024,Debit,PRD0001,Home Loan,2849440.59,ATM,SOUTH ZONE,Uttar Pradesh,nitin joshi,Failed,Debit - Home Loan - Oct 2024,0,160.9,Rs.2849279.69
TXN3271965,CUST42955,12-Feb-13,Debit,PRD0006,Business Loan,2860976.87,Branch,West Zone,Rajasthan,MOHAN DAS,completed,Debit - Business Loan - Feb 2013,514975.84,134.66,2345866.37
TXN1240903,CUST16076,05-07-2010,UPI,PRD0005,Education Loan,673506.04,NEFT/RTGS,south zone,Tamil Nadu,Sunita Rao,Reversed,UPI - Education Loan - May 2010,121231.09,433.97,551840.98
TXN9558900,CUST50166,10-11-2015,EMI Payment,PRD0002,Personal Loan,225288.06,Branch,East Zone,tamil nadu,Meena Iyer,Pending,EMI Payment - Personal Loan - Nov 2015,40551.85,132.51,184603.7
TXN6842763,CUST61697,14-04-2014,Loan Disbursal,PRD0010,Fixed Deposit,818078.41,POS,north zone,Telangana,RAMESH YADAV,Pending,Loan Disbursal - Fixed Deposit - Apr 2014,147254.11,465.52,670358.78
TXN4447616,CUST62761,30-04-2018,Loan Disbursal,PRD0011,Recurring Deposit,3877860.42,ATM,Central Zone,Haryana,Arun Mehta,Completed,Loan Disbursal - Recurring Deposit - Jan 2023,0,252.82,Rs.3179592.72
TXN6344469,CUST74174,09-Oct-16,Cash Deposit,PRD0014,od facility,1496309.23,Internet Banking,Central Zone,Odisha,nitin joshi,Under Review,Cash Deposit - OD Facility - Oct 2016,0,310.59,1495998.64
TXN4038768,CUST49917,06-08-2018,interest credit,PRD0006,  Business Loan,4183556.82,Branch,north zone,ODISHA,Nitin Joshi,Reversed,Interest Credit - Business Loan - Aug 2018,0,405.48,4183556.82
TXN7297521,CUST62761,30-04-2018,EMI Payment,PRD0004,Gold Loan,3622942.99,ATM,north zone,Uttar Pradesh,Kavitha Subramanian,Under Review,EMI Payment - Gold Loan - Jan 2019,0,296.21,3622646.78
TXN8895068,CUST27840,18-03-2012,Loan Disbursal,PRD0017,auto loan,178139.65,Mobile App,East Zone,Odisha,  Nitin Joshi,Completed,Loan Disbursal - Auto Loan - Apr 2015,32065.14,202.8,145871.71
TXN8361170,CUST87165,03-11-2023,UPI,PRD0009,Savings Account,Rs.1028205.4,POS,North Zone,maharashtra,ANITA BOSE,Pending,UPI - Savings Account - Sep 2017,0,244.17,1947803.67
TXN7672705,CUST70036,26-11-2017,Penalty Charge,PRD0009,Savings Account,4337649.71,ATM,SOUTH ZONE,Andhra Pradesh,Amit Patel,Failed,Penalty Charge - Savings Account - Jul 2014,780776.95,90.84,3556781.92
TXN3023572,CUST50378,06-05-2017,IMPS,PRD0003,  Auto Loan,3857435.83,NEFT/RTGS,East Zone,UTTAR PRADESH,Vijay Kumar,Pending,IMPS - Home Loan - Jan 2013,694338.45,369.12,3162728.26
TXN4083541,CUST45989,06-06-2018,IMPS,PRD0005,EDUCATION LOAN,Rs.3481816.77,Mobile App,West Zone,RAJASTHAN,nitin joshi,Under Review,IMPS - Education Loan - Jun 2018,626727.02,449.81,2854639.94
TXN4137657,CUST31750,09-03-2021,loan disbursal,PRD0017,auto loan,1606595.14,  POS,Central Zone,Punjab,Lalita Devi,Pending,Loan Disbursal - Auto Loan - Jul 2020,Rs.0,432.48,1606162.66
TXN1710798,CUST74491,26-12-2016,RTGS,PRD0012,Mutual Fund,479928.21,MOBILE APP,north zone,Uttar Pradesh,Amit Patel,Under Review,RTGS - Mutual Fund - Dec 2016,86387.08,80.2,393460.93
TXN8495721,CUST70810,20-08-2017,NEFT,PRD0011,Recurring Deposit,1826372.51,POS,  Central Zone,Karnataka,Rajesh Sharma,Failed,NEFT - Recurring Deposit - Aug 2017,328747.05,16.13,1497609.33
TXN5187803,CUST18694,10-07-2025,RTGS,PRD0006,Business Loan,1904428.02,Mobile App,CENTRAL ZONE,Maharashtra,ramesh yadav,Pending,RTGS - Business Loan - Jul 2018,342797.04,332.29,1904428.02
TXN5451132,CUST86619,28-07-2015,imps,PRD0001,Home Loan,1565721.64,ATM,West Zone,Uttar Pradesh,Rajesh Sharma,Pending,IMPS - Home Loan - Jul 2015,281829.9,410.75,1283480.99
TXN7899829,CUST47982,02-Oct-11,RTGS,PRD0004,Gold Loan,4551797.71,POS,  East Zone,Odisha,Rahul Sharma,Failed,RTGS - Gold Loan - Oct 2011,0,93.17,4551704.54
TXN7239773,CUST79932,03-06-2021,RTGS,PRD0010,fixed deposit,1486906.83,Internet Banking,North Zone,Odisha,Kavitha Subramanian,Under Review,RTGS - Fixed Deposit - Jun 2021,267643.23,358.23,1218905.37
TXN7215428,CUST23614,30-04-2022,EMI Payment,PRD0001,Home Loan,441279.07,NEFT/RTGS,Central Zone,telangana,  Deepa Krishnan,Completed,EMI Payment - Home Loan - Apr 2022,79430.23,193.52,361655.32
TXN4486407,CUST35652,07-Jul-24,  NEFT,PRD0006,BUSINESS LOAN,964443.95,  ATM,West Zone,Maharashtra,Priya Nair,Completed,NEFT - Business Loan - Jul 2024,0,481.74,963962.21
TXN4862718,CUST38329,08-09-2024,Penalty Charge,PRD0004,Gold Loan,195361.29,NEFT/RTGS,central zone,maharashtra,Kavitha Subramanian,Completed,Penalty Charge - Gold Loan - Sep 2024,0,118.78,195242.51
TXN6971715,CUST93472,02-Feb-19,EMI Payment,PRD0011,Recurring Deposit,1489617.03,Mobile App,North Zone,Andhra Pradesh,amit patel,Reversed,EMI Payment - Recurring Deposit - Feb 2019,268131.07,322.39,1221163.57
TXN1051081,CUST76093,02-01-2015,Transfer,PRD0012,Mutual Fund,1257594.49,BRANCH,Central Zone,Telangana,Nitin Joshi,Pending,Transfer - Mutual Fund - Jan 2015,0,41.62,1257552.87
TXN2466925,CUST38110,25-06-2020,  Cash Withdrawal,PRD0001,  Home Loan,1354707.04,NEFT/RTGS,Central Zone,Kerala,Rajesh Sharma,Reversed,Cash Withdrawal - Home Loan - Sep 2022,243847.27,0,1110532.17
TXN1894881,CUST19432,08-07-2025,Credit,PRD0004,Gold Loan,2080739.39,POS,EAST ZONE,Tamil Nadu,Rajesh Sharma,Completed,Credit - Gold Loan - Jul 2025,0,380.82,2080358.57
TXN4531509,CUST75350,07-Feb-12,Cash Withdrawal,PRD0008,Credit Card,1318004.89,Branch,South Zone,Delhi,Anita Bose,Completed,Cash Withdrawal - Credit Card - Feb 2012,237240.88,139.54,1080624.47
TXN5884476,CUST63848,30-03-2015,Cash Deposit,PRD0007,loan against property,Rs.1028205.4,ATM,East Zone,  West Bengal,Anita Bose,Completed,Cash Deposit - Loan Against Property - Jul 2014,0,162.5,4251535.47
TXN1161549,CUST36041,24-06-2010,NEFT,PRD0011,Recurring Deposit,123425.92,ATM,WEST ZONE,gujarat,Kavitha Subramanian,Completed,NEFT - Recurring Deposit - Sep 2021,22216.67,398.41,100810.84
TXN7401597,CUST33206,05-06-2017,Transfer,PRD0012,Mutual Fund,2616352.73,mobile app,WEST ZONE,  Andhra Pradesh,Meena Iyer,Under Review,Transfer - Mutual Fund - Jun 2017,470943.49,451.42,2144957.82
TXN1620682,CUST36186,09-04-2019,  Cash Deposit,PRD0014,OD Facility,2560695.97,ATM,South Zone,Gujarat,Nitin Joshi,Reversed,Credit - OD Facility - Jun 2020,0,221.39,2560474.58
TXN1331042,CUST77552,08-04-2013,Interest Credit,PRD0007,Loan Against Property,2528619.53,POS,Central Zone,West Bengal,Ramesh Yadav,Failed,Interest Credit - Loan Against Property - Aug 2013,0,64.72,2528554.81
TXN3305960,CUST59054,01-01-2015,PENALTY CHARGE,PRD0012,Mutual Fund,Rs.3968382.02,Internet Banking,Central Zone,  Tamil Nadu,Kavitha Subramanian,Completed,Penalty Charge - Mutual Fund - Jan 2015,0,172.28,3968209.74
TXN9324414,CUST61721,07-11-2017,Debit,PRD0009,Savings Account,1521945,ATM,East Zone,Madhya Pradesh,Amit Patel,Failed,Debit - Savings Account - Nov 2017,273950.1,401.39,1247593.51
TXN5248060,CUST11052,03-06-2015,Debit,PRD0005,Education Loan,4975465.51,Phone Banking,North Zone,Andhra Pradesh,Anita Bose,Failed,Debit - Education Loan - Sep 2019,0,74.92,4975390.59
TXN2009918,CUST91490,07-11-2013,IMPS,PRD0014,OD Facility,2941064.37,Mobile App,Central Zone,rajasthan,Nitin Joshi,Under Review,IMPS - OD Facility - Jul 2014,0,338.43,2940725.94
TXN4737153,CUST82973,30-08-2022,Penalty Charge,PRD0011,Recurring Deposit,2393650.8,ATM,WEST ZONE,Tamil Nadu,Meena Iyer,Completed,Penalty Charge - Recurring Deposit - Aug 2015,430857.14,412.47,Rs.1962381.19
TXN8860178,CUST68479,11-02-2016,IMPS,PRD0013,  Insurance,4369054.9,  ATM,West Zone,Andhra Pradesh,Rajesh Sharma,Failed,IMPS - Insurance - Feb 2016,0,255.72,4368799.18
TXN6059056,CUST46915,07-07-2022,cash withdrawal,PRD0007,Loan Against Property,2626026.85,NEFT/RTGS,Central Zone,Haryana,Kavitha Subramanian,Reversed,Cash Withdrawal - Loan Against Property - Jul 2022,0,23.38,2626003.47
TXN4615499,CUST66371,15-09-2014,NEFT,PRD0002,personal loan,3454349.61,Branch,west zone,Rajasthan,Sanjay Gupta,Reversed,NEFT - Personal Loan - Sep 2012,621782.93,155.36,2832411.32
TXN3364632,CUST28659,28-05-2023,Cash Withdrawal,PRD0008,Credit Card,1853327.24,Internet Banking,East Zone,Delhi,Amit Patel,Completed,Cash Withdrawal - Credit Card - May 2023,333598.9,Rs.490.54,1519237.8
TXN4312137,CUST89954,05-09-2016,  Cash Deposit,PRD0014,OD Facility,1048057.51,Phone Banking,west zone,Andhra Pradesh,Mohan Das,Pending,Debit - OD Facility - Sep 2016,188650.35,276.77,859130.39
TXN2598746,CUST47408,18-05-2022,Cash Deposit,PRD0013,Insurance,9813.35,ATM,South Zone,Telangana,Meena Iyer,Failed,Cash Deposit - Insurance - May 2022,1766.4,20.56,8026.39
TXN4236090,CUST78740,25-02-2013,RTGS,PRD0003,  Auto Loan,136089.59,Phone Banking,NORTH ZONE,  Haryana,Vijay Kumar,Pending,RTGS - Auto Loan - Feb 2013,0,290.28,135799.31
TXN1686830,CUST79228,02-11-2017,Credit,PRD0006,BUSINESS LOAN,Rs.3905138.41,Phone Banking,East Zone,PUNJAB,  Lalita Devi,failed,Credit - Business Loan - Nov 2017,0,245.04,3904893.37
TXN2807295,CUST40427,18-Dec-22,Loan Disbursal,PRD0006,Business Loan,2871796,POS,central zone,Punjab,Amit Patel,Under Review,Loan Disbursal - Business Loan - Dec 2022,Rs.516923.28,341.7,2354531.02
TXN1228038,CUST71875,05-04-2019,Debit,PRD0013,INSURANCE,1701968.2,phone banking,South Zone,PUNJAB,Kavitha Subramanian,Pending,Debit - Insurance - May 2019,306354.28,192.5,1395421.42
TXN1292587,CUST98502,01-02-2012,loan disbursal,PRD0013,Insurance,4971686.48,ATM,EAST ZONE,  Maharashtra,SANJAY GUPTA,Failed,Loan Disbursal - Insurance - Mar 2016,0,350.49,4076432.42
TXN1445521,CUST87912,14-06-2017,RTGS,PRD0014,OD FACILITY,4919876.92,Internet Banking,Central Zone,Karnataka,Mohan Das,Reversed,RTGS - OD Facility - Jun 2017,0,0,4919451.67
TXN1868100,CUST74922,16-12-2017,UPI,PRD0009,Savings Account,2775064.2,POS,East Zone,Punjab,ARUN MEHTA,Failed,UPI - Savings Account - Dec 2017,499511.56,30.77,2275521.87
TXN9494914,CUST83399,20-02-2017,credit,PRD0002,Personal Loan,4373496.12,POS,EAST ZONE,uttar pradesh,Amit Patel,Under Review,Credit - Personal Loan - Feb 2017,787229.3,124.5,3586142.32
TXN7815292,CUST59501,16-05-2011,UPI,PRD0006,  Business Loan,678054.75,NEFT/RTGS,North Zone,Rajasthan,  Amit Patel,Under Review,UPI - Business Loan - Oct 2012,122049.85,393.94,555610.96
TXN7160829,CUST93284,02-04-2011,Cash Withdrawal,PRD0013,Insurance,113618.11,ATM,CENTRAL ZONE,uttar pradesh,Ramesh Yadav,Under Review,Cash Withdrawal - Insurance - Apr 2011,20451.26,99.86,93066.99
TXN3849881,CUST93284,03-05-2022,Cash Withdrawal,PRD0013,Insurance,113618.11,ATM,Central Zone,Uttar Pradesh,Ramesh Yadav,Completed,Cash Withdrawal - Insurance - Apr 2011,20451.26,99.86,93066.99
TXN7260015,CUST86273,01-02-2012,Debit,PRD0006,Business Loan,2759272.52,  ATM,EAST ZONE,Gujarat,Amit Patel,Pending,Debit - Business Loan - Dec 2023,496669.05,0,2262480.06
TXN2865863,CUST21728,21-04-2010,LOAN DISBURSAL,PRD0002,Personal Loan,1814806.31,Phone Banking,West Zone,Andhra Pradesh,Amit Patel,Pending,Loan Disbursal - Personal Loan - May 2018,Rs.326665.14,109.34,1488031.83
TXN8936168,CUST12933,14-Jan-19,IMPS,PRD0010,fixed deposit,4830668.05,ATM,south zone,Haryana,MEENA IYER,Reversed,IMPS - Fixed Deposit - Jan 2019,0,0,4830450.03
TXN9113207,CUST22492,13-10-2022,Credit,PRD0013,Insurance,3661243.63,Internet Banking,East Zone,Tamil Nadu,Mohan Das,Pending,Credit - Insurance - Oct 2022,0,117.73,3661125.9
TXN4309374,CUST15881,09-01-2019,Interest Credit,PRD0002,Personal Loan,3236089.68,POS,South Zone,Rajasthan,Amit Patel,Pending,Interest Credit - Personal Loan - Jan 2019,582496.14,105.12,2653488.42
TXN9538905,CUST76448,06-Aug-14,transfer,PRD0005,EDUCATION LOAN,1381270.89,  Internet Banking,Central Zone,West Bengal,Anita Bose,Completed,Transfer - Education Loan - Aug 2014,248628.76,213.88,1132428.25
TXN2754132,CUST60194,08-Jul-17,  EMI Payment,PRD0007,Loan Against Property,1635796.74,Mobile App,South Zone,Rajasthan,Mohan Reddy,Failed,Cash Deposit - Loan Against Property - Jul 2017,294443.41,383.74,1340969.59
TXN6995797,CUST51116,25-06-2024,IMPS,PRD0008,Credit Card,636326.9,Branch,east zone,GUJARAT,Meena Iyer,Completed,IMPS - Credit Card - Jun 2024,0,81.29,636245.61
TXN9615904,CUST26187,22-05-2018,Credit,PRD0007,LOAN AGAINST PROPERTY,3114733.16,ATM,west zone,Delhi,Amit Patel,Pending,Credit - Loan Against Property - May 2018,560651.97,286.79,2553794.4
TXN1557788,CUST65685,07-10-2010,Transfer,PRD0011,Recurring Deposit,166420.15,  ATM,West Zone,Rajasthan,Sanjay Gupta,Failed,Transfer - Recurring Deposit - Oct 2010,29955.63,473.82,135990.7
TXN8640852,CUST76341,27-05-2023,TRANSFER,PRD0017,Auto Loan,717467.24,ATM,Central Zone,uttar pradesh,  Mohan Das,Under Review,Transfer - Auto Loan - May 2023,0,456.27,717010.97
TXN9284534,CUST41696,24-08-2024,Loan Disbursal,PRD0001,Home Loan,1432974.34,POS,  North Zone,Madhya Pradesh,sanjay gupta,Failed,Loan Disbursal - Home Loan - Aug 2024,257935.38,93.56,1174945.4
TXN3496717,CUST30207,03-08-2016,Penalty Charge,PRD0010,Fixed Deposit,3310149.1,NEFT/RTGS,East Zone,Punjab,Vijay Kumar,Failed,Penalty Charge - Fixed Deposit - Aug 2016,595826.84,374.12,Rs.2713948.14
TXN7788057,CUST18601,25-01-2019,penalty charge,PRD0013,Insurance,3660377.92,internet banking,South Zone,  Andhra Pradesh,Ramesh Yadav,Pending ,Penalty Charge - Insurance - Jan 2019,658868.03,35.64,3001474.25
TXN7107582,CUST40830,24-06-2010,Cash Withdrawal,PRD0009,Savings Account,4884313.66,Internet Banking,South Zone,Rajasthan,Rajesh Sharma,Reversed,Cash Withdrawal - Savings Account - Mar 2021,879176.46,108.14,4005029.06
TXN1264350,CUST14791,25-Dec-14,Credit,PRD0008,Credit Card,3094149.93,POS,South Zone,Maharashtra,mohan das,Pending,Credit - Credit Card - Dec 2014,556946.99,43.5,Rs.2537159.44
TXN8907588,CUST93284,08-04-2021,Cash Withdrawal,PRD0013,Insurance,427819.17,POS,east zone,Andhra Pradesh,lalita devi,Reversed,Cash Withdrawal - Insurance - Apr 2021,77007.45,454.99,350356.73
TXN2709743,CUST30648,15-11-2023,Interest Credit,PRD0006,Business Loan,Rs.1190944.05,Mobile App,North Zone,maharashtra,Sanjay Gupta,Pending,Interest Credit - Business Loan - Nov 2023,0,93.8,1190850.25
TXN6114129,CUST47416,29-01-2013,Debit,PRD0008,Credit Card,4880846.8,Branch,North Zone,Telangana,Sunita Rao,Pending,Debit - Credit Card - Jan 2013,0,226.74,4880620.06
TXN8429273,CUST91292,11-11-2024,Cash Deposit,PRD0001,Home Loan,919327.93,internet banking,East Zone,Rajasthan,vijay kumar,Failed,IMPS - Home Loan - Oct 2022,0,396.49,918931.44
TXN9610301,CUST25572,11-12-2017,  IMPS,PRD0011,RECURRING DEPOSIT,4369439.69,  ATM,North Zone,Kerala,Mohan Das,Reversed,IMPS - Recurring Deposit - Mar 2015,786499.14,102,3582838.55
TXN7387372,CUST80972,15-01-2018,EMI Payment,PRD0013,Insurance,3798621.51,Mobile App,North Zone,West Bengal,Kavitha Subramanian,Pending,EMI Payment - Insurance - Jan 2018,0,432.68,3798188.83
TXN2677373,CUST39762,31-07-2016,RTGS,PRD0010,Fixed Deposit,3222201.62,branch,South Zone,Rajasthan,Dhruv Gupta,Failed,RTGS - Fixed Deposit - Jul 2016,579996.29,97.74,2642107.59
TXN7289270,CUST16113,05-05-2023,UPI,PRD0004,Gold Loan,390981.31,Branch,Central Zone,West Bengal,Anita Bose,Reversed,UPI - Gold Loan - May 2023,70376.64,0,320604.47
TXN7100567,CUST98488,25-06-2020,  Debit,PRD0004,gold loan,2265528.96,Mobile App,North Zone,Gujarat,VIJAY KUMAR,Failed,Debit - Gold Loan - Oct 2018,0,217.23,2265311.73
TXN2944246,CUST70211,03-12-2016,Transfer,PRD0004,Gold Loan,3088901.76,ATM,Central Zone,West Bengal,sunita rao,Failed,Transfer - Gold Loan - Dec 2016,556002.32,179.47,2532719.97
TXN6823313,CUST69566,09-03-2021,Loan Disbursal,PRD0010,fixed deposit,4626266.76,  Phone Banking,West Zone,MAHARASHTRA,Ramesh Yadav,Pending,Loan Disbursal - Fixed Deposit - Sep 2022,832728.02,168.44,3793370.3
TXN6222441,CUST81476,09-04-2019,Cash Withdrawal,PRD0017,Auto Loan,4769874.84,MOBILE APP,East Zone,West Bengal,Rajesh Sharma,Pending,Cash Withdrawal - Auto Loan - Dec 2016,858577.47,0,3910908.36
TXN2651845,CUST13109,26-02-2019,LOAN DISBURSAL,PRD0014,OD Facility,Rs.116058.7,Internet Banking,South Zone,Andhra Pradesh,Vijay Kumar,Pending,Loan Disbursal - OD Facility - Feb 2019,20890.57,363.19,94804.94
TXN5235482,CUST12933,07-11-2013,Interest Credit,PRD0008,Credit Card,2400705.7,Phone Banking,East Zone,Uttar Pradesh,sanjay gupta,Reversed,Interest Credit - Credit Card - Mar 2022,432127.03,68.2,1968510.47
TXN5078309,CUST24029,21-May-16,debit,PRD0005,Education Loan,4825971.34,  ATM,south zone,  West Bengal,Sunita Rao,Completed,Debit - Education Loan - May 2016,0,Rs.325.7,4825645.64
TXN4951666,CUST58140,23-10-2023,Cash Withdrawal,PRD0009,SAVINGS ACCOUNT,1205358.66,ATM,  West Zone,Kerala,Mohan Das,Failed,Cash Withdrawal - Savings Account - Feb 2010,0,70.22,1205288.44
TXN6381741,CUST95649,19-02-2025,Credit,PRD0010,Fixed Deposit,3007731.11,Branch,South Zone,Punjab,Lalita Devi,Under Review,Credit - Fixed Deposit - Feb 2025,541391.6,239.63,2466099.88
TXN6789641,CUST10255,08-09-2025,IMPS,PRD0003,  Auto Loan,912503.09,Branch,NORTH ZONE,maharashtra,Ramesh Yadav,Failed,IMPS - Business Loan - Sep 2025,0,346.3,912156.79
TXN2248895,CUST37110,09-05-2024,Transfer,PRD0004,Gold Loan,31681.39,Mobile App,North Zone,Karnataka,  Sunita Rao,Failed,Transfer - Gold Loan - May 2024,0,254.1,25724.64
TXN3923989,CUST53420,17-10-2016,Cash Deposit,PRD0017,Auto Loan,1428714.99,Internet Banking,South Zone,Karnataka,  Sunita Rao,Failed,Cash Deposit - Auto Loan - Oct 2016,257168.7,445.28,1171101.01
TXN2973193,CUST23159,12-01-2018,Penalty Charge,PRD0009,Savings Account,4548777.74,ATM,WEST ZONE,Rajasthan,Lalita Devi,Reversed,Penalty Charge - Savings Account - Jan 2018,0,161.63,4548616.11
TXN9523692,CUST23159,12-01-2018,Penalty Charge,PRD0009,Savings Account,4548777.74,ATM,West Zone,Rajasthan,Lalita Devi,Completed,Penalty Charge - Savings Account - Jan 2018,0,161.63,4548616.11
TXN7832219,CUST63095,19-08-2019,IMPS,PRD0003,  Auto Loan,4759935.44,ATM,CENTRAL ZONE,Delhi,Kavitha Subramanian,Failed,IMPS - Home Loan - Feb 2014,856788.38,15.83,3903131.23
TXN8785224,CUST60096,02-03-2025,  Cash Deposit,PRD0010,Fixed Deposit,3150411.08,Mobile App,North Zone,Punjab,Amit Patel,Failed,Cash Deposit - Fixed Deposit - Feb 2025,567073.99,164.4,2583172.69
TXN1740912,CUST52568,08-06-2015,IMPS,PRD0009,Savings Account,2482949.61,Mobile App,Central Zone,madhya pradesh,Deepa Krishnan,Failed,Debit - Savings Account - Aug 2015,0,61.25,2482888.36
TXN6999719,CUST34435,25-04-2010,Loan Disbursal,PRD0012,Mutual Fund,Rs.840565.03,branch,east zone,  Haryana,Amit Patel,Completed,Loan Disbursal - Mutual Fund - May 2010,0,452.42,Rs.840112.61
TXN7743147,CUST25572,03-04-2012,Penalty Charge,PRD0011,Recurring Deposit,2935010.79,Branch,East Zone,delhi,Anita Bose,Under Review,Penalty Charge - Recurring Deposit - Apr 2012,Rs.528301.94,270.99,Rs.2406437.86
TXN4780174,CUST23159,22-Oct-15,Debit,PRD0014,OD Facility,3290278.88,Branch,Central Zone,  Odisha,Nitin Joshi,Reversed,Debit - OD Facility - Oct 2015,Rs.592250.2,293.18,2697735.5
TXN8806633,CUST43330,14-07-2014,Cash Deposit,PRD0013,  Insurance,3050719.44,NEFT/RTGS,South Zone,Odisha,Sunita Rao,Pending ,Cash Deposit - Insurance - Jul 2014,549129.5,117.56,2501472.38
TXN4866792,CUST43330,14-07-2014,Cash Deposit,PRD0013,Insurance,3050719.44,NEFT/RTGS,South Zone,Odisha,Sunita Rao,Completed,Cash Deposit - Insurance - Jul 2014,549129.5,117.56,2501472.38
TXN5285087,CUST31750,09-03-2021,Cash Deposit,PRD0006,Business Loan,557490.56,Phone Banking,East Zone,Maharashtra,Amit Patel,Failed,Cash Deposit - Business Loan - Dec 2024,0,495.81,556994.75
TXN6828807,CUST62797,01-Nov-11,EMI Payment,PRD0002,PERSONAL LOAN,2042824.68,INTERNET BANKING,south zone,MADHYA PRADESH,Rajesh Sharma,Pending,EMI Payment - Personal Loan - Nov 2011,0,167.34,2042657.34
TXN6581701,CUST88561,25-02-2022,Debit,PRD0011,Recurring Deposit,524811.57,Mobile App,Central Zone,uttar pradesh,SANJAY GUPTA,Under Review,Debit - Recurring Deposit - Feb 2022,0,489.41,524322.16
TXN5410391,CUST38329,05-09-2015,Interest Credit,PRD0007,Loan Against Property,504905.71,Mobile App,East Zone,Uttar Pradesh,Vijay Kumar,Failed,Interest Credit - Loan Against Property - Jun 2019,0,181.55,504724.16
TXN4601321,CUST29482,26-09-2012,CASH DEPOSIT,PRD0008,Credit Card,4477343.75,internet banking,West Zone,HARYANA,KAVITHA SUBRAMANIAN,Pending,Cash Deposit - Credit Card - Sep 2012,0,125.68,4477218.07
TXN9213416,CUST19658,28-11-2021,EMI Payment,PRD0008,credit card,1130956.67,Mobile App,NORTH ZONE,Tamil Nadu,Rajesh Sharma,Reversed,EMI Payment - Credit Card - Nov 2021,203572.2,264.72,927119.75
TXN4945132,CUST54852,10-04-2024,UPI,PRD0017,Auto Loan,3212808.48,ATM,South Zone,uttar pradesh,Sunita Rao,Failed,UPI - Auto Loan - Oct 2024,Rs.0,0,3212435.88
TXN8709912,CUST18993,01-10-2024,Penalty Charge,PRD0003,  Auto Loan,963980.5,Internet Banking,South Zone,Uttar Pradesh,RAJESH SHARMA,Reversed,Penalty Charge - Personal Loan - Oct 2024,173516.49,398.17,790065.84
TXN7039002,CUST50037,20-03-2013,Cash Deposit,PRD0001,HOME LOAN,1919813.41,POS,North Zone,punjab,  Meena Iyer,SUCCESS,Cash Deposit - Home Loan - Mar 2013,0,Rs.270.22,1919543.19
TXN8910062,CUST69921,22-01-2016,  EMI Payment,PRD0005,education loan,2928139.42,atm,South Zone,punjab,Arun Mehta,Completed,EMI Payment - Education Loan - Jan 2016,0,225.51,2927913.91
TXN7435623,CUST93634,10-Nov-17,RTGS,PRD0008,Credit Card,1474458.33,NEFT/RTGS,SOUTH ZONE,  Odisha,Ramesh Yadav,Under Review,RTGS - Credit Card - Nov 2017,265402.5,497.94,1208557.89
TXN3108607,CUST57294,18-04-2018,IMPS,PRD0007,Loan Against Property,2409441.25,Branch,East Zone,WEST BENGAL,Ramesh Yadav,Failed,IMPS - Loan Against Property - Nov 2019,433699.42,138.75,1975603.08
TXN2159218,CUST12050,09-12-2022,CREDIT,PRD0007,  Loan Against Property,614745.51,ATM,East Zone,Andhra Pradesh,Sunita Rao,completed,Credit - Loan Against Property - Sep 2022,0,92.56,614652.95
TXN9105332,CUST95119,19-Apr-11,Interest Credit,PRD0017,Auto Loan,3668386.91,Internet Banking,Central Zone,punjab,RAMESH YADAV,Pending,Interest Credit - Auto Loan - Apr 2011,Rs.0,424.07,3667962.84
TXN2817103,CUST12050,10-05-2016,neft,PRD0014,OD Facility,4515012.25,NEFT/RTGS,SOUTH ZONE,Odisha,NITIN JOSHI,Under Review,NEFT - OD Facility - May 2016,812702.2,35.51,4515012.25
TXN5840407,CUST52688,04-Dec-25,Penalty Charge,PRD0013,  Insurance,1368330.25,Branch,WEST ZONE,kerala,  Amit Patel,Completed,Penalty Charge - Insurance - Dec 2025,246299.44,484.95,1121545.86
TXN4928017,CUST58705,19-03-2013,RTGS,PRD0004,Gold Loan,528337.91,ATM,Central Zone,Madhya Pradesh,Nitin Joshi,Reversed,RTGS - Gold Loan - Mar 2013,Rs.95100.82,304.81,432932.28
TXN2681675,CUST30730,17-11-2018,UPI,PRD0017,Auto Loan,702768.47,NEFT/RTGS,  Central Zone,Karnataka,Kavitha Subramanian,Pending,UPI - Auto Loan - Nov 2018,126498.32,109.09,576161.06
TXN8139475,CUST80972,23-Sep-22,transfer,PRD0014,OD Facility,2793434.48,NEFT/RTGS,East Zone,tamil nadu,Priya Nair,Under Review,Transfer - OD Facility - Sep 2022,502818.21,386.5,2290229.77
TXN8828335,CUST11337,06-03-2013,NEFT,PRD0006,Business Loan,4185706.45,MOBILE APP,West Zone,  Maharashtra,vijay kumar,Pending,NEFT - Business Loan - Mar 2013,0,325.42,4185381.03
TXN9561085,CUST65478,17-Sep-16,Cash Withdrawal,PRD0008,credit card,54882.07,Internet Banking,North Zone,Kerala,rajesh sharma,Under Review,Cash Withdrawal - Credit Card - Sep 2016,0,115.2,54766.87
TXN7828918,CUST98488,25-06-2020,Cash Deposit,PRD0008,Credit Card,3584973.69,Branch,West Zone,Delhi,Priya Nair,Under Review,Cash Deposit - Credit Card - Sep 2017,645295.26,83.66,2939594.77
TXN2679821,CUST38110,25-06-2020,EMI Payment,PRD0075,  Education Loan,1924040.25,Mobile App,Central Zone,Madhya Pradesh,Vijay Kumar,Under Review,EMI Payment - Education Loan - Jan 2018,0,100.62,1923939.63
TXN4386220,CUST43330,13-03-2018,RTGS,PRD0013,Insurance,2333897.17,ATM,Central Zone,Karnataka,Priya Nair,Under Review,RTGS - Insurance - Mar 2018,0,240.91,2333656.26
TXN3334401,CUST40427,28-Jan-12,UPI,PRD0014,OD Facility,1853530.97,BRANCH,central zone,Punjab,Arun Mehta,Failed,UPI - OD Facility - Jan 2012,333635.57,322.23,1519573.17
TXN3300272,CUST40427,28-Jan-12,UPI,PRD0014,OD Facility,1853530.97,Branch,Central Zone,Punjab,Arun Mehta,Completed,UPI - OD Facility - Jan 2012,333635.57,322.23,1519573.17
TXN5635900,CUST12050,09-09-2010,  Transfer,PRD0005,Education Loan,2159654.16,Mobile App,Central Zone,Tamil Nadu,Sunita Rao,Failed,Transfer - Education Loan - Sep 2010,0,335.13,2159319.03
TXN3716817,CUST55075,24-03-2023,interest credit,PRD0003,  Auto Loan,4084300.95,ATM,Central Zone,Odisha,Arun Mehta,Failed,Interest Credit - Education Loan - Mar 2023,735174.17,93.57,3349033.21
TXN4606317,CUST40062,24-01-2025,Interest Credit,PRD0010,Fixed Deposit,4006128.7,neft/rtgs,North Zone,Andhra Pradesh,rajesh sharma,Failed,Interest Credit - Fixed Deposit - Jan 2025,0,63.93,4006064.77
TXN5932239,CUST78679,28-Dec-22,RTGS,PRD0066,  Fixed Deposit,882203.24,MOBILE APP,East Zone,Karnataka,Sanjay Gupta,Reversed,RTGS - Fixed Deposit - Dec 2022,158796.58,110.14,723296.52
TXN3587171,CUST93810,03-11-2016,neft,PRD0011,Recurring Deposit,Rs.3082122.43,POS,Central Zone,Rajasthan,Ramesh Yadav,Reversed,NEFT - Recurring Deposit - Oct 2025,554782.04,146.63,2527193.76
TXN2462149,CUST18601,09-08-2019,  EMI Payment,PRD0007,Loan Against Property,3186264.41,POS,East Zone,Gujarat,rajesh sharma,Completed,UPI - Loan Against Property - Oct 2013,573527.59,421.52,2612315.3
TXN6390732,CUST43518,25-06-2024,Loan Disbursal,PRD0005,Education Loan,4618750.82,  Internet Banking,North Zone,Maharashtra,Deepa Krishnan,Reversed,Loan Disbursal - Education Loan - Jun 2024,831375.15,168.46,3787207.21
TXN6646515,CUST66346,09-02-2018,IMPS,PRD0008,Credit Card,4942539.47,ATM,north zone,RAJASTHAN,MOHAN DAS,Completed,IMPS - Credit Card - Sep 2018,889657.1,336.89,4052545.48
TXN1089686,CUST43491,15-05-2012,CASH WITHDRAWAL,PRD0002,Personal Loan,3300607.2,Internet Banking,central zone,MAHARASHTRA,Deepa Krishnan,Reversed,Cash Withdrawal - Personal Loan - May 2012,594109.3,0,2706389.53
TXN8374192,CUST30016,24-05-2023,Interest Credit,PRD0014,OD Facility,3747125.44,Internet Banking,South Zone,  Rajasthan,vijay kumar,Under Review,Interest Credit - OD Facility - May 2023,0,166.9,3746958.54
TXN7205796,CUST66349,28-07-2017,Cash Withdrawal,PRD0002,Personal Loan,4390795.74,MOBILE APP,West Zone,Rajasthan,Ramesh Yadav,Completed,Cash Withdrawal - Personal Loan - Jul 2017,790343.23,107.25,3600345.26
TXN9644997,CUST85051,07-Nov-12,Cash Deposit,PRD0014,OD Facility,1088746.07,POS,South Zone,Punjab,Priya Nair,Under Review,Cash Deposit - OD Facility - Nov 2012,0,452.75,1088293.32
TXN9701233,CUST19743,05-07-2019,UPI,PRD0012,mutual fund,3200793.84,Mobile App,  North Zone,  Andhra Pradesh,Rajesh Sharma,Pending,UPI - Mutual Fund - Jul 2019,576142.89,0,2624421.59
TXN4405318,CUST83716,21-10-2025,debit,PRD0008,credit card,3746859.99,PHONE BANKING,  Central Zone,Karnataka,Amit Patel,Reversed,Debit - Credit Card - Oct 2025,674434.8,6.12,3072419.07
TXN6109684,CUST84838,22-12-2017,Cash Withdrawal,PRD0014,OD Facility,3128814.29,NEFT/RTGS,CENTRAL ZONE,West Bengal,Kavitha Subramanian,SUCCESS,Cash Withdrawal - OD Facility - Dec 2017,563186.57,290.49,2565337.23
TXN9810622,CUST14959,21-05-2024,Credit,PRD0017,Auto Loan,104865.28,Internet Banking,East Zone,Rajasthan,Rajesh Sharma,Failed,Credit - Auto Loan - May 2024,Rs.18875.75,24.85,85964.68
TXN1901562,CUST14959,27-07-2011,interest credit,PRD0013,Insurance,1030436.36,atm,West Zone,Telangana,Sanjay Gupta,Reversed,Interest Credit - Insurance - Jul 2011,185478.54,375.53,844582.29
TXN1534958,CUST62797,25-06-2011,Interest Credit,PRD0013,  Insurance,2885100.53,Branch,North Zone,Uttar Pradesh,NITIN JOSHI,COMPLETED,Interest Credit - Insurance - Aug 2010,0,139.83,2884960.7
TXN3980562,CUST24316,28-12-2012,Debit,PRD0001,  Home Loan,2475311.08,ATM,East Zone,Odisha,ARUN MEHTA,Completed,Debit - Home Loan - Dec 2012,445555.99,170.33,2029584.76
TXN9513459,CUST94023,14-08-2025,UPI,PRD0017,AUTO LOAN,Rs.4615437.21,Internet Banking,CENTRAL ZONE,West Bengal,Meena Iyer,Pending,UPI - Auto Loan - Aug 2025,0,231.24,Rs.4615437.21
TXN1178314,CUST89098,03-05-2022,Cash Withdrawal,PRD0010,Fixed Deposit,2485144.81,neft/rtgs,  North Zone,madhya pradesh,Sanjay Gupta,Under Review,Cash Withdrawal - Fixed Deposit - Jun 2016,447326.07,475.74,2037343
TXN9477021,CUST63668,04-02-2010,IMPS,PRD0008,CREDIT CARD,3468410.47,ATM,East Zone,Odisha,Sunita Rao,Reversed,IMPS - Credit Card - Feb 2010,624313.88,130.33,2843966.26
TXN5814169,CUST63668,04-Feb-10,IMPS,PRD0008,Credit Card,3468410.47,ATM,East Zone,Odisha,Sunita Rao,Completed,IMPS - Credit Card - Feb 2010,624313.88,130.33,2843966.26
TXN1040951,CUST31093,08-10-2017,Transfer,PRD0051,  Savings Account,4027417.74,POS,West Zone,Maharashtra,Priya Nair,Under Review,Transfer - Savings Account - May 2011,724935.19,127.53,3302355.02
TXN6796492,CUST23555,19-04-2012,Cash Deposit,PRD0002,Personal Loan,1052362.82,phone banking,West Zone,Haryana,Arun Mehta,Pending,Cash Deposit - Personal Loan - Apr 2012,0,189.45,1052173.37
TXN6886602,CUST96363,31-07-2016,Penalty Charge,PRD0009,Savings Account,2318759.53,NEFT/RTGS,West Zone,Tamil Nadu,Ramesh Yadav,Completed,Penalty Charge - Savings Account - Feb 2024,417376.72,267.3,1901115.51
TXN7508112,CUST53420,04-08-2020,IMPS,PRD0001,  Home Loan,1177305.2,Internet Banking,Central Zone,  Uttar Pradesh,Kavitha Subramanian,Completed,IMPS - Home Loan - Aug 2020,211914.94,194.77,965195.49
TXN4802075,CUST70810,07-02-2015,IMPS,PRD0011,Recurring Deposit,3472953.03,POS,North Zone,Madhya Pradesh,Rajesh Sharma,Under Review,IMPS - Recurring Deposit - Dec 2022,0,294.4,3472658.63
TXN2031775,CUST29482,06-02-2016,IMPS,PRD0008,Credit Card,Rs.1028205.4,pos,West Zone,Punjab,Deepa Krishnan,Reversed,IMPS - Credit Card - Mar 2013,826252.3,70.69,3763967.59
TXN7012033,CUST93478,03-Oct-19,Interest Credit,PRD0003,  Auto Loan,1887007.83,POS,North Zone,  Punjab,Priya Nair,Pending,Cash Withdrawal - OD Facility - Oct 2019,339661.41,436.37,1546910.05
TXN9993983,CUST90135,19-05-2018,Loan Disbursal,PRD0005,Education Loan,3834062.45,Internet Banking,CENTRAL ZONE,Kerala,lalita devi,Reversed,Loan Disbursal - Education Loan - May 2018,0,454.97,3833607.48
TXN4200220,CUST42662,22-07-2011,Penalty Charge,PRD0011,Recurring Deposit,2889743.97,POS,central zone,DELHI,AMIT PATEL,Reversed,Penalty Charge - Recurring Deposit - Jul 2011,520153.91,66.17,2369523.89
TXN8063855,CUST61697,07-05-2010,NEFT,PRD0005,EDUCATION LOAN,4678755.81,BRANCH,east zone,West Bengal,Vijay Kumar,Reversed,NEFT - Education Loan - May 2010,Rs.842176.05,120.91,3836458.85
TXN3324120,CUST40830,24-06-2010,RTGS,PRD0013,Insurance,3893326.44,Internet Banking,East Zone,  Odisha,Rajesh Sharma,Reversed,RTGS - Insurance - May 2019,700798.76,187.49,3192340.19
TXN7502921,CUST91922,02-07-2016,Credit,PRD0014,od facility,2962652.58,branch,West Zone,Tamil Nadu,SANJAY GUPTA,Failed,Credit - OD Facility - Feb 2016,533277.46,454.64,Rs.2428920.48
TXN6178936,CUST68479,14-03-2024,UPI,PRD0004,Gold Loan,980836.63,Internet Banking,West Zone,Telangana,Vijay Kumar,Failed,UPI - Gold Loan - Mar 2024,176550.59,182.2,804103.84
TXN6587167,CUST77559,24-12-2025,Debit,PRD0009,Savings Account,2799307.84,Branch,West Zone,WEST BENGAL,Priya Iyer,Completed,Debit - Savings Account - Dec 2025,0,309.61,2798998.23
TXN6578942,CUST39912,24-08-2023,RTGS,PRD0013,Insurance,3425058.52,Internet Banking,West Zone,West Bengal,Sanjay Gupta,Failed,RTGS - Insurance - Sep 2019,616510.53,310.36,2808237.63
TXN7052672,CUST84349,08-02-2022,EMI Payment,PRD0011,Recurring Deposit,386624.07,internet banking,WEST ZONE,Gujarat,Priya Nair,Pending,EMI Payment - Recurring Deposit - Jun 2012,0,448.35,386175.72
TXN6269544,CUST74174,03-11-2023,RTGS,PRD0011,Recurring Deposit,2478144.9,  Branch,west zone,Telangana,Vijay Kumar,Pending,RTGS - Recurring Deposit - Jan 2020,446066.08,432.63,2031646.19
TXN5212792,CUST30730,03-06-2024,Penalty Charge,PRD0003,  Auto Loan,4224563.78,Branch,West Zone,Punjab,rajesh sharma,Completed,Penalty Charge - Personal Loan - Jul 2024,0,125.96,Rs.4224437.82
TXN1096746,CUST29482,06-02-2016,neft,PRD0002,  Personal Loan,1872006.36,NEFT/RTGS,East Zone,Karnataka,Mohan Das,Completed,NEFT - Personal Loan - Sep 2017,336961.14,291.44,1534753.78
TXN1527765,CUST60326,11-01-2022,UPI,PRD0001,Home Loan,Rs.1558995.94,ATM,East Zone,Uttar Pradesh,Meena Iyer,Reversed,UPI - Home Loan - Jan 2010,280619.27,331.5,1278045.17
TXN1806532,CUST95119,20-05-2019,EMI Payment,PRD0008,Credit Card,1783512.43,Mobile App,south zone,Andhra Pradesh,AMIT PATEL,Failed,EMI Payment - Credit Card - May 2019,0,328.45,1783183.98
TXN2920222,CUST62989,18-05-2013,Penalty Charge,PRD0014,OD Facility,1455156.27,Phone Banking,central zone,Karnataka,Lalita Devi,Reversed,Penalty Charge - OD Facility - Dec 2011,0,217.1,1454939.17
TXN2070327,CUST69998,19-12-2023,Loan Disbursal,PRD0008,Credit Card,4336037.9,  Mobile App,CENTRAL ZONE,TAMIL NADU,Vijay Kumar,Failed,Loan Disbursal - Credit Card - Dec 2023,780486.82,177.68,3555373.4
TXN4598411,CUST17179,03-08-2020,interest credit,PRD0013,  Insurance,1442968.21,Phone Banking,EAST ZONE,madhya pradesh,Nitin Joshi,Pending,Interest Credit - Insurance - Mar 2020,259734.28,253.24,1182980.69
TXN5290865,CUST36013,14-07-2018,interest credit,PRD0002,Personal Loan,2379384.34,  Mobile App,North Zone,RAJASTHAN,Rajesh Sharma,Completed,Interest Credit - Personal Loan - Mar 2022,428289.18,455,1950640.16
TXN6638413,CUST21069,11-03-2022,Loan Disbursal,PRD0001,home loan,1609576.13,Phone Banking,West Zone,Kerala,Deepa Krishnan,Under Review,Loan Disbursal - Home Loan - Mar 2022,0,0,1609329.26
TXN8633502,CUST31016,08-05-2017,Interest Credit,PRD0003,  Auto Loan,3516167.33,  Branch,East Zone,Gujarat,Meena Iyer,Under Review,EMI Payment - Auto Loan - Aug 2017,632910.12,483.51,2882773.7
TXN2815886,CUST68837,18-04-2025,Loan Disbursal,PRD0011,RECURRING DEPOSIT,4434637.27,NEFT/RTGS,East Zone,Kerala,Arun Mehta,Pending,Debit - Recurring Deposit - Apr 2025,0,194.39,3636208.17
TXN9942933,CUST74922,22-08-2018,Cash Withdrawal,PRD0014,OD Facility,4166731.86,MOBILE APP,North Zone,DELHI,PRIYA NAIR,Reversed,Cash Withdrawal - OD Facility - Aug 2018,750011.73,33.51,3416686.62
TXN8572650,CUST49708,12-08-2013,Interest Credit,PRD0004,GOLD LOAN,Rs.4338314.27,Mobile App,East Zone,Delhi,Mohan Das,Failed,Interest Credit - Gold Loan - Aug 2013,780896.57,130.87,Rs.4338314.27
TXN1999651,CUST13406,11-Feb-24,credit,PRD0006,Business Loan,3326334.55,NEFT/RTGS,  East Zone,Delhi,deepa krishnan,Under Review,Credit - Business Loan - Feb 2024,0,80.77,2727513.56
TXN7713641,CUST63026,20-Dec-13,Interest Credit,PRD0011,Recurring Deposit,3757467.25,Internet Banking,WEST ZONE,  West Bengal,arun mehta,Failed,Interest Credit - Recurring Deposit - Dec 2013,676344.1,48.95,3081074.2
TXN4419219,CUST27865,07-07-2024,neft,PRD0008,Credit Card,2370050.57,POS,North Zone,Rajasthan,Vijay Kumar,Failed,NEFT - Credit Card - Jul 2024,426609.1,381.67,1943059.8
TXN6052219,CUST90868,30-09-2013,penalty charge,PRD0017,Auto Loan,3280208.42,Internet Banking,East Zone,Karnataka,Vijay Kumar,Reversed,Penalty Charge - Auto Loan - Oct 2014,590437.52,440.26,2689330.64
TXN6385396,CUST80675,20-12-2025,IMPS,PRD0017,Auto Loan,Rs.1028205.4,Phone Banking,Central Zone,Kerala,Sunita Rao,Failed,IMPS - Auto Loan - Dec 2025,536064.4,424.43,2441646.72
TXN2796023,CUST74724,10-09-2011,Transfer,PRD0004,gold loan,2487495.42,Branch,  East Zone,Delhi,Lalita Devi,SUCCESS,Transfer - Gold Loan - Jul 2012,447749.18,432.83,2039313.41
TXN2493111,CUST49363,04-May-22,EMI PAYMENT,PRD0004,Gold Loan,1103381.67,ATM,Central Zone,Kerala,Kavitha Subramanian,COMPLETED,EMI Payment - Gold Loan - May 2022,0,405.89,1102975.78
TXN7777527,CUST53054,31-10-2015,UPI,PRD0005,Education Loan,423603.49,  ATM,West Zone,Kerala,Sanjay Gupta,Pending,UPI - Education Loan - Jul 2011,0,184.3,423419.19
TXN4931842,CUST24029,31-05-2017,RTGS,PRD0009,Savings Account,4075997.6,Mobile App,central zone,Punjab,Anita Bose,Pending,RTGS - Savings Account - May 2017,0,410.41,4075587.19
TXN9949770,CUST48063,29-03-2025,EMI Payment,PRD0017,AUTO LOAN,1957808.7,NEFT/RTGS,East Zone,Telangana,Amit Patel,Reversed,EMI Payment - Auto Loan - Dec 2012,352405.57,191.6,1605211.53
TXN4664999,CUST83716,11-09-2011,Loan Disbursal,PRD0002,Personal Loan,4492193.66,POS,Central Zone,Haryana,Priya Nair,Under Review,Loan Disbursal - Personal Loan - Sep 2011,0,316.49,4491877.17
TXN4575280,CUST30016,20-Oct-21,upi,PRD0007,Loan Against Property,894770.19,  Phone Banking,central zone,Maharashtra,kavitha subramanian,Completed,UPI - Loan Against Property - Oct 2021,0,490.87,894279.32
TXN2990120,CUST58804,23-03-2021,UPI,PRD0005,Education Loan,3881837.02,NEFT/RTGS,west zone,Rajasthan,anita bose,Pending,UPI - Education Loan - Mar 2021,698730.66,239.43,3182866.93
TXN7664093,CUST70810,24-01-2022,Cash Withdrawal,PRD0017,AUTO LOAN,2961121.6,Branch,East Zone,Madhya Pradesh,RAJESH SHARMA,Pending,Cash Withdrawal - Auto Loan - Jan 2022,533001.89,70.29,Rs.2428049.42
TXN5286824,CUST50166,09-10-2013,CREDIT,PRD0004,Gold Loan,4949297.26,POS,south zone,Maharashtra,Arun Mehta,Completed,Credit - Gold Loan - Sep 2013,0,107.79,4949189.47
TXN2026453,CUST29356,25-12-2010,NEFT,PRD0002,Personal Loan,1820470.54,NEFT/RTGS,South Zone,Karnataka,Ramesh Yadav,Reversed,NEFT - Personal Loan - Dec 2010,327684.7,221.65,1492564.19
TXN5296527,CUST41925,06-May-20,Interest Credit,PRD0006,Business Loan,2199946.17,Phone Banking,East Zone,Odisha,DEEPA KRISHNAN,Under Review,Interest Credit - Business Loan - May 2020,395990.31,395.44,1803560.42
TXN4614847,CUST62645,11-01-2016,Cash Withdrawal,PRD0006,Business Loan,4703085.81,NEFT/RTGS,North Zone,Haryana,nitin joshi,Failed,Cash Withdrawal - Business Loan - Nov 2016,846555.45,389.51,3856140.85
TXN7160963,CUST68837,09-02-2018,Cash Deposit,PRD0007,Loan Against Property,3155917.2,PHONE BANKING,WEST ZONE,Tamil Nadu,Amit Patel,Failed,Cash Deposit - Loan Against Property - Feb 2018,0,169.54,3155747.66
TXN7268742,CUST83872,28-01-2023,Debit,PRD0017,Auto Loan,3454854.33,branch,South Zone,Karnataka,Sunita Rao,Completed,Debit - Auto Loan - Jan 2023,621873.78,413.2,2832567.35
TXN8733485,CUST58931,12-07-2011,NEFT,PRD0010,fixed deposit,35181.75,ATM,West Zone,Delhi,Lalita Devi,Completed,NEFT - Fixed Deposit - Jul 2011,0,381.35,34800.4
TXN5564466,CUST40597,11-Apr-24,RTGS,PRD0009,Savings Account,3070757.6,POS,North Zone,Telangana,Ramesh Yadav,Failed,RTGS - Savings Account - Apr 2024,552736.37,345.08,2517676.15
TXN4787142,CUST34761,31-10-2019,Debit,PRD0010,Fixed Deposit,4600756.48,Internet Banking,West Zone,Uttar Pradesh,Rajesh Sharma,Completed,Debit - Fixed Deposit - Oct 2019,0,418.96,4600337.52
TXN4812365,CUST43330,19-09-2015,Cash Withdrawal,PRD0001,Home Loan,3304391.71,Branch,East Zone,Delhi,MEENA IYER,Failed,Cash Withdrawal - Home Loan - Aug 2016,594790.51,327.65,2709273.55
TXN5679678,CUST72459,25-08-2012,PENALTY CHARGE,PRD0008,Credit Card,Rs.341213.81,Branch,Central Zone,KERALA,Meena Iyer,Failed,Penalty Charge - Credit Card - Aug 2012,61418.49,19.82,279775.5
TXN3623644,CUST77672,19-07-2012,Penalty Charge,PRD0006,  Business Loan,774206.2,Phone Banking,North Zone,Tamil Nadu,Amit Patel,Pending,Penalty Charge - Business Loan - Jul 2012,139357.12,270.34,634578.74
TXN7306423,CUST58688,26-11-2017,Cash Withdrawal,PRD0014,OD Facility,1626269.46,Phone Banking,East Zone,Tamil Nadu,priya nair,Under Review,Cash Withdrawal - OD Facility - Aug 2016,292728.5,78.1,1333462.86
TXN4080123,CUST67534,09-05-2022,Cash Deposit,PRD0009,Savings Account,4876811.94,Internet Banking,north zone,Gujarat,Priya Nair,Pending,Cash Deposit - Savings Account - May 2022,877826.15,265.15,3998720.64
TXN7409215,CUST25300,31-May-17,IMPS,PRD0011,Recurring Deposit,3913829.26,NEFT/RTGS,SOUTH ZONE,Odisha,Rajesh Sharma,Failed,IMPS - Recurring Deposit - May 2017,0,15.21,3913814.05
TXN2812690,CUST56990,19-Apr-12,Loan Disbursal,PRD0011,Recurring Deposit,2183784.56,ATM,North Zone,Madhya Pradesh,Nitin Joshi,Failed,Loan Disbursal - Recurring Deposit - Apr 2012,393081.22,399.93,1790303.41
TXN4018281,CUST42487,15-09-2014,Cash Deposit,PRD0013,Insurance,3583146.51,Branch,north zone,DELHI,Arun Mehta,Failed,Cash Deposit - Insurance - Feb 2011,644966.37,41.13,2938139.01
TXN9606126,CUST69998,06-Feb-13,Cash Withdrawal,PRD0001,Home Loan,1358058.4,POS,West Zone,Uttar Pradesh,Sunita Rao,Failed,Cash Withdrawal - Home Loan - Feb 2013,244450.51,390.8,1113217.09
TXN6563298,CUST63093,09-04-2021,NEFT,PRD0009,Savings Account,2951476.69,ATM,east zone,Tamil Nadu,vijay kumar,failed,NEFT - Savings Account - Sep 2016,531265.8,479.42,2419731.47
TXN6568559,CUST69151,19-08-2019,Cash Deposit,PRD0004,Gold Loan,39749.83,Phone Banking,West Zone,Telangana,Deepa Krishnan,Completed,Cash Deposit - Gold Loan - Sep 2020,7154.97,307.24,32287.62
TXN4961440,CUST41925,26-06-2019,INTEREST CREDIT,PRD0012,Mutual Fund,2740133.19,POS,North Zone,  Tamil Nadu,lalita devi,Failed,Interest Credit - Mutual Fund - Jun 2019,0,138.81,2739994.38
TXN4128270,CUST40830,08-07-2020,Loan Disbursal,PRD0014,OD Facility,1268662.22,NEFT/RTGS,East Zone,Andhra Pradesh,Vijay Kumar,Reversed,Loan Disbursal - OD Facility - Jul 2020,228359.2,301.24,1268662.22
TXN6808201,CUST63848,12-04-2025,interest credit,PRD0011,recurring deposit,2517372.54,ATM,West Zone,Tamil Nadu,Sunita Rao,Failed,Interest Credit - Recurring Deposit - Apr 2025,453127.06,401.44,2063844.04
TXN2962934,CUST48543,06-11-2024,Penalty Charge,PRD0014,OD Facility,3315315.22,Phone Banking,South Zone,uttar pradesh,Kavitha Subramanian,SUCCESS,Penalty Charge - OD Facility - Nov 2024,0,119.84,3315195.38
TXN2955151,CUST19743,30-11-2015,CREDIT,PRD0014,OD Facility,4322509.54,Mobile App,CENTRAL ZONE,West Bengal,AMIT PATEL,Under Review,Credit - OD Facility - Nov 2015,0,Rs.412.22,4322097.32
TXN8768138,CUST40345,06-06-2019,Credit,PRD0014,OD Facility,4665906.08,NEFT/RTGS,east zone,Punjab,MOHAN RAO,Reversed,Credit - OD Facility - Mar 2016,0,330.52,4665575.56
TXN8442363,CUST60096,20-03-2022,Cash Deposit,PRD0004,Gold Loan,2553142.35,  ATM,North Zone,Haryana,Rajesh Sharma,Pending,Cash Deposit - Gold Loan - Aug 2020,459565.62,405.86,2093170.87
TXN6897132,CUST34673,24-08-2023,Debit,PRD0002,Personal Loan,2648589.93,ATM,East Zone,TAMIL NADU,Deepa Krishnan,Pending,Debit - Personal Loan - Aug 2023,0,311.57,2648278.36
TXN9241038,CUST25220,25-04-2024,IMPS,PRD0011,Recurring Deposit,2687749.74,Mobile App,WEST ZONE,Uttar Pradesh,Arun Mehta,Pending,IMPS - Recurring Deposit - Apr 2024,483794.95,52.7,2203902.09
TXN9160275,CUST84349,08-02-2022,Cash Deposit,PRD0017,AUTO LOAN,2888228.84,  ATM,North Zone,punjab,Arun Mehta,Reversed,Cash Deposit - Auto Loan - Jun 2013,0,82.51,2888146.33
TXN4983787,CUST66346,13-07-2012,cash deposit,PRD0010,Fixed Deposit,1609216.94,Internet Banking,West Zone,haryana,Aditya Rao,Pending,Cash Deposit - Fixed Deposit - Jul 2012,0,289.13,Rs.1608927.81
TXN6866885,CUST47982,11-01-2022,RTGS,PRD0001,Home Loan,3514356.39,POS,West Zone,Madhya Pradesh,Meena Iyer,Failed,RTGS - Home Loan - Feb 2019,0,476.99,3513879.4
TXN2492070,CUST68479,09-08-2019,Cash Deposit,PRD0011,Recurring Deposit,430589.8,ATM,NORTH ZONE,Odisha,  Priya Nair,Completed,Cash Deposit - Recurring Deposit - Feb 2010,77506.16,21.73,430589.8
TXN1134671,CUST72722,11-Jun-12,  IMPS,PRD0002,Personal Loan,4104879.27,Internet Banking,Central Zone,Andhra Pradesh,Amit Patel,Completed,IMPS - Personal Loan - Jun 2012,738878.27,318.12,3365682.88
TXN2749316,CUST78997,22-08-2025,Cash Deposit,PRD0009,Savings Account,3710782.94,NEFT/RTGS,Central Zone,karnataka,Amit Patel,Under Review,Cash Deposit - Savings Account - Aug 2025,0,Rs.376.94,3710406
TXN7322154,CUST23159,24-May-23,UPI,PRD0008,Credit Card,Rs.1482582.94,POS,West Zone,  Haryana,Meena Iyer,Failed,UPI - Credit Card - May 2023,266864.93,331.8,1215386.21
TXN1875724,CUST25162,15-09-2014,RTGS,PRD0004,Gold Loan,4095454.51,Mobile App,West Zone,Uttar Pradesh,Rajesh Sharma,Reversed,RTGS - Gold Loan - Jan 2018,737181.81,486.53,3357786.17
TXN2148155,CUST78679,24-03-2014,RTGS,PRD0012,Mutual Fund,Rs.1028205.4,NEFT/RTGS,West Zone,Maharashtra,amit patel,Failed,RTGS - Mutual Fund - Mar 2014,0,324.61,3005952.07
TXN5204563,CUST79228,02-01-2014,transfer,PRD0007,Loan Against Property,3155885.77,PHONE BANKING,West Zone,Uttar Pradesh,Deepa Krishnan,Reversed,Transfer - Loan Against Property - Jan 2014,568059.44,0,2587573.61
TXN1374994,CUST84912,09-01-2017,Debit,PRD0017,AUTO LOAN,1211850.19,POS,  West Zone,Kerala,RAJESH SHARMA,Pending,Debit - Auto Loan - Jan 2017,218133.03,459.42,1211850.19
TXN4295014,CUST51116,19-06-2017,CREDIT,PRD0004,GOLD LOAN,2562899,NEFT/RTGS,Central Zone,Uttar Pradesh,Sanjay Gupta,Failed,EMI Payment - Gold Loan - Jun 2017,461321.82,223.23,2101353.95
TXN2087632,CUST30016,15-Dec-15,Interest Credit,PRD0014,OD Facility,1080755.18,BRANCH,North Zone,Kerala,Ramesh Yadav,Completed,Interest Credit - OD Facility - Dec 2015,194535.93,175.58,1080755.18
TXN2644324,CUST73505,06-Aug-18,  Transfer,PRD0013,Insurance,3235734.31,Mobile App,Central Zone,maharashtra,Priya Nair,Pending,Transfer - Insurance - Aug 2018,0,0,3235614.74
TXN9595568,CUST28350,18-10-2022,NEFT,PRD0011,Recurring Deposit,850223.6,Mobile App,  West Zone,Karnataka,Deepa Krishnan,Completed,NEFT - Recurring Deposit - Oct 2022,153040.25,225.07,696958.28
TXN5574476,CUST69198,18-02-2021,credit,PRD0012,Mutual Fund,2872769.46,Branch,West Zone,Uttar Pradesh,Ramesh Yadav,Under Review,Credit - Mutual Fund - Feb 2021,517098.5,416.31,2355254.65
TXN8261120,CUST83566,20-08-2017,CASH WITHDRAWAL,PRD0008,Credit Card,3625338.81,ATM,North Zone,Telangana,Amit Patel,Pending,Cash Withdrawal - Credit Card - Aug 2017,652560.99,146.8,2972631.02
TXN7191540,CUST18601,09-08-2019,UPI,PRD0001,Home Loan,2750873.41,NEFT/RTGS,West Zone,kerala,Deepa Krishnan,Pending,UPI - Home Loan - Feb 2017,0,131.92,2750741.49
TXN4987459,CUST84341,21-07-2022,upi,PRD0006,Business Loan,2125175.31,Internet Banking,north zone,Haryana,ANITA BOSE,Completed,UPI - Business Loan - Jul 2022,0,254.36,Rs.2124920.95
TXN6287299,CUST17263,05-08-2022,  Credit,PRD0001,Home Loan,3976452.33,INTERNET BANKING,west zone,TAMIL NADU,Lalita Devi,Failed,Credit - Home Loan - Aug 2022,0,68.1,3976384.23
TXN6498946,CUST13847,18-02-2023,Penalty Charge,PRD0005,Education Loan,68009.61,POS,Central Zone,Odisha,Nitin Joshi,Completed,Penalty Charge - Education Loan - Feb 2023,12241.73,287.95,55479.93
TXN1358872,CUST74219,30-08-2022,Transfer,PRD0002,PERSONAL LOAN,1580782.45,POS,Central Zone,Rajasthan,Vijay Kumar,Pending,Transfer - Personal Loan - Sep 2021,0,134.54,1580647.91
TXN2481471,CUST34435,22-03-2018,  Debit,PRD0003,  Auto Loan,3708689.67,NEFT/RTGS,North Zone,Haryana,Sunita Rao,Pending,Debit - Insurance - Mar 2018,667564.14,200.81,3040924.72
TXN9756583,CUST49703,28-07-2012,NEFT,PRD0009,Savings Account,4029528.26,POS,CENTRAL ZONE,Uttar Pradesh,Kavitha Subramanian,Reversed,NEFT - Savings Account - Jul 2012,0,362.6,4029165.66
TXN5454493,CUST30207,20-09-2024,imps,PRD0066,  Fixed Deposit,1571532.91,  NEFT/RTGS,Central Zone,Telangana,Divya Kumar,Reversed,IMPS - Fixed Deposit - Sep 2024,282875.92,0,1288336.12
TXN1096313,CUST95892,06-07-2022,INTEREST CREDIT,PRD0010,Fixed Deposit,Rs.2003937.88,POS,  Central Zone,Karnataka,ARUN MEHTA,Pending ,Interest Credit - Fixed Deposit - Sep 2025,360708.82,Rs.467.21,1642761.85
TXN1427447,CUST30286,08-12-2017,Interest Credit,PRD0007,Loan Against Property,1076091.75,atm,Central Zone,Uttar Pradesh,Vijay Kumar,Pending,Interest Credit - Loan Against Property - Dec 2017,0,356.4,1075735.35
TXN1668011,CUST18807,31-05-2020,EMI Payment,PRD0014,od facility,114880.25,NEFT/RTGS,East Zone,Madhya Pradesh,Priya Nair,Pending,EMI Payment - OD Facility - May 2020,0,0,114815.96
TXN6791685,CUST49708,09-09-2016,Penalty Charge,PRD0008,Credit Card,1578175.83,BRANCH,East Zone,Tamil Nadu,Vijay Kumar,Reversed,Penalty Charge - Credit Card - Sep 2016,0,272.53,1577903.3
TXN4642197,CUST65685,01-09-2019,UPI,PRD0010,Fixed Deposit,4549960.15,Branch,West Zone,West Bengal,  Sanjay Gupta,Failed,UPI - Fixed Deposit - Jan 2019,0,350.78,3730616.54
TXN8709479,CUST40427,19-Feb-15,UPI,PRD0013,Insurance,2092536.87,internet banking,Central Zone,Kerala,Ramesh Yadav,Pending ,UPI - Insurance - Feb 2015,376656.64,451.83,1715428.4
TXN4737241,CUST88561,05-06-2017,IMPS,PRD0005,Education Loan,1995583.26,neft/rtgs,North Zone,Uttar Pradesh,Nitin Joshi,Failed,IMPS - Education Loan - Mar 2020,359204.99,462.05,1635916.22
TXN7345255,CUST49838,26-01-2022,RTGS,PRD0004,Gold Loan,3057815.26,NEFT/RTGS,South Zone,Maharashtra,amit patel,Under Review,RTGS - Gold Loan - Aug 2013,550406.75,379.08,2507029.43
TXN5465305,CUST46915,16-Sep-18,interest credit,PRD0096,  Mutual Fund,3147683.19,ATM,West Zone,Odisha,Kavitha Subramanian,Reversed,Interest Credit - Mutual Fund - Sep 2018,0,377.6,3147305.59
TXN7751464,CUST68479,09-08-2019,EMI PAYMENT,PRD0005,Education Loan,Rs.4940241.9,NEFT/RTGS,  South Zone,Haryana,Kavitha Subramanian,Under Review,EMI Payment - Education Loan - Jul 2025,0,42.24,4050956.12
TXN5120267,CUST61964,20-11-2015,Debit,PRD0001,Home Loan,201088.07,Phone Banking,North Zone,Karnataka,Ramesh Yadav,Failed,Debit - Home Loan - Nov 2015,36195.85,0,164868.19
TXN9871870,CUST95972,18-05-2020,credit,PRD0009,Savings Account,2458835.42,ATM,West Zone,Kerala,Meena Iyer,Failed,Credit - Savings Account - May 2020,442590.38,199.45,2016045.59
TXN5547034,CUST49795,18-05-2013,UPI,PRD0010,fixed deposit,1448228.67,atm,East Zone,Madhya Pradesh,  Arun Mehta,Reversed,UPI - Fixed Deposit - Oct 2016,260681.16,392.58,1187154.93
TXN7155875,CUST18694,31-Aug-14,TRANSFER,PRD0011,Recurring Deposit,4481661.91,NEFT/RTGS,north zone,Kerala,  Anita Bose,Completed,Transfer - Recurring Deposit - Aug 2014,806699.14,419.43,3674543.34
TXN2406850,CUST76093,20-Apr-15,IMPS,PRD0014,od facility,1054230.73,neft/rtgs,North Zone,Gujarat,Deepa Krishnan,Failed,IMPS - OD Facility - Apr 2015,0,151.69,1054079.04
TXN2397264,CUST17736,14-10-2010,LOAN DISBURSAL,PRD0014,od facility,2964051.79,ATM,  South Zone,GUJARAT,Ramesh Yadav,Pending,Loan Disbursal - OD Facility - Oct 2010,533529.32,129.8,2430392.67
TXN3766913,CUST69198,09-01-2011,Debit,PRD0005,EDUCATION LOAN,4047158.31,ATM,Central Zone,Rajasthan,Deepa Krishnan,Reversed,Debit - Education Loan - Jan 2011,0,458.01,4046700.3
TXN5235954,CUST30016,06-06-2020,Penalty Charge,PRD0004,GOLD LOAN,3644436.17,ATM,Central Zone,Rajasthan,sunita rao,Failed,Penalty Charge - Gold Loan - Jun 2020,655998.51,237.79,2988199.87
TXN3585882,CUST58688,05-09-2014,NEFT,PRD0014,OD Facility,1426064.24,Mobile App,EAST ZONE,Maharashtra,Arun Mehta,failed,NEFT - OD Facility - Sep 2014,0,Rs.26.89,1426037.35
TXN2731717,CUST11337,26-12-2019,UPI,PRD0005,Education Loan,478441.16,  ATM,South Zone,Madhya Pradesh,Ramesh Yadav,Reversed,UPI - Education Loan - Dec 2019,86119.41,318.99,392002.76
TXN7019329,CUST98502,03-05-2016,Transfer,PRD0005,Education Loan,4410195.73,Mobile App,West Zone,telangana,Arun Mehta,Failed,Transfer - Education Loan - May 2016,0,154.16,4410195.73
TXN9014277,CUST85051,01-06-2017,IMPS,PRD0007,Loan Against Property,1178545.41,Branch,Central Zone,Madhya Pradesh,Kavitha Subramanian,Pending,IMPS - Loan Against Property - Jan 2023,212138.17,387.24,966020
TXN2904765,CUST13492,06-Feb-13,UPI,PRD0007,Loan Against Property,2589856.49,pos,East Zone,Madhya Pradesh,Mohan Das,Completed,UPI - Loan Against Property - Feb 2013,466174.17,452.78,2123229.54
TXN2564372,CUST32273,26-11-2012,Cash Deposit,PRD0011,Recurring Deposit,2843535.2,Branch,East Zone,Kerala,Mohan Das,Pending,Cash Deposit - Recurring Deposit - Nov 2012,511836.34,250.32,2331448.54
TXN5902673,CUST74724,10-09-2011,Penalty Charge,PRD0007,Loan Against Property,3032972.71,Internet Banking,  North Zone,Odisha,Deepa Krishnan,Pending,Penalty Charge - Loan Against Property - Sep 2025,545935.09,229.56,2486808.06
TXN3322252,CUST13406,02-06-2019,Loan Disbursal,PRD0005,Education Loan,10130.74,INTERNET BANKING,Central Zone,West Bengal,Sunita Rao,Under Review,Loan Disbursal - Education Loan - Jun 2019,0,329.51,10130.74
TXN1273137,CUST19508,06-07-2022,Loan Disbursal,PRD0011,recurring deposit,861862.71,ATM,North Zone,  Telangana,sanjay gupta,Pending,RTGS - Recurring Deposit - Apr 2024,155135.29,396.13,706331.29
TXN9652861,CUST29162,10-07-2025,cash withdrawal,PRD0009,Savings Account,4670633.18,NEFT/RTGS,EAST ZONE,Karnataka,nitin joshi,Under Review,Cash Withdrawal - Savings Account - Mar 2022,840713.97,297.43,3829621.78
TXN5361462,CUST98488,25-06-2020,Interest Credit,PRD0011,recurring deposit,4127123.6,MOBILE APP,South Zone,West Bengal,Amit Patel,Failed,Interest Credit - Recurring Deposit - Sep 2020,742882.25,25.64,Rs.3384215.71
TXN5135963,CUST82357,25-02-2018,Cash Deposit,PRD0095,  Recurring Deposit,2437813.79,ATM,  West Zone,Haryana,Deepa Krishnan,Under Review,Cash Deposit - Recurring Deposit - Feb 2018,0,177.86,2437635.93
TXN9799515,CUST40427,08-10-2017,IMPS,PRD0017,Auto Loan,3382824.38,Branch,Central Zone,Kerala,Ramesh Yadav,Under Review,IMPS - Auto Loan - Dec 2018,608908.39,270.48,2773645.51
TXN5984431,CUST95119,03-12-2024,NEFT,PRD0012,Mutual Fund,3947650.11,PHONE BANKING,Central Zone,telangana,Rajesh Sharma,Reversed,NEFT - Mutual Fund - Nov 2025,710577.02,62.23,3237010.86
TXN9548872,CUST69839,24-03-2014,Credit,PRD0014,OD Facility,952274.7,Mobile App,South Zone,uttar pradesh,Priya Nair,Pending,Credit - OD Facility - Aug 2015,Rs.171409.45,110.02,780755.23
TXN7645541,CUST86099,14-03-2016,NEFT,PRD0014,OD Facility,471167.67,Branch,South Zone,Rajasthan,Rajesh Sharma,Under Review,NEFT - OD Facility - Mar 2016,0,0,470752.43
TXN3940815,CUST70036,16-01-2011,Cash Deposit,PRD0006,Business Loan,1143160.51,NEFT/RTGS,Central Zone,Karnataka,kavitha subramanian,Under Review,Cash Deposit - Business Loan - Jan 2011,205768.89,67.79,937323.83
TXN8367323,CUST39762,17-05-2025,UPI,PRD0006,Business Loan,2913886.15,Internet Banking,West Zone,West Bengal,Deepa Krishnan,Failed,UPI - Business Loan - Jun 2012,0,254.46,2913631.69
TXN1326187,CUST61697,12-06-2011,UPI,PRD0004,Gold Loan,4134951.45,Branch,CENTRAL ZONE,odisha,Mohan Das,Completed,UPI - Gold Loan - Jun 2011,744291.26,6.42,3390653.77
TXN6872283,CUST80675,13-10-2022,UPI,PRD0005,EDUCATION LOAN,1416346.6,ATM,WEST ZONE,tamil nadu,Arun Mehta,Failed,UPI - Education Loan - Feb 2021,0,418.21,1415928.39
TXN4427662,CUST97755,12-09-2020,Cash Withdrawal,PRD0001,Home Loan,2461958.24,Phone Banking,West Zone,Madhya Pradesh,lalita devi,Completed,Cash Withdrawal - Home Loan - Aug 2010,0,88.39,2461869.85
TXN9389382,CUST66925,21-08-2025,IMPS,PRD0001,Home Loan,4473001.92,Phone Banking,east zone,tamil nadu,MOHAN DAS,Pending,IMPS - Home Loan - Aug 2025,805140.35,21.56,3667840.01
TXN2884626,CUST60353,21-08-2022,UPI,PRD0012,Mutual Fund,508994.44,POS,WEST ZONE,Haryana,Deepa Krishnan,Completed,RTGS - Mutual Fund - Aug 2022,0,499.58,508494.86
TXN8596605,CUST40597,26-06-2024,NEFT,PRD0014,OD Facility,3086169.41,Internet Banking,EAST ZONE,Tamil Nadu,deepa krishnan,Pending,NEFT - OD Facility - Oct 2024,0,23.66,Rs.3086145.75
TXN8445840,CUST18601,26-01-2019,penalty charge,PRD0002,Personal Loan,Rs.1008205.82,Branch,West Zone,Rajasthan,AMIT PATEL,SUCCESS,Penalty Charge - Personal Loan - Jan 2019,0,310.76,1007895.06
TXN4013237,CUST91922,26-11-2025,Cash Withdrawal,PRD0017,Auto Loan,1119992.44,Mobile App,West Zone,Haryana,Rajesh Sharma,Pending,Cash Withdrawal - Auto Loan - Nov 2025,201598.64,418.7,917975.1
TXN5408395,CUST63668,20-04-2025,EMI Payment,PRD0007,Loan Against Property,4621471.38,Branch,EAST ZONE,Madhya Pradesh,Deepa Krishnan,Pending,EMI Payment - Loan Against Property - Apr 2025,831864.85,198.53,3789408
TXN2400837,CUST58705,10-06-2025,Cash Deposit,PRD0011,recurring deposit,4970584.68,Phone Banking,East Zone,Gujarat,MEENA IYER,Completed,Cash Deposit - Recurring Deposit - May 2020,894705.24,238.51,4075640.93
TXN7538789,CUST95200,30-03-2018,NEFT,PRD0013,Insurance,2822667.35,Branch,  North Zone,Telangana,Anita Bose,Completed,NEFT - Insurance - Mar 2018,508080.12,493.54,2314093.69
TXN9576779,CUST61697,07-Mar-10,RTGS,PRD0010,FIXED DEPOSIT,823362.03,  Phone Banking,South Zone,ODISHA,Kavitha Subramanian,Reversed,RTGS - Fixed Deposit - Mar 2010,0,403.41,822958.62
TXN9290990,CUST72505,13-08-2016,UPI,PRD0008,Credit Card,2070233.55,Branch,Central Zone,tamil nadu,Nitin Joshi,Completed,UPI - Credit Card - Aug 2016,0,80.9,2070152.65
TXN5927218,CUST64415,11-11-2024,  Credit,PRD0007,Loan Against Property,2696368.68,Mobile App,West Zone,Telangana,Vijay Kumar,Completed,Credit - Loan Against Property - Nov 2022,485346.36,371.68,2210650.64
TXN8614959,CUST67763,21-Sep-10,EMI Payment,PRD0014,OD Facility,4766479.19,Internet Banking,Central Zone,West Bengal,Sanjay Gupta,Under Review,EMI Payment - OD Facility - Sep 2010,857966.25,262.88,3908250.06
TXN5864862,CUST62761,30-04-2018,INTEREST CREDIT,PRD0005,Education Loan,3390029.96,POS,NORTH ZONE,Kerala,Vijay Kumar,Reversed,Interest Credit - Education Loan - Jan 2017,610205.39,464.89,2779359.68
TXN9677444,CUST49838,22-12-2015,Transfer,PRD0014,OD Facility,914479.02,POS,East Zone,Maharashtra,Nitin Joshi,COMPLETED,Transfer - OD Facility - Dec 2015,164606.22,47.31,749825.49
TXN7112762,CUST71587,09-08-2021,  Credit,PRD0017,Auto Loan,1521176.02,ATM,north zone,Maharashtra,Vijay Kumar,Reversed,Credit - Auto Loan - Sep 2021,273811.68,3.64,1247360.7
TXN8114189,CUST59528,05-07-2023,UPI,PRD0006,business loan,4745315.94,Internet Banking,North Zone,Telangana,Nitin Joshi,Completed,UPI - Business Loan - Jul 2023,0,Rs.369.82,4744946.12
TXN7780951,CUST63093,19-Oct-16,RTGS,PRD0005,Education Loan,2633883.04,  ATM,central zone,Gujarat,Ramesh Yadav,Reversed,RTGS - Education Loan - Oct 2016,474098.95,175.77,2159608.32
TXN2716504,CUST21770,28-06-2010,NEFT,PRD0005,Education Loan,2737766.16,BRANCH,East Zone,Haryana,Amit Patel,Failed,NEFT - Education Loan - Jun 2010,0,350.22,2737415.94
TXN8617507,CUST43491,14-12-2023,Penalty Charge,PRD0013,Insurance,4956369.12,Mobile App,West Zone,Odisha,Anita Bose,Under Review,Penalty Charge - Insurance - Dec 2023,Rs.892146.44,33.92,4064188.76
TXN7103770,CUST54260,23-03-2022,CREDIT,PRD0002,Personal Loan,2468899.45,  ATM,central zone,  Madhya Pradesh,Ramesh Yadav,Under Review,Credit - Personal Loan - Mar 2022,444401.9,260.6,2024236.95
TXN9077553,CUST95892,06-07-2022,CREDIT,PRD0066,  Fixed Deposit,1716811.78,Internet Banking,South Zone,Gujarat,anita bose,Completed,Credit - Fixed Deposit - Feb 2019,0,393.62,1716418.16
TXN4428385,CUST62761,01-09-2024,Cash Deposit,PRD0002,PERSONAL LOAN,688808.59,Branch,North Zone,Haryana,ramesh yadav,Pending,Cash Deposit - Personal Loan - Sep 2024,123985.55,492.85,564330.19
TXN7004192,CUST55075,28-Mar-19,UPI,PRD0014,OD Facility,107337.08,  Mobile App,North Zone,Odisha,deepa krishnan,Completed,UPI - OD Facility - Mar 2019,0,442.53,87573.88
TXN5647593,CUST84130,04-Nov-20,loan disbursal,PRD0009,Savings Account,271334.05,Internet Banking,West Zone,Tamil Nadu,KAVITHA SUBRAMANIAN,Completed,Loan Disbursal - Savings Account - Nov 2020,0,342.96,270991.09
TXN1325328,CUST43619,26-02-2014,Cash Withdrawal,PRD0011,Recurring Deposit,1281355.07,Mobile App,East Zone,West Bengal,VIJAY KUMAR,Pending,Cash Withdrawal - Recurring Deposit - Feb 2014,0,230.1,1281124.97
TXN2856961,CUST89098,03-05-2022,CREDIT,PRD0008,CREDIT CARD,1697826.78,ATM,West Zone,Odisha,Kavitha Subramanian,Completed,Credit - Credit Card - Jul 2017,305608.82,91.21,1392126.75
TXN7334737,CUST45785,25-04-2010,loan disbursal,PRD0010,Fixed Deposit,3199806.53,internet banking,East Zone,Rajasthan,Arun Mehta,SUCCESS,Loan Disbursal - Fixed Deposit - Jun 2018,0,460.13,3199346.4
TXN4099954,CUST60407,09-07-2012,UPI,PRD0009,Savings Account,173921.02,Branch,East Zone,karnataka,Vijay Kumar,Under Review,UPI - Savings Account - Jul 2012,31305.78,86.12,142529.12
TXN9615109,CUST60934,17-09-2016,INTEREST CREDIT,PRD0005,Education Loan,2066441.46,Phone Banking,South Zone,Kerala,Sunita Rao,failed,Interest Credit - Education Loan - Oct 2016,0,162.6,2066278.86
TXN9543792,CUST31750,09-03-2021,INTEREST CREDIT,PRD0017,AUTO LOAN,3361390.58,Phone Banking,North Zone,Kerala,Nitin Joshi,Reversed,Interest Credit - Auto Loan - Jun 2016,Rs.0,111.86,3361278.72
TXN3400511,CUST76115,06-03-2012,NEFT,PRD0013,INSURANCE,2490789.27,NEFT/RTGS,Central Zone,Karnataka,Kavitha Subramanian,Failed,NEFT - Insurance - Jun 2020,0,Rs.356.75,2490432.52
TXN9788804,CUST39933,23-03-2025,UPI,PRD0006,Business Loan,2507500.39,NEFT/RTGS,South Zone,Madhya Pradesh,Ramesh Yadav,Pending,UPI - Business Loan - Apr 2020,451350.07,57.64,2056092.68
TXN8295010,CUST94023,22-11-2020,Credit,PRD0008,Credit Card,1343138.67,NEFT/RTGS,South Zone,MADHYA PRADESH,Kavitha Subramanian,Reversed,Credit - Credit Card - Dec 2022,241764.96,343.59,Rs.1101030.12
TXN4426599,CUST39762,29-06-2017,CREDIT,PRD0008,credit card,3530408.28,Internet Banking,South Zone,West Bengal,Sunita Rao,Pending,Credit - Credit Card - Jun 2017,635473.49,135.18,2894799.61
TXN1740603,CUST23538,10-11-2019,UPI,PRD0007,Loan Against Property,2113870.82,MOBILE APP,West Zone,Telangana,Deepa Krishnan,Pending,UPI - Loan Against Property - Nov 2019,380496.75,166.47,1733207.6
TXN8540012,CUST76829,02-05-2022,Credit,PRD0009,Savings Account,3372791.06,  ATM,West Zone,karnataka,priya nair,Under Review,Credit - Savings Account - May 2022,607102.39,269.08,2765419.59
TXN4120277,CUST42925,29-02-2012,  Loan Disbursal,PRD0001,Home Loan,3213555.49,ATM,south zone,KERALA,Deepa Krishnan,Pending,Loan Disbursal - Home Loan - Jan 2011,0,46.26,3213509.23
TXN8927249,CUST34896,29-01-2022,NEFT,PRD0005,EDUCATION LOAN,3192734.94,  Branch,  Central Zone,Delhi,Amit Patel,Reversed,NEFT - Education Loan - Jan 2022,574692.29,436.53,2617606.12
TXN8056599,CUST17263,09-05-2011,IMPS,PRD0095,  Recurring Deposit,1598161.84,Branch,North Zone,Telangana,RAMESH YADAV,Under Review,IMPS - Recurring Deposit - Sep 2011,287669.13,349.73,1310142.98
TXN9992327,CUST20874,29-03-2024,RTGS,PRD0014,OD Facility,4582876.33,ATM,West Zone,uttar pradesh,Arun Mehta,Failed,RTGS - OD Facility - Apr 2015,0,45.33,4582831
TXN3376832,CUST20874,26-04-2015,RTGS,PRD0014,OD Facility,4582876.33,ATM,West Zone,Uttar Pradesh,Arun Mehta,Completed,RTGS - OD Facility - Apr 2015,0,45.33,4582831
TXN3935324,CUST21546,30-09-2016,Loan Disbursal,PRD0004,Gold Loan,4501415.77,Branch,South Zone,Punjab,Anita Bose,Under Review,Loan Disbursal - Gold Loan - Sep 2016,810254.84,23.03,3691137.9
TXN2478272,CUST96363,31-07-2016,imps,PRD0002,personal loan,4829535.02,Mobile App,NORTH ZONE,Karnataka,KAVITHA SUBRAMANIAN,Failed,IMPS - Personal Loan - Aug 2010,Rs.869316.3,473.95,3959744.77
TXN8964569,CUST59501,22-09-2014,loan disbursal,PRD0001,Home Loan,629252.29,Branch,east zone,MADHYA PRADESH,Deepa Krishnan,Reversed,Loan Disbursal - Home Loan - Sep 2014,0,444.85,628807.44
TXN8325619,CUST93284,13-Mar-11,Loan Disbursal,PRD0008,Credit Card,3346322.46,NEFT/RTGS,East Zone,Madhya Pradesh,Deepa Krishnan,Under Review,Loan Disbursal - Credit Card - Mar 2011,0,469.39,3345853.07
TXN1739811,CUST67534,30-Jan-18,IMPS,PRD0011,RECURRING DEPOSIT,1694902.42,Phone Banking,Central Zone,Karnataka,PRIYA NAIR,Pending,IMPS - Recurring Deposit - Jan 2018,0,492.77,1694409.65
TXN1994756,CUST39109,15-03-2022,transfer,PRD0017,Auto Loan,49267.8,POS,east zone,maharashtra,Sunita Rao,Under Review,Transfer - Auto Loan - Mar 2022,0,0,48890.07
TXN8065883,CUST76787,18-06-2012,Debit,PRD0001,Home Loan,3680070.21,pos,south zone,Haryana,Nitin Joshi,Pending,Debit - Home Loan - Jun 2012,0,220.64,3679849.57
TXN6605531,CUST39109,05-04-2013,Debit,PRD0009,Savings Account,2665442.89,MOBILE APP,North Zone,maharashtra,amit patel,failed,Debit - Savings Account - Apr 2013,479779.72,476.56,2185186.61
TXN4135831,CUST39710,24-01-2025,NEFT,PRD0011,Recurring Deposit,Rs.2080672.42,Phone Banking,South Zone,Andhra Pradesh,Lalita Devi,Failed,NEFT - Recurring Deposit - Jan 2025,0,75.36,Rs.2080597.06
TXN1353880,CUST38885,15-08-2023,credit,PRD0001,Home Loan,2725046,Phone Banking,North Zone,Punjab,Sunita Rao,completed,Credit - Home Loan - Aug 2023,490508.28,58.08,2234479.64
TXN7612691,CUST65640,04-05-2017,Cash Deposit,PRD0004,Gold Loan,3264888.64,POS,East Zone,Odisha,Ramesh Yadav,Reversed,Cash Deposit - Gold Loan - Jul 2021,587679.96,386.54,2676822.14
TXN5907376,CUST59689,22-10-2022,Penalty Charge,PRD0017,Auto Loan,1763164.44,  POS,Central Zone,Gujarat,Amit Patel,Pending,Penalty Charge - Auto Loan - Nov 2015,317369.6,463.47,1445331.37
TXN2107057,CUST93454,11-Aug-11,Transfer,PRD0004,Gold Loan,1481296.84,Branch,South Zone,Rajasthan,Mohan Das,Completed,Transfer - Gold Loan - Aug 2011,0,484.79,1480812.05
TXN4162498,CUST33281,05-10-2012,Penalty Charge,PRD0014,OD Facility,2070697.52,Internet Banking,East Zone,telangana,Kavitha Subramanian,Completed,Penalty Charge - OD Facility - May 2012,0,53.17,2070644.35
TXN1889811,CUST95235,17-05-2011,RTGS,PRD0001,Home Loan,4319922.43,POS,Central Zone,Gujarat,Sunita Rao,Under Review,RTGS - Home Loan - Jun 2010,777586.04,385.74,3541950.65
TXN7562376,CUST14791,10-12-2025,UPI,PRD0008,Credit Card,3945473.42,internet banking,South Zone,Gujarat,Lalita Devi,Reversed,UPI - Credit Card - Dec 2025,0,167.98,3945305.44
TXN2124104,CUST87165,22-Jan-15,cash deposit,PRD0005,Education Loan,2395978.52,Internet Banking,East Zone,Maharashtra,Meena Iyer,Reversed,Cash Deposit - Education Loan - Jan 2015,0,487.13,2395491.39
TXN4707787,CUST13109,13-08-2018,DEBIT,PRD0017,Auto Loan,542670.11,ATM,North Zone,Telangana,Kavitha Subramanian,Under Review,Debit - Auto Loan - Aug 2018,97680.62,321.36,444668.13
TXN7905160,CUST98502,11-11-2022,IMPS,PRD0017,Auto Loan,3511610.21,POS,CENTRAL ZONE,Maharashtra,Vivaan Bose,Reversed,IMPS - Auto Loan - Nov 2022,0,66.37,3511543.84
TXN2639543,CUST52568,27-05-2024,Interest Credit,PRD0008,Credit Card,4580397.03,PHONE BANKING,South Zone,Telangana,Kavya Joshi,Reversed,Interest Credit - Credit Card - May 2024,824471.47,6.01,3755919.55
TXN7029800,CUST95799,03-02-2021,Penalty Charge,PRD0007,Loan Against Property,2046476.79,Internet Banking,West Zone,Andhra Pradesh,Meena Iyer,Pending,Penalty Charge - Loan Against Property - Mar 2021,0,149.35,2046327.44
TXN1433401,CUST93454,20-Sep-19,Interest Credit,PRD0014,OD Facility,1500178.25,Internet Banking,central zone,MAHARASHTRA,Amit Patel,Failed,Interest Credit - OD Facility - Sep 2019,270032.08,0,1229708.92
TXN5193728,CUST49302,23-01-2013,Penalty Charge,PRD0012,mutual fund,1540124.43,Internet Banking,Central Zone,Delhi,Amit Patel,Under Review,Penalty Charge - Mutual Fund - Jan 2013,277222.4,159.79,1262742.24
TXN6428734,CUST37110,23-03-2025,NEFT,PRD0014,OD Facility,3273501.84,Internet Banking,South Zone,RAJASTHAN,Arun Mehta,Reversed,NEFT - OD Facility - Oct 2023,0,185.37,3273316.47
TXN8925731,CUST53054,06-May-12,Loan Disbursal,PRD0001,Home Loan,1516852.06,Branch,NORTH ZONE,West Bengal,Ramesh Yadav,Reversed,Loan Disbursal - Home Loan - May 2012,273033.37,211.11,1243607.58
TXN1903147,CUST80972,09-05-2023,IMPS,PRD0010,Fixed Deposit,4510396.49,NEFT/RTGS,West Zone,Madhya Pradesh,Sunita Rao,Completed,IMPS - Fixed Deposit - Mar 2015,0,1.6,4510394.89
TXN4187234,CUST19658,10-09-2016,Loan Disbursal,PRD0004,Gold Loan,2809277.02,POS,Central Zone,  Karnataka,Sunita Rao,Completed,Loan Disbursal - Gold Loan - Sep 2016,0,448.62,2808828.4
TXN6494717,CUST71587,09-08-2018,EMI Payment,PRD0012,mutual fund,3539048.96,Branch,East Zone,Madhya Pradesh,Mohan Das,Reversed,EMI Payment - Mutual Fund - Aug 2018,637028.81,135.45,2901884.7
TXN8795495,CUST50888,14-Jul-21,RTGS,PRD0005,education loan,1609848,neft/rtgs,South Zone,Maharashtra,Ramesh Yadav,Pending,RTGS - Education Loan - Jul 2021,289772.64,8.04,1320067.32
TXN7066344,CUST31660,27-02-2019,IMPS,PRD0007,LOAN AGAINST PROPERTY,478375.67,POS,North Zone,Andhra Pradesh,Mohan Das,Failed,IMPS - Loan Against Property - Feb 2019,0,446.79,477928.88
TXN4035386,CUST27705,21-12-2017,NEFT,PRD0008,Credit Card,2002106.55,NEFT/RTGS,East Zone,Andhra Pradesh,Vijay Kumar,Failed,NEFT - Credit Card - Dec 2017,360379.18,250.62,Rs.1641476.75
TXN7136916,CUST36041,22-Oct-21,Credit,PRD0005,Education Loan,Rs.1028205.4,  NEFT/RTGS,North Zone,Tamil Nadu,Lalita Devi,Completed,Credit - Education Loan - Oct 2021,310897.34,9.24,1416300.87
TXN4764064,CUST61347,06-03-2012,EMI PAYMENT,PRD0006,business loan,4606240.74,Internet Banking,East Zone,haryana,Arun Mehta,Completed,EMI Payment - Business Loan - Jul 2022,829123.33,Rs.130.02,3776987.39
TXN9216220,CUST34105,05-09-2015,NEFT,PRD0003,  Auto Loan,3171000.92,Mobile App,East Zone,Karnataka,Ramesh Yadav,Reversed,NEFT - Home Loan - Oct 2018,570780.17,95.15,2600125.6
TXN3675356,CUST63026,08-07-2018,CASH WITHDRAWAL,PRD0007,Loan Against Property,4358787.42,ATM,WEST ZONE,West Bengal,MEENA IYER,Under Review,Cash Withdrawal - Loan Against Property - Aug 2018,784581.74,447.66,3573758.02
TXN3170953,CUST52584,22-06-2025,Penalty Charge,PRD0013,Insurance,2308067.69,Phone Banking,North Zone,delhi,Vijay Kumar,Failed,Penalty Charge - Insurance - Jun 2025,0,140.09,2307927.6
TXN7600644,CUST53054,31-10-2015,Penalty Charge,PRD0009,Savings Account,3426092.64,NEFT/RTGS,West Zone,Uttar Pradesh,rajesh sharma,Pending,Penalty Charge - Savings Account - Jan 2018,616696.68,406.53,2808989.43
TXN5983850,CUST96363,01-06-2018,Loan Disbursal,PRD0005,Education Loan,1332106.26,Mobile App,WEST ZONE,Tamil Nadu,  Meena Iyer,COMPLETED,Transfer - Education Loan - Jun 2018,239779.13,35.17,1092291.96
TXN3956857,CUST81657,31-01-2022,Transfer,PRD0005,Education Loan,2413672.72,Mobile App,North Zone,MADHYA PRADESH,amit patel,failed,Transfer - Education Loan - Jan 2022,0,Rs.320.22,2413352.5
TXN6429495,CUST60407,28-Jun-18,Penalty Charge,PRD0009,Savings Account,2516810.46,  ATM,North Zone,TELANGANA,Rajesh Sharma,Completed,Penalty Charge - Savings Account - Jun 2018,0,137.95,2516672.51
TXN3532632,CUST81732,23-Jun-15,EMI Payment,PRD0004,Gold Loan,1901764.26,ATM,West Zone,Maharashtra,Meena Iyer,Reversed,EMI Payment - Gold Loan - Jun 2015,0,0,1901728.18
TXN1367824,CUST54573,06-05-2017,RTGS,PRD0007,Loan Against Property,1906523.39,atm,East Zone,Maharashtra,Arun Mehta,Pending,RTGS - Loan Against Property - Jul 2021,343174.21,157.86,1563191.32
TXN2585394,CUST89954,26-02-2025,  Cash Deposit,PRD0012,Mutual Fund,2759871.97,Phone Banking,  East Zone,Odisha,Vijay Kumar,Reversed,Cash Deposit - Mutual Fund - Feb 2025,0,349.34,2759522.63
TXN2293828,CUST10055,04-11-2019,Credit,PRD0007,Loan Against Property,Rs.2981473.13,ATM,West Zone,Uttar Pradesh,meena iyer,Pending,Credit - Loan Against Property - Nov 2019,Rs.536665.16,424.66,2444383.31
TXN7257167,CUST22695,13-10-2018,UPI,PRD0013,Insurance,762923.47,ATM,East Zone,Uttar Pradesh,Ramesh Yadav,Under Review,UPI - Insurance - Oct 2018,137326.22,291.01,625306.24
TXN2349125,CUST98488,13-Aug-13,Debit,PRD0007,  Loan Against Property,940949.61,Branch,South Zone,Tamil Nadu,Anita Bose,Reversed,Debit - Loan Against Property - Aug 2013,0,436.34,940513.27
TXN8401874,CUST11209,23-11-2014,Interest Credit,PRD0011,Recurring Deposit,567783.52,Phone Banking,East Zone,West Bengal,Sanjay Gupta,Completed,Interest Credit - Recurring Deposit - Nov 2014,0,141.57,567641.95
TXN2196185,CUST74219,30-08-2022,Credit,PRD0003,  Auto Loan,223894.47,ATM,Central Zone,TELANGANA,Deepa Krishnan,Failed,Credit - Auto Loan - Jul 2013,0,Rs.60.3,183533.17
TXN3782599,CUST19432,08-02-2025,EMI Payment,PRD0006,BUSINESS LOAN,250864.02,Mobile App,East Zone,gujarat,Deepa Krishnan,Under Review,EMI Payment - Business Loan - Aug 2025,0,442.04,250421.98
TXN2135423,CUST83399,08-07-2020,Credit,PRD0008,CREDIT CARD,1403260.07,NEFT/RTGS,West Zone,Rajasthan,Arun Mehta,Pending ,Credit - Credit Card - Aug 2020,0,13.76,1403246.31
TXN1646367,CUST95972,21-06-2010,debit,PRD0007,Loan Against Property,3424444.04,Internet Banking,South Zone,Rajasthan,Anita Bose,Under Review,Debit - Loan Against Property - Jun 2010,0,181.75,3424262.29
TXN2498851,CUST86344,19-01-2014,penalty charge,PRD0010,Fixed Deposit,929540.46,Internet Banking,South Zone,Tamil Nadu,Lalita Devi,Under Review,Penalty Charge - Fixed Deposit - Jan 2014,0,0,929535.52
TXN8887210,CUST23413,23-11-2012,NEFT,PRD0017,Auto Loan,4299533.5,pos,North Zone,Delhi,Vijay Kumar,Under Review,NEFT - Auto Loan - Nov 2012,0,16.55,4299516.95
TXN3989026,CUST49363,04-12-2011,Loan Disbursal,PRD0005,Education Loan,3957875.24,Mobile App,west zone,Maharashtra,Sanjay Gupta,Pending,Loan Disbursal - Education Loan - Dec 2011,0,286.82,3957588.42
TXN7944273,CUST59786,20-03-2022,Cash Deposit,PRD0013,Insurance,4698812.18,Branch,West Zone,Uttar Pradesh,Mohan Das,Under Review,Cash Deposit - Insurance - Jun 2012,845786.19,111.98,3852914.01
TXN2207248,CUST16461,11-02-2015,debit,PRD0014,od facility,3642632.35,INTERNET BANKING,NORTH ZONE,odisha,Ramesh Yadav,Reversed,Debit - OD Facility - Feb 2015,655673.82,90.54,2986867.99
TXN6528495,CUST24832,04-10-2013,emi payment,PRD0014,OD Facility,4946383.31,NEFT/RTGS,Central Zone,KARNATAKA,LALITA DEVI,SUCCESS,EMI Payment - OD Facility - Oct 2013,890349,240.88,4055793.43
TXN8759864,CUST42441,11-01-2022,Interest Credit,PRD0013,Insurance,746324.88,internet banking,Central Zone,Andhra Pradesh,Lalita Devi,Failed,Interest Credit - Insurance - Jun 2011,134338.48,261.74,Rs.611724.66
TXN9779114,CUST19952,26-Feb-24,Loan Disbursal,PRD0008,Credit Card,2677385.94,Internet Banking,East Zone,Karnataka,Lalita Devi,Under Review,Loan Disbursal - Credit Card - Feb 2024,0,433.56,2676952.38
TXN2915668,CUST42955,01-01-2025,Cash Withdrawal,PRD0010,Fixed Deposit,Rs.1028205.4,Phone Banking,east zone,West Bengal,nitin joshi,failed,Cash Withdrawal - Fixed Deposit - May 2016,512271.38,384.12,2333296.63
TXN5922238,CUST88956,01-02-2013,upi,PRD0006,Business Loan,1344123.5,ATM,West Zone,Andhra Pradesh,Priya Nair,Failed,Transfer - Business Loan - Jun 2023,241942.23,191.36,1101989.91
TXN5105369,CUST26961,04-Nov-23,PENALTY CHARGE,PRD0005,Education Loan,2835012.84,mobile app,North Zone,Gujarat,Sanjay Gupta,Pending,Penalty Charge - Education Loan - Nov 2023,510302.31,Rs.258.25,2324452.28
TXN7735046,CUST19924,01-02-2013,Interest Credit,PRD0012,MUTUAL FUND,3468821.08,Phone Banking,North Zone,Uttar Pradesh,SANJAY GUPTA,Reversed,Interest Credit - Mutual Fund - Oct 2018,624387.79,297.02,2844136.27
TXN1799824,CUST12154,03-09-2019,Penalty Charge,PRD0009,Savings Account,349797.29,  Branch,South Zone,Odisha,Anita Bose,Reversed,Penalty Charge - Savings Account - Sep 2019,0,488.03,349309.26
TXN1082110,CUST43518,23-02-2024,Transfer,PRD0014,OD FACILITY,1115723.22,INTERNET BANKING,North Zone,Andhra Pradesh,Deepa Krishnan,failed,Transfer - OD Facility - Feb 2024,Rs.200830.18,66.92,914826.12
TXN6649738,CUST80675,08-May-21,EMI PAYMENT,PRD0005,EDUCATION LOAN,1305893.1,  NEFT/RTGS,east zone,Rajasthan,meena iyer,Reversed,EMI Payment - Education Loan - May 2021,235060.76,162.1,1070670.24
TXN1865054,CUST29482,21-Oct-16,IMPS,PRD0011,Recurring Deposit,2513672.56,POS,East Zone,West Bengal,priya nair,Reversed,IMPS - Recurring Deposit - Oct 2016,452461.06,208.05,2061003.45
TXN1024396,CUST73505,12-06-2022,RTGS,PRD0002,Personal Loan,Rs.771090.22,Branch,South Zone,Kerala,Meena Iyer,Completed,RTGS - Personal Loan - Jun 2022,138796.24,50.61,632243.37
TXN2374080,CUST74219,09-02-2024,Interest Credit,PRD0012,Mutual Fund,667951.41,POS,East Zone,Maharashtra,Rajesh Sharma,Reversed,Interest Credit - Mutual Fund - Feb 2024,120231.25,12.81,547707.35
TXN8666531,CUST18993,03-05-2022,Cash Deposit,PRD0006,Business Loan,498235.83,Internet Banking,North Zone,Rajasthan,ARUN MEHTA,Under Review,Cash Deposit - Business Loan - Dec 2019,89682.45,288.94,Rs.408264.44
TXN5414818,CUST84873,30-08-2022,Loan Disbursal,PRD0003,  Auto Loan,1501617.49,Internet Banking,NORTH ZONE,Gujarat,Lalita Devi,Reversed,Loan Disbursal - Personal Loan - Mar 2025,270291.15,96.05,1231230.29
TXN6940792,CUST30260,17-10-2021,penalty charge,PRD0014,OD Facility,2742124.86,Mobile App,East Zone,maharashtra,PRIYA NAIR,Completed,Penalty Charge - OD Facility - Oct 2021,493582.47,153.99,2248388.4
TXN7031190,CUST48085,21-10-2019,RTGS,PRD0005,Education Loan,2898265.14,branch,WEST ZONE,Kerala,Sanjay Gupta,COMPLETED,RTGS - Education Loan - Oct 2019,0,98.67,2898166.47
TXN1437804,CUST34761,02-08-2021,Cash Deposit,PRD0001,Home Loan,3703807.38,Phone Banking,  Central Zone,TELANGANA,nitin joshi,Reversed,Cash Deposit - Home Loan - Aug 2021,666685.33,285.68,3036836.37
TXN9668174,CUST34435,25-04-2010,Loan Disbursal,PRD0009,Savings Account,2392529.69,  ATM,East Zone,TELANGANA,Sunita Rao,Reversed,Loan Disbursal - Savings Account - Apr 2023,430655.34,107.34,1961767.01
TXN6937787,CUST48780,04-Mar-25,Debit,PRD0006,Business Loan,3129924.65,Branch,West Zone,Andhra Pradesh,anita bose,Completed,Debit - Business Loan - Mar 2025,0,467.82,3129456.83
TXN9248632,CUST86273,29-07-2011,EMI Payment,PRD0012,mutual fund,451583.76,ATM,CENTRAL ZONE,Kerala,MOHAN DAS,Reversed,EMI Payment - Mutual Fund - Jul 2011,81285.08,388.05,369910.63
TXN7215175,CUST21770,30-04-2018,Cash Deposit,PRD0013,Insurance,2720426.7,Mobile App,North Zone,Uttar Pradesh,  Priya Nair,Failed,Cash Deposit - Insurance - Nov 2012,0,155.32,2720271.38
TXN2264107,CUST49795,05-02-2023,Penalty Charge,PRD0003,  Auto Loan,4365253.83,NEFT/RTGS,south zone,Telangana,  Deepa Krishnan,Pending ,Penalty Charge - Auto Loan - May 2023,785745.69,153.24,3579354.9
TXN6674932,CUST25461,17-09-2013,EMI Payment,PRD0002,Personal Loan,493431.74,Branch,  East Zone,KARNATAKA,Amit Patel,SUCCESS,EMI Payment - Personal Loan - Sep 2013,0,489.33,492942.41
TXN2723364,CUST41925,15-07-2020,Debit,PRD0014,OD Facility,4969072.18,neft/rtgs,South Zone,Delhi,Rohan Pillai,Completed,Debit - OD Facility - Jul 2020,894432.99,240.45,4074398.74
TXN2234000,CUST24515,02-Nov-19,UPI,PRD0007,Loan Against Property,1766103.73,NEFT/RTGS,North Zone,  Punjab,Nitin Joshi,Failed,UPI - Loan Against Property - Nov 2019,317898.67,278.86,1766103.73
TXN6593573,CUST33562,22-Apr-10,Credit,PRD0014,OD Facility,139983.48,Mobile App,south zone,HARYANA,Arun Mehta,Pending ,Credit - OD Facility - Apr 2010,0,302.7,139680.78
TXN6377945,CUST36976,15-01-2021,Credit,PRD0008,Credit Card,3377726.33,POS,West Zone,Odisha,Sanjay Gupta,COMPLETED,Credit - Credit Card - Jan 2021,0,273.41,3377452.92
TXN9977294,CUST38748,25-08-2025,Loan Disbursal,PRD0003,  Auto Loan,2556860.03,Branch,East Zone,Telangana,Priya Nair,Reversed,Loan Disbursal - Gold Loan - Aug 2025,460234.81,447.69,2096177.53
TXN8087224,CUST19432,19-02-2024,INTEREST CREDIT,PRD0005,Education Loan,329086.94,Internet Banking,East Zone,Tamil Nadu,Mohan Das,Under Review,Interest Credit - Education Loan - Feb 2024,0,87.07,328999.87
TXN7034246,CUST83566,26-11-2010,IMPS,PRD0017,Auto Loan,2224688.56,ATM,South Zone,  Madhya Pradesh,Nitin Joshi,Failed,IMPS - Auto Loan - Nov 2010,400443.94,231.5,1824013.12
TXN6009066,CUST89988,30-07-2011,IMPS,PRD0003,  Auto Loan,3100717.61,Branch,Central Zone,Odisha,Mohan Das,Pending,IMPS - Credit Card - Jul 2011,558129.17,473.68,2542114.76
TXN5172758,CUST17263,27-06-2010,Transfer,PRD0001,Home Loan,3103361.44,internet banking,South Zone,MADHYA PRADESH,priya nair,Reversed,Transfer - Home Loan - Jun 2010,0,498.27,3102863.17
TXN1417925,CUST74213,09-06-2023,UPI,PRD0014,OD Facility,2746811.33,atm,East Zone,Punjab,Surendra Reddy,Under Review,UPI - OD Facility - Jun 2023,494426.04,354.91,2252030.38
TXN6006915,CUST13906,11-07-2016,penalty charge,PRD0001,home loan,2177658.18,Branch,South Zone,odisha,VIJAY KUMAR,Completed,Penalty Charge - Home Loan - Sep 2017,391978.47,35.09,1785644.62
TXN3194272,CUST14791,25-11-2024,EMI Payment,PRD0005,Education Loan,910464.65,Mobile App,East Zone,Haryana,RAJESH SHARMA,Under Review,EMI Payment - Education Loan - Nov 2024,163883.64,217.78,746363.23
TXN9000748,CUST83566,20-Jan-12,IMPS,PRD0005,EDUCATION LOAN,741251.56,neft/rtgs,East Zone,karnataka,Amit Patel,Under Review,IMPS - Education Loan - Jan 2012,133425.28,12.37,607813.91
TXN5878553,CUST48780,09-08-2015,Credit,PRD0013,Insurance,1401215.84,POS,  Central Zone,Odisha,Meena Iyer,Failed,Credit - Insurance - Aug 2013,252218.85,133.05,1148863.94
TXN8401593,CUST54260,25-10-2018,NEFT,PRD0005,Education Loan,3572262.27,Internet Banking,central zone,UTTAR PRADESH,Priya Nair,Failed,NEFT - Education Loan - Oct 2018,0,382.2,3571880.07
TXN5912829,CUST74724,02-02-2015,  Credit,PRD0010,FIXED DEPOSIT,1613753.23,NEFT/RTGS,  Central Zone,Karnataka,  Mohan Das,Under Review,Credit - Fixed Deposit - Feb 2015,290475.58,176.71,1323100.94
TXN6580259,CUST83716,10-03-2011,Credit,PRD0006,Business Loan,4715262.41,Phone Banking,South Zone,Karnataka,Ramesh Verma,Under Review,Credit - Business Loan - Aug 2025,0,179.94,4715082.47
TXN3032010,CUST36013,27-12-2016,Transfer,PRD0010,fixed deposit,4116176.92,NEFT/RTGS,East Zone,  Rajasthan,Priya Nair,Completed,Transfer - Fixed Deposit - Dec 2016,0,493.55,4115683.37
TXN4098023,CUST35153,10-07-2025,Loan Disbursal,PRD0004,GOLD LOAN,3542261.95,ATM,West Zone,Rajasthan,Amit Patel,Reversed,Loan Disbursal - Gold Loan - Jul 2023,637607.15,100.66,2904554.14
TXN5103076,CUST64746,31-03-2021,NEFT,PRD0007,Loan Against Property,1376953.15,phone banking,East Zone,West Bengal,PRIYA NAIR,Failed,NEFT - Loan Against Property - Mar 2021,247851.57,1.61,1129099.97
TXN6264000,CUST68479,09-08-2019,EMI Payment,PRD0003,  Auto Loan,1934072.91,ATM,South Zone,  West Bengal,Priya Nair,Pending,EMI Payment - Insurance - Oct 2014,0,370.2,1933702.71
TXN7407821,CUST19508,28-04-2020,credit,PRD0005,Education Loan,878682.65,NEFT/RTGS,East Zone,West Bengal,Vijay Kumar,Failed,Credit - Education Loan - Apr 2020,158162.88,9.32,720510.45
TXN2839615,CUST34673,25-06-2011,CASH WITHDRAWAL,PRD0017,auto loan,1478709.05,NEFT/RTGS,Central Zone,Haryana,ramesh yadav,Failed,NEFT - Auto Loan - Sep 2024,266167.63,177.44,1212363.98
TXN6832076,CUST59054,06-02-2015,RTGS,PRD0002,Personal Loan,608676.92,NEFT/RTGS,East Zone,Kerala,Priya Nair,Reversed,RTGS - Personal Loan - Feb 2015,109561.85,155.11,498959.96
TXN1488804,CUST93472,20-Aug-23,Interest Credit,PRD0006,Business Loan,3059296.12,Branch,  Central Zone,TAMIL NADU,Anita Bose,Completed,Interest Credit - Business Loan - Aug 2023,550673.3,57.94,2508564.88
TXN1123937,CUST21546,17-05-2025,INTEREST CREDIT,PRD0004,Gold Loan,2572153.88,Phone Banking,Central Zone,Delhi,Ramesh Yadav,COMPLETED,Interest Credit - Gold Loan - Oct 2024,462987.7,493.14,2108673.04
TXN6958167,CUST61721,11-08-2010,Interest Credit,PRD0013,Insurance,4566338.34,Phone Banking,South Zone,Uttar Pradesh,  Amit Patel,Under Review,Interest Credit - Insurance - Nov 2010,821940.9,364.35,3744033.09
TXN9002678,CUST65685,15-04-2019,  EMI Payment,PRD0007,Loan Against Property,663282.17,  Mobile App,North Zone,punjab,Sanjay Gupta,Reversed,EMI Payment - Loan Against Property - Apr 2019,119390.79,437.8,543453.58
TXN7820946,CUST80047,26-06-2024,Interest Credit,PRD0009,savings account,912881.63,POS,West Zone,Telangana,Sanjay Gupta,Reversed,Interest Credit - Savings Account - Oct 2012,164318.69,0,748331.87
TXN8931314,CUST97151,21-05-2012,RTGS,PRD0002,Personal Loan,868565.55,Mobile App,East Zone,Delhi,SANJAY GUPTA,Failed,RTGS - Personal Loan - May 2012,156341.8,422.88,711800.87
TXN5410643,CUST63668,27-Aug-10,UPI,PRD0013,Insurance,274340.19,Phone Banking,CENTRAL ZONE,TELANGANA,Sanjay Gupta,Completed,UPI - Insurance - Aug 2010,Rs.0,466.69,Rs.273873.5
TXN4391366,CUST82973,30-08-2022,NEFT,PRD0051,  Savings Account,4439944.49,phone banking,East Zone,Delhi,  Sunita Rao,Failed,NEFT - Savings Account - Apr 2012,799190.01,369.34,3640385.14
TXN7843136,CUST37110,06-02-2019,Penalty Charge,PRD0012,Mutual Fund,4846373.18,POS,East Zone,Uttar Pradesh,Nitin Joshi,SUCCESS,Penalty Charge - Mutual Fund - Feb 2019,872347.17,423.93,3973602.08
TXN2259332,CUST96363,26-05-2017,Cash Deposit,PRD0008,CREDIT CARD,573035.61,PHONE BANKING,  West Zone,uttar pradesh,Anita Bose,Pending,Cash Deposit - Credit Card - May 2017,0,15.81,573019.8
TXN4923546,CUST96363,26-05-2017,Cash Deposit,PRD0008,Credit Card,573035.61,Phone Banking,West Zone,Uttar Pradesh,Anita Bose,Completed,Cash Deposit - Credit Card - May 2017,0,15.81,573019.8
TXN3246016,CUST92203,10-12-2011,IMPS,PRD0014,OD Facility,321967.91,NEFT/RTGS,East Zone,Madhya Pradesh,Priya Nair,Pending,IMPS - OD Facility - Dec 2011,57954.22,136.27,263877.42
TXN4186100,CUST72722,01-03-2024,UPI,PRD0014,  OD Facility,1395061.74,  ATM,East Zone,gujarat,Arun Mehta,Reversed,UPI - OD Facility - Jul 2022,251111.11,22.45,1143928.18
TXN5598333,CUST89129,06-02-2015,Credit,PRD0011,RECURRING DEPOSIT,2474655.17,Phone Banking,West Zone,Rajasthan,Amit Patel,Under Review,Credit - Recurring Deposit - Feb 2015,445437.93,386.29,2028830.95
TXN3197475,CUST40830,03-04-2010,upi,PRD0006,Business Loan,2938054.61,ATM,West Zone,Maharashtra,nitin joshi,Pending,Loan Disbursal - Business Loan - Mar 2010,528849.83,317.12,2408887.66
TXN7612415,CUST31705,17-04-2017,RTGS,PRD0001,home loan,3271904.03,NEFT/RTGS,West Zone,Punjab,Arun Mehta,Under Review,RTGS - Home Loan - Oct 2021,0,Rs.468.71,2682492.59
TXN5885366,CUST49152,15-06-2016,Penalty Charge,PRD0002,personal loan,4658740.77,Branch,South Zone,Rajasthan,Sunita Iyer,Reversed,Penalty Charge - Personal Loan - Jun 2016,0,243.46,4658497.31
TXN9402047,CUST28117,24-May-11,Cash Withdrawal,PRD0009,Savings Account,58858.75,Phone Banking,East Zone,Tamil Nadu,AMIT PATEL,Under Review,Cash Withdrawal - Savings Account - May 2011,10594.57,117.49,48146.69
TXN3827445,CUST44825,07-Feb-19,Transfer,PRD0002,personal loan,2205992.19,NEFT/RTGS,East Zone,kerala,AMIT PATEL,Reversed,Transfer - Personal Loan - Feb 2019,397078.59,61.29,1808852.31
TXN7441255,CUST74491,21-06-2017,Interest Credit,PRD0017,Auto Loan,3209427.29,ATM,central zone,Kerala,Ramesh Yadav,Under Review,Interest Credit - Auto Loan - Jun 2017,577696.91,373.74,2631356.64
TXN8230898,CUST61697,22-05-2010,Penalty Charge,PRD0004,Gold Loan,4954446.58,Phone Banking,East Zone,Karnataka,Meena Iyer,Under Review,Penalty Charge - Gold Loan - May 2010,0,276.71,4954169.87
TXN4562316,CUST60342,29-02-2020,EMI Payment,PRD0008,Credit Card,86405.62,NEFT/RTGS,South Zone,Rajasthan,Nitin Joshi,Under Review,EMI Payment - Credit Card - Apr 2015,0,408.38,85997.24
TXN4970082,CUST70211,30-06-2013,neft,PRD0001,Home Loan,2562912.31,  Mobile App,East Zone,Haryana,Meena Iyer,Failed,NEFT - Home Loan - Jun 2013,0,67.57,2562844.74
TXN5095774,CUST22050,08-06-2025,EMI Payment,PRD0017,auto loan,3482726.04,Phone Banking,West Zone,Andhra Pradesh,Deepa Krishnan,Completed,EMI Payment - Auto Loan - Jun 2025,0,255.82,3482470.22
TXN1352392,CUST52413,17-02-2019,UPI,PRD0001,Home Loan,4113669.67,POS,CENTRAL ZONE,Tamil Nadu,Lalita Devi,Under Review,UPI - Home Loan - Feb 2019,0,331.95,4113337.72
TXN3659305,CUST21546,14-07-2021,RTGS,PRD0004,Gold Loan,1722218.04,POS,WEST ZONE,Telangana,Vijay Kumar,Under Review,RTGS - Gold Loan - Jul 2021,309999.25,345.28,1411873.51
TXN7989052,CUST96462,31-Jan-16,IMPS,PRD0009,savings account,4737117.58,Mobile App,South Zone,Maharashtra,Anita Bose,Failed,IMPS - Savings Account - Jan 2016,852681.16,126.07,3884310.35
TXN6878395,CUST36013,27-04-2010,Credit,PRD0002,Personal Loan,2417230.67,ATM,North Zone,Karnataka,Vijay Kumar,Pending,Credit - Personal Loan - Apr 2010,0,83.38,2417147.29
TXN6305294,CUST95789,23-Sep-19,Cash Withdrawal,PRD0007,Loan Against Property,4762417.49,ATM,South Zone,Punjab,Suresh Kumar,Completed,Cash Withdrawal - Loan Against Property - Sep 2019,857235.15,339.63,3904842.71
TXN4266322,CUST22492,16-Jul-20,Loan Disbursal,PRD0013,Insurance,4321285.97,INTERNET BANKING,North Zone,Haryana,Nitin Joshi,Reversed,Loan Disbursal - Insurance - Jul 2020,0,487.56,4320798.41
TXN5719781,CUST84393,06-02-2016,CREDIT,PRD0017,Auto Loan,1859213.18,mobile app,North Zone,tamil nadu,Kavitha Subramanian,Reversed,Credit - Auto Loan - Aug 2025,334658.37,259.24,1524295.57
TXN8833048,CUST45785,24-Mar-15,EMI Payment,PRD0012,Mutual Fund,1350842.48,Phone Banking,east zone,Kerala,Sanjay Gupta,Under Review,EMI Payment - Mutual Fund - Mar 2015,243151.65,366.89,1107323.94
TXN3433013,CUST10255,03-12-2014,Interest Credit,PRD0002,Personal Loan,1773274.94,phone banking,South Zone,MADHYA PRADESH,Anita Bose,Under Review,Interest Credit - Personal Loan - Dec 2014,319189.49,294.55,1453790.9
TXN1063358,CUST21770,27-Jun-17,RTGS,PRD0013,Insurance,2984737.34,atm,CENTRAL ZONE,Kerala,Arun Mehta,Completed,RTGS - Insurance - Jun 2017,0,354.99,2447129.63
TXN1274781,CUST95235,31-07-2011,IMPS,PRD0011,recurring deposit,2882444.61,Internet Banking,South Zone,Haryana,arun mehta,Pending,IMPS - Recurring Deposit - Jul 2011,Rs.0,54.06,2882390.55
TXN1193127,CUST23305,03-02-2010,INTEREST CREDIT,PRD0014,od facility,2890821.5,Mobile App,East Zone,west bengal,amit patel,Under Review,Interest Credit - OD Facility - Mar 2010,Rs.520347.87,266.59,2370207.04
TXN6647626,CUST43330,19-09-2015,CASH DEPOSIT,PRD0011,recurring deposit,1574528.51,Branch,  South Zone,Tamil Nadu,Rajesh Sharma,Failed,Cash Deposit - Recurring Deposit - Nov 2020,0,412.2,1290701.18
TXN4872168,CUST61721,12-06-2013,Interest Credit,PRD0014,od facility,1633422.57,Branch,CENTRAL ZONE,west bengal,Sunita Rao,failed,Interest Credit - OD Facility - Dec 2013,0,433.14,1632989.43
TXN3769345,CUST65478,10-03-2011,NEFT,PRD0012,Mutual Fund,1863832.68,branch,South Zone,Maharashtra,SUNITA RAO,Completed,NEFT - Mutual Fund - Jan 2014,335489.88,369.74,1527973.06
TXN5985783,CUST81732,30-07-2016,transfer,PRD0013,Insurance,4065432.36,PHONE BANKING,Central Zone,Odisha,Priya Nair,Failed,Transfer - Insurance - Jul 2016,0,432.48,4064999.88
TXN6060781,CUST67763,18-03-2012,cash withdrawal,PRD0014,od facility,2609329.19,Phone Banking,West Zone,Maharashtra,Vijay Kumar,Completed,Cash Withdrawal - OD Facility - Nov 2024,469679.25,476.15,2139173.79
TXN6212838,CUST54260,14-09-2012,IMPS,PRD0005,Education Loan,95146.89,Internet Banking,east zone,MAHARASHTRA,Lalita Devi,Pending,IMPS - Education Loan - Feb 2020,17126.44,398.91,77621.54
TXN9722028,CUST28665,20-08-2024,Interest Credit,PRD0005,Education Loan,3430182.5,BRANCH,West Zone,Gujarat,Kavitha Subramanian,Under Review,Interest Credit - Education Loan - Aug 2024,617432.85,171.23,2812578.42
TXN5995504,CUST26144,30-04-2021,CREDIT,PRD0004,Gold Loan,3057482.79,Internet Banking,Central Zone,Rajasthan,DEEPA KRISHNAN,Failed,Credit - Gold Loan - Apr 2021,550346.9,98.61,2507037.28
TXN6046430,CUST20749,24-05-2025,IMPS,PRD0014,OD Facility,4909208.81,POS,south zone,haryana,Nitin Joshi,Failed,IMPS - OD Facility - May 2025,883657.59,186.02,4025365.2
TXN4683453,CUST82357,26-11-2017,loan disbursal,PRD0014,od facility,3075830.25,Mobile App,east zone,andhra pradesh,Rajesh Sharma,Reversed,Loan Disbursal - OD Facility - Sep 2022,0,435.1,3075395.15
TXN7188124,CUST40516,02-04-2025,RTGS,PRD0004,Gold Loan,2130216.85,Internet Banking,North Zone,Maharashtra,Mohan Das,Pending,RTGS - Gold Loan - Apr 2025,383439.03,339.6,1746438.22
TXN5396459,CUST34323,01-03-2018,RTGS,PRD0002,personal loan,1965445.46,Phone Banking,West Zone,Andhra Pradesh,Mohan Das,Failed,RTGS - Personal Loan - Mar 2018,353780.18,196.64,1611468.64
TXN4459498,CUST77672,17-03-2021,UPI,PRD0010,Fixed Deposit,1422519.19,ATM,East Zone,Punjab,Priya Nair,Pending,UPI - Fixed Deposit - Mar 2021,0,111.69,1422407.5
TXN6230211,CUST51116,29-12-2024,Cash Withdrawal,PRD0005,Education Loan,3942250.59,ATM,North Zone,  Rajasthan,Arun Mehta,Reversed,Cash Withdrawal - Education Loan - Dec 2024,0,427.89,3941822.7
TXN9352683,CUST39933,18-05-2018,UPI,PRD0008,Credit Card,815869.93,Phone Banking,South Zone,Punjab,Sanjay Gupta,Failed,UPI - Credit Card - May 2018,0,206.07,815663.86
TXN2616735,CUST14959,18-08-2017,EMI Payment,PRD0013,  Insurance,3181805.69,Branch,Central Zone,Kerala,Mohan Das,Completed,Cash Withdrawal - Insurance - Aug 2017,0,239.16,3181566.53
TXN7108056,CUST95892,06-07-2022,UPI,PRD0012,Mutual Fund,432745.53,Branch,SOUTH ZONE,Andhra Pradesh,Rajesh Sharma,Failed,NEFT - Mutual Fund - Mar 2022,0,294.15,Rs.432451.38
TXN1102177,CUST41334,09-03-2021,RTGS,PRD0014,  OD Facility,2392630.08,Mobile App,Central Zone,Andhra Pradesh,Arun Mehta,Failed,RTGS - OD Facility - Nov 2025,Rs.0,180.11,2392449.97
TXN6408698,CUST21108,11-08-2021,Debit,PRD0007,Loan Against Property,3832032.53,  NEFT/RTGS,west zone,Gujarat,Ramesh Yadav,Reversed,Debit - Loan Against Property - Aug 2021,689765.86,0,3142119.14
TXN6523916,CUST96462,02-09-2023,IMPS,PRD0001,Home Loan,Rs.1028205.4,Internet Banking,West Zone,Karnataka,Vijay Reddy,Reversed,IMPS - Home Loan - Sep 2023,218245.05,363.47,993864
TXN7469859,CUST31534,15-02-2011,Interest Credit,PRD0012,Mutual Fund,4403642.63,Internet Banking,NORTH ZONE,odisha,Ramesh Yadav,Completed,Interest Credit - Mutual Fund - Feb 2011,792655.67,0,3610667.35
TXN6195212,CUST31534,18-04-2018,Interest Credit,PRD0012,Mutual Fund,4403642.63,Internet Banking,North Zone,Odisha,Ramesh Yadav,Completed,Interest Credit - Mutual Fund - Feb 2011,792655.67,319.61,3610667.35
TXN5069781,CUST30016,14-12-2018,EMI Payment,PRD0017,AUTO LOAN,348158.17,Internet Banking,South Zone,Maharashtra,Mohan Das,Failed,EMI Payment - Auto Loan - Dec 2018,62668.47,213.64,285276.06
TXN2093788,CUST74491,05-Nov-21,UPI,PRD0005,EDUCATION LOAN,1232254.97,ATM,Central Zone,West Bengal,Meena Iyer,Failed,UPI - Education Loan - Nov 2021,221805.89,97.03,1010352.05
TXN5256691,CUST88956,12-09-2015,EMI Payment,PRD0009,Savings Account,1836430.23,  ATM,West Zone,TELANGANA,Ramesh Yadav,Failed,EMI Payment - Savings Account - Sep 2015,330557.44,23.49,1505849.3
TXN8573835,CUST87303,29-09-2020,Penalty Charge,PRD0013,Insurance,3917594.62,Branch,East Zone,Andhra Pradesh,Amit Patel,Under Review,Penalty Charge - Insurance - Sep 2020,705167.03,257.39,3212170.2
TXN2037197,CUST98488,10-12-2012,RTGS,PRD0011,RECURRING DEPOSIT,4013140.99,Mobile App,East Zone,Uttar Pradesh,Nitin Joshi,Pending,RTGS - Recurring Deposit - Dec 2012,722365.38,185.32,3290590.29
TXN6237849,CUST30207,09-05-2014,RTGS,PRD0013,Insurance,3584125.68,Branch,West Zone,Gujarat,  Sanjay Gupta,Pending,RTGS - Insurance - May 2014,0,205.78,3583919.9
TXN9509111,CUST55220,06-01-2023,Loan Disbursal,PRD0005,EDUCATION LOAN,3446891.69,Branch,east zone,Telangana,Priya Nair,Pending,Loan Disbursal - Education Loan - Jun 2023,620440.5,256.35,2826194.84
TXN2642065,CUST68554,04-01-2020,Transfer,PRD0007,Loan Against Property,1719995.22,ATM,Central Zone,Odisha,anita bose,Pending ,Transfer - Loan Against Property - Jan 2020,0,Rs.251.77,1719743.45
TXN9604097,CUST34761,29-04-2016,Interest Credit,PRD0004,Gold Loan,3308632.53,NEFT/RTGS,Central Zone,Telangana,DEEPA KRISHNAN,failed,Interest Credit - Gold Loan - Apr 2016,0,106.16,3308526.37
TXN4402156,CUST38748,02-03-2011,EMI Payment,PRD0004,Gold Loan,4014964.95,ATM,East Zone,Punjab,Anita Bose,Failed,EMI Payment - Gold Loan - Mar 2011,722693.69,300.35,3291970.91
TXN8505394,CUST59689,05-11-2018,Debit,PRD0001,Home Loan,Rs.2874586.66,ATM,East Zone,Tamil Nadu,SANJAY GUPTA,Pending,Debit - Home Loan - May 2018,517425.6,495.87,2356665.19
TXN7124818,CUST59528,23-Nov-12,Interest Credit,PRD0013,Insurance,1168591.71,POS,CENTRAL ZONE,Odisha,Kavitha Subramanian,Reversed,Interest Credit - Insurance - Nov 2012,0,387.61,1168204.1
TXN4956892,CUST76448,06-11-2018,CASH DEPOSIT,PRD0004,Gold Loan,2591977.56,Branch,West Zone,Telangana,Priya Nair,Reversed,Cash Deposit - Gold Loan - Nov 2022,0,39.52,2125382.08
TXN4443613,CUST45989,30-03-2015,Credit,PRD0002,PERSONAL LOAN,709076.98,Phone Banking,East Zone,West Bengal,Amit Patel,Pending,Credit - Personal Loan - Nov 2014,127633.86,482.41,580960.71
TXN9376925,CUST94023,07-04-2021,CREDIT,PRD0004,Gold Loan,736588.14,POS,West Zone,Telangana,Amit Patel,COMPLETED,Credit - Gold Loan - Apr 2021,132585.87,275.49,603726.78
TXN9703947,CUST90868,13-11-2016,UPI,PRD0011,Recurring Deposit,1125654.79,  Internet Banking,West Zone,HARYANA,Meena Iyer,Under Review,UPI - Recurring Deposit - Nov 2016,202617.86,101.72,922935.21
TXN8702809,CUST43357,02-Aug-18,Penalty Charge,PRD0066,  Fixed Deposit,2478963.87,Mobile App,south zone,Haryana,Kavitha Subramanian,Failed,Penalty Charge - Fixed Deposit - Aug 2018,0,0.27,2478963.6
TXN1780321,CUST43408,16-04-2015,Debit,PRD0010,Fixed Deposit,3882708.42,Mobile App,Central Zone,Haryana,Meena Iyer,Pending ,Debit - Fixed Deposit - Apr 2015,0,372.23,3882336.19
TXN2873689,CUST60342,30-07-2010,LOAN DISBURSAL,PRD0001,Home Loan,3336240.05,PHONE BANKING,CENTRAL ZONE,West Bengal,vijay kumar,Failed,Loan Disbursal - Home Loan - Jul 2010,600523.21,398.66,2735318.18
TXN9799137,CUST52688,06-04-2025,  NEFT,PRD0008,Credit Card,2207360.74,NEFT/RTGS,North Zone,Delhi,Nitin Joshi,Failed,NEFT - Credit Card - Apr 2025,0,181.27,2207179.47
TXN8714743,CUST31705,23-Jul-25,rtgs,PRD0017,Auto Loan,3870038.17,INTERNET BANKING,west zone,Maharashtra,Meena Iyer,Under Review,RTGS - Auto Loan - Jul 2025,0,415.03,3869623.14
TXN3978858,CUST36041,09-10-2019,EMI Payment,PRD0007,Loan Against Property,3609321.09,POS,North Zone,Punjab,  Amit Patel,Pending,EMI Payment - Loan Against Property - Oct 2019,649677.8,298.15,2959345.14
TXN2148840,CUST71587,16-05-2010,cash withdrawal,PRD0002,Personal Loan,3193614.09,Internet Banking,SOUTH ZONE,Odisha,Mohan Das,Under Review,Cash Withdrawal - Personal Loan - May 2010,0,262.46,2618501.09
TXN8742766,CUST63914,30-04-2018,Cash Withdrawal,PRD0006,business loan,141129.89,Phone Banking,North Zone,GUJARAT,Priya Nair,Under Review,Cash Withdrawal - Business Loan - Jul 2025,25403.38,438.49,115288.02
TXN2859407,CUST60353,05-02-2021,Loan Disbursal,PRD0002,personal loan,1907498.76,POS,North Zone,Telangana,Nitin Joshi,Completed,Loan Disbursal - Personal Loan - Feb 2021,343349.78,204.77,1563944.21
TXN4242142,CUST46935,15-10-2010,Penalty Charge,PRD0012,Mutual Fund,957636.99,NEFT/RTGS,East Zone,RAJASTHAN,Anita Bose,Failed,Penalty Charge - Mutual Fund - Oct 2010,0,0,957636.99
TXN8833923,CUST56990,09-04-2019,imps,PRD0012,Mutual Fund,1744890.62,POS,Central Zone,RAJASTHAN,Amit Patel,Reversed,IMPS - Mutual Fund - Mar 2021,314080.31,311.3,1430499.01
TXN4468762,CUST56990,24-03-2021,IMPS,PRD0012,Mutual Fund,1744890.62,POS,Central Zone,Rajasthan,Amit Patel,Completed,IMPS - Mutual Fund - Mar 2021,314080.31,311.3,1430499.01
TXN9762826,CUST12050,03-06-2015,EMI Payment,PRD0012,Mutual Fund,2671543.28,Internet Banking,east zone,DELHI,mohan das,Completed,EMI Payment - Mutual Fund - Sep 2025,0,322.42,2671220.86
TXN8737917,CUST19952,02-06-2015,Cash Withdrawal,PRD0012,MUTUAL FUND,3205473.74,POS,Central Zone,Tamil Nadu,ANITA BOSE,Reversed,Cash Withdrawal - Mutual Fund - Jun 2015,576985.27,28.76,2628459.71
TXN8636079,CUST27389,07-11-2013,RTGS,PRD0008,Credit Card,2793714.49,BRANCH,North Zone,WEST BENGAL,vijay kumar,Failed,RTGS - Credit Card - Jul 2012,502868.61,86.68,2290759.2
TXN3861727,CUST90439,17-09-2016,EMI Payment,PRD0002,PERSONAL LOAN,3901359.55,Phone Banking,EAST ZONE,madhya pradesh,Kavitha Subramanian,Failed,EMI Payment - Personal Loan - Jan 2016,0,60.13,3901299.42
TXN8915850,CUST24367,04-May-21,IMPS,PRD0006,Business Loan,4053238.67,mobile app,  West Zone,punjab,Arjun Nair,Completed,IMPS - Business Loan - May 2021,729582.96,299.88,3323355.83
TXN1986192,CUST16840,03-09-2019,EMI Payment,PRD0012,Mutual Fund,3462392.53,ATM,North Zone,rajasthan,Deepa Krishnan,Completed,EMI Payment - Mutual Fund - Mar 2019,623230.66,488.65,2838673.22
TXN5606751,CUST91490,02-May-23,Cash Withdrawal,PRD0017,Auto Loan,2609912.86,  NEFT/RTGS,East Zone,Andhra Pradesh,Lalita Devi,Reversed,Cash Withdrawal - Auto Loan - May 2023,0,28.23,2609884.63
TXN3238377,CUST60096,20-03-2022,cash deposit,PRD0010,FIXED DEPOSIT,2037699.06,pos,south zone,madhya pradesh,Meera Gupta,Reversed,Cash Deposit - Fixed Deposit - Dec 2021,366785.83,321.8,1670591.43
TXN4080635,CUST71587,29-01-2023,neft,PRD0012,Mutual Fund,419834.5,Branch,West Zone,delhi,Vijay Kumar,Failed,NEFT - Mutual Fund - Jan 2023,0,96.79,419737.71
TXN3832340,CUST93993,01-02-2012,EMI Payment,PRD0013,  Insurance,799561.48,ATM,West Zone,Rajasthan,Kavitha Subramanian,Completed,Cash Withdrawal - Insurance - Dec 2013,143921.07,8.18,655632.23
TXN8300889,CUST30286,05-11-2015,Cash Deposit,PRD0005,Education Loan,787037.58,ATM,West Zone,Punjab,Rajesh Sharma,Pending ,Cash Deposit - Education Loan - Nov 2015,141666.76,365.53,645005.29
TXN8398616,CUST34105,29-Jul-22,Penalty Charge,PRD0002,Personal Loan,2778104.13,POS,WEST ZONE,Maharashtra,Nitin Joshi,Under Review,Penalty Charge - Personal Loan - Jul 2022,500058.74,70.51,2277974.88
TXN1067378,CUST40830,27-05-2012,IMPS,PRD0004,GOLD LOAN,1348402.56,atm,North Zone,Maharashtra,Sanjay Gupta,Under Review,IMPS - Gold Loan - May 2012,0,300.98,1348101.58
TXN2210816,CUST77559,03-02-2020,Interest Credit,PRD0006,Business Loan,123373.05,POS,South Zone,Punjab,Meena Iyer,Pending,Interest Credit - Business Loan - Feb 2020,22207.15,144.26,101021.64
TXN7487164,CUST69151,19-08-2019,imps,PRD0009,savings account,3151199.32,Internet Banking,  South Zone,  Tamil Nadu,RAMESH YADAV,Pending,IMPS - Savings Account - Nov 2020,567215.88,478.57,2583504.87
TXN6937317,CUST63026,03-05-2022,Loan Disbursal,PRD0004,Gold Loan,3409074.41,neft/rtgs,North Zone,Odisha,Anita Bose,Under Review,Loan Disbursal - Gold Loan - Mar 2020,613633.39,0,2795129.44
TXN1605411,CUST26144,25-06-2011,UPI,PRD0001,Home Loan,3030888.53,POS,  West Zone,Delhi,Deepa Krishnan,Failed,UPI - Home Loan - Nov 2019,545559.94,415.2,2484913.39
TXN4286609,CUST27145,03-04-2013,Debit,PRD0002,Personal Loan,4325021.88,ATM,  South Zone,  Gujarat,Priya Nair,Failed,Debit - Personal Loan - Apr 2013,Rs.0,210.06,4324811.82
TXN5368427,CUST84349,04-11-2024,EMI Payment,PRD0002,PERSONAL LOAN,2205848.6,Phone Banking,South Zone,Punjab,Rohan Verma,Pending ,EMI Payment - Personal Loan - Nov 2024,0,64.04,2205784.56
TXN6246981,CUST43518,12-06-2017,Cash Withdrawal,PRD0007,LOAN AGAINST PROPERTY,4734099.69,POS,Central Zone,Tamil Nadu,Lalita Devi,Completed,Cash Withdrawal - Loan Against Property - Jun 2017,852137.94,480.78,3881480.97
TXN4978733,CUST34435,25-04-2010,Penalty Charge,PRD0012,Mutual Fund,4567771.34,POS,North Zone,Karnataka,arjun mehta,Completed,Penalty Charge - Mutual Fund - Jul 2022,822198.84,154.55,3745417.95
TXN9862424,CUST29331,07-07-2014,Cash Withdrawal,PRD0013,Insurance,1530577.58,NEFT/RTGS,Central Zone,delhi,priya nair,Reversed,Cash Withdrawal - Insurance - Jul 2014,0,133.7,1530443.88
TXN4469872,CUST65236,24-06-2010,Transfer,PRD0009,SAVINGS ACCOUNT,343324.19,Phone Banking,North Zone,Haryana,  Rajesh Sharma,Completed,Transfer - Savings Account - Mar 2012,0,378.53,342945.66
TXN3255920,CUST13906,14-Oct-11,penalty charge,PRD0004,Gold Loan,Rs.1635491.22,Phone Banking,South Zone,DELHI,Deepa Krishnan,Pending,Penalty Charge - Gold Loan - Oct 2011,294388.42,431.5,1340671.3
TXN9597596,CUST50166,16-11-2020,upi,PRD0012,mutual fund,4125837.85,atm,North Zone,delhi,Mohan Das,Failed,UPI - Mutual Fund - Nov 2020,742650.81,81.32,3383105.72
TXN3202004,CUST38885,16-09-2011,Loan Disbursal,PRD0014,OD Facility,Rs.1028205.4,internet banking,West Zone,Tamil Nadu,vijay kumar,Failed,Loan Disbursal - OD Facility - Sep 2011,817724.17,129.27,3725058.61
TXN2682364,CUST57131,13-05-2013,Penalty Charge,PRD0010,Fixed Deposit,1306797.13,ATM,North Zone,Telangana,Nitin Joshi,Under Review,Penalty Charge - Fixed Deposit - May 2013,0,196.21,1306600.92
TXN3685240,CUST50166,21-03-2022,Cash Deposit,PRD0014,od facility,3491588.3,ATM,East Zone,  Kerala,Kavitha Subramanian,Failed,Cash Deposit - OD Facility - Mar 2022,628485.89,356.97,2862745.44
TXN2036536,CUST69892,08-05-2022,Cash Deposit,PRD0013,Insurance,672937.89,Phone Banking,  West Zone,WEST BENGAL,Lalita Devi,Completed,Cash Deposit - Insurance - May 2022,121128.82,21.84,551787.23
TXN5779875,CUST54742,29-01-2013,Cash Withdrawal,PRD0012,Mutual Fund,269688.02,ATM,WEST ZONE,West Bengal,vijay kumar,Under Review,Cash Withdrawal - Mutual Fund - Nov 2025,0,70.09,269617.93
TXN9887167,CUST81646,22-08-2025,Interest Credit,PRD0005,education loan,280508.45,NEFT/RTGS,South Zone,Kerala,NITIN JOSHI,Pending,Interest Credit - Education Loan - Aug 2017,0,199.24,280309.21
TXN8304806,CUST65518,06-09-2019,imps,PRD0008,Credit Card,3031412.99,MOBILE APP,West Zone,Odisha,ramesh yadav,Under Review,IMPS - Credit Card - Sep 2019,545654.34,168.32,2485590.33
TXN1729297,CUST62797,24-03-2015,neft,PRD0011,Recurring Deposit,191440.27,ATM,  South Zone,Maharashtra,Sanjay Gupta,Completed,NEFT - Recurring Deposit - Mar 2015,34459.25,291.05,156689.97
TXN7880466,CUST23639,17-06-2020,Interest Credit,PRD0002,PERSONAL LOAN,Rs.1028205.4,POS,east zone,KARNATAKA,Sanjay Gupta,Reversed,Interest Credit - Personal Loan - Jun 2020,878733.54,375.64,4002743.8
TXN9190563,CUST63197,12-02-2025,Penalty Charge,PRD0010,Fixed Deposit,Rs.1028205.4,Branch,NORTH ZONE,MADHYA PRADESH,Nitin Joshi,Completed,Penalty Charge - Fixed Deposit - Feb 2025,0,91.28,4079168.06
TXN1493457,CUST93284,31-May-13,  Debit,PRD0007,LOAN AGAINST PROPERTY,Rs.3933805.2,Phone Banking,East Zone,ANDHRA PRADESH,Amit Patel,Failed,Debit - Loan Against Property - May 2013,0,460.61,3933344.59
TXN1682375,CUST21770,30-04-2018,Cash Withdrawal,PRD0006,Business Loan,2511001.38,NEFT/RTGS,east zone,Telangana,Priya Nair,Pending,Cash Withdrawal - Business Loan - Feb 2023,0,478.22,2510523.16
TXN6214351,CUST59528,03-11-2016,NEFT,PRD0003,  Auto Loan,3457914.23,NEFT/RTGS,North Zone,Haryana,VIJAY KUMAR,Under Review,NEFT - OD Facility - Dec 2023,0,343.44,Rs.3457570.79
TXN5909155,CUST66431,21-04-2016,LOAN DISBURSAL,PRD0002,Personal Loan,4814666.34,pos,WEST ZONE,West Bengal,ANITA BOSE,Completed,Loan Disbursal - Personal Loan - Apr 2016,866639.94,108.45,3947917.95
TXN1536842,CUST77559,31-08-2019,Transfer,PRD0008,credit card,371350.15,Phone Banking,  Central Zone,Telangana,Rajesh Sharma,Completed,Transfer - Credit Card - Aug 2019,66843.03,448.77,304058.35
TXN3888583,CUST55075,06-02-2015,Debit,PRD0014,OD Facility,2535477.23,pos,CENTRAL ZONE,Tamil Nadu,mohan das,Failed,Debit - OD Facility - Jun 2015,456385.9,12.46,2079078.87
TXN2934324,CUST49708,13-10-2022,Interest Credit,PRD0006,Business Loan,2412923.03,POS,South Zone,Maharashtra,vijay kumar,COMPLETED,Interest Credit - Business Loan - Jul 2011,0,0,2412649.83
TXN8804797,CUST26961,01-01-2025,LOAN DISBURSAL,PRD0012,Mutual Fund,2614152.13,ATM,South Zone,Karnataka,Ramesh Yadav,Failed,Loan Disbursal - Mutual Fund - Nov 2011,470547.38,95.03,2143509.72
TXN9842468,CUST26961,01-01-2025,Loan Disbursal,PRD0012,Mutual Fund,2614152.13,ATM,South Zone,Karnataka,Ramesh Yadav,Completed,Loan Disbursal - Mutual Fund - Nov 2011,470547.38,95.03,2143509.72
TXN4910352,CUST79932,23-10-2023,Cash Deposit,PRD0004,Gold Loan,3899207.49,NEFT/RTGS,East Zone,Andhra Pradesh,  Deepa Krishnan,Under Review,Cash Deposit - Gold Loan - Oct 2010,701857.35,165.61,3197184.53
TXN4064668,CUST50166,12-12-2013,Cash Deposit,PRD0006,BUSINESS LOAN,4674369.67,Mobile App,Central Zone,Telangana,priya nair,COMPLETED,Cash Deposit - Business Loan - Dec 2013,0,174.85,4674194.82
TXN3319761,CUST48085,08-01-2023,Cash Withdrawal,PRD0001,Home Loan,3673190.53,NEFT/RTGS,south zone,Karnataka,Amit Patel,Completed,Cash Withdrawal - Home Loan - Jan 2023,661174.3,307.64,3011708.59
TXN8573934,CUST50888,16-Apr-19,UPI,PRD0011,Recurring Deposit,Rs.886047.64,mobile app,North Zone,Kerala,Priya Nair,Failed,UPI - Recurring Deposit - Apr 2019,159488.58,0,726254.55
TXN5243608,CUST86619,14-07-2018,PENALTY CHARGE,PRD0014,OD Facility,1453295.12,POS,South Zone,west bengal,Vijay Kumar,Pending,Penalty Charge - OD Facility - Mar 2018,0,466.43,1452828.69
TXN1575073,CUST40597,22-01-2025,Penalty Charge,PRD0005,Education Loan,19624.06,  ATM,West Zone,Uttar Pradesh,Ramesh Yadav,failed,Penalty Charge - Education Loan - Jan 2025,3532.33,148.7,15943.03
TXN2389475,CUST38110,10-08-2015,EMI Payment,PRD0014,OD Facility,937117.39,  Mobile App,West Zone,Maharashtra,Anita Bose,Pending,EMI Payment - OD Facility - Aug 2015,0,419.81,936697.58
TXN7369764,CUST38748,09-04-2019,UPI,PRD0002,PERSONAL LOAN,1354568.81,ATM,Central Zone,Kerala,Amit Patel,Pending ,UPI - Personal Loan - Feb 2019,0,181.79,1354387.02
TXN9190835,CUST62797,25-06-2011,IMPS,PRD0007,loan against property,461749.45,ATM,East Zone,Telangana,Rajesh Sharma,COMPLETED,IMPS - Loan Against Property - Apr 2017,83114.9,174.29,378460.26
TXN2286694,CUST16840,19-Dec-15,CASH DEPOSIT,PRD0008,Credit Card,3327269.6,Internet Banking,Central Zone,  Rajasthan,Sanjay Gupta,Completed,IMPS - Credit Card - Dec 2015,598908.53,158.04,2728203.03
TXN8552733,CUST15486,09-Oct-24,Credit,PRD0004,Gold Loan,435343.67,Internet Banking,South Zone,Andhra Pradesh,MEENA IYER,Failed,Credit - Gold Loan - Oct 2024,0,337.55,356644.26
TXN2203404,CUST28659,25-06-2023,EMI Payment,PRD0002,Personal Loan,Rs.1028205.4,Mobile App,West Zone,Andhra Pradesh,RAJESH SHARMA,Failed,EMI Payment - Personal Loan - Jun 2023,883486.35,38.08,4024733.07
TXN6095183,CUST28659,25-Jun-23,EMI Payment,PRD0002,Personal Loan,4908257.5,Mobile App,West Zone,Andhra Pradesh,Rajesh Sharma,Completed,EMI Payment - Personal Loan - Jun 2023,883486.35,38.08,4024733.07
TXN4058930,CUST90863,14-07-2017,CREDIT,PRD0014,OD FACILITY,1877995.11,  ATM,South Zone,Telangana,Deepa Krishnan,Failed,Credit - OD Facility - Jul 2017,338039.12,492.19,1539463.8
TXN7203905,CUST81657,09-06-2018,Cash Deposit,PRD0001,HOME LOAN,1660269.81,ATM,East Zone,UTTAR PRADESH,Lalita Devi,Under Review,Cash Deposit - Home Loan - Jun 2018,0,432.75,1659837.06
TXN4847937,CUST39109,08-03-2022,IMPS,PRD0005,Education Loan,3644175.55,Branch,West Zone,  Odisha,Nitin Joshi,Failed,IMPS - Education Loan - Mar 2022,0,32.52,3644143.03
TXN5205300,CUST52584,15-10-2024,Cash Deposit,PRD0005,Education Loan,4015092.63,pos,  Central Zone,RAJASTHAN,Vijay Kumar,Completed,Cash Deposit - Education Loan - Oct 2024,722716.67,447.67,3291928.29
TXN8114428,CUST45785,28-04-2017,IMPS,PRD0007,LOAN AGAINST PROPERTY,889545.49,NEFT/RTGS,West Zone,Maharashtra,Arun Mehta,Completed,IMPS - Loan Against Property - Apr 2017,160118.19,391.08,729036.22
TXN9748379,CUST62312,14-11-2023,Penalty Charge,PRD0008,Credit Card,1451523.12,ATM,Central Zone,telangana,RAJESH SHARMA,Under Review,Penalty Charge - Credit Card - Nov 2023,261274.16,341.24,1189907.72
TXN8503275,CUST84130,05-09-2015,UPI,PRD0014,OD Facility,4673117.65,Phone Banking,East Zone,Rajasthan,Anita Bose,Under Review,UPI - OD Facility - Dec 2020,841161.18,28.39,4673117.65
TXN9316090,CUST29356,15-05-2013,RTGS,PRD0011,Recurring Deposit,4253824.01,NEFT/RTGS,North Zone,Tamil Nadu,Nitin Joshi,Under Review,RTGS - Recurring Deposit - May 2013,0,309.78,4253514.23
TXN6641778,CUST40427,08-10-2017,IMPS,PRD0010,Fixed Deposit,2754110.52,  Phone Banking,Central Zone,MAHARASHTRA,Meena Iyer,Failed,IMPS - Fixed Deposit - May 2023,0,494.61,2753615.91
TXN5927612,CUST92203,26-01-2022,Cash Withdrawal,PRD0001,Home Loan,267744.6,POS,North Zone,PUNJAB,Rajesh Sharma,Under Review,Cash Withdrawal - Home Loan - Jul 2020,0,448.45,267296.15
TXN5712047,CUST21728,21-04-2010,Cash Deposit,PRD0011,Recurring Deposit,1422228.83,Mobile App,west zone,Maharashtra,Sunita Rao,Pending,Cash Deposit - Recurring Deposit - Jan 2019,0,478.92,1421749.91
TXN5948539,CUST91490,20-Jun-21,  IMPS,PRD0013,INSURANCE,2020577.68,ATM,North Zone,Gujarat,Vijay Kumar,Under Review,IMPS - Insurance - Jun 2021,363703.98,427.46,1656446.24
TXN3667419,CUST16076,03-07-2023,IMPS,PRD0007,Loan Against Property,3007923.55,Internet Banking,NORTH ZONE,Rajasthan,Lalita Devi,Under Review,IMPS - Loan Against Property - Mar 2023,541426.24,0,2466262.28
TXN7938718,CUST38818,03-11-2016,UPI,PRD0051,  Savings Account,1819730.29,atm,South Zone,Maharashtra,priya nair,Completed,UPI - Savings Account - Jun 2013,327551.45,309.57,1491869.27
TXN9526979,CUST23413,03-08-2012,Transfer,PRD0004,Gold Loan,3188077.35,Mobile App,SOUTH ZONE,GUJARAT,ARUN MEHTA,Completed,Transfer - Gold Loan - Aug 2012,0,382.01,3187695.34
TXN5192109,CUST69998,09-08-2019,RTGS,PRD0002,Personal Loan,809307.79,Internet Banking,West Zone,Haryana,Vijay Kumar,Reversed,RTGS - Personal Loan - Jan 2023,0,110.83,809196.96
TXN5809541,CUST60079,09-09-2017,IMPS,PRD0005,Education Loan,3365158.71,Internet Banking,North Zone,Rajasthan,Meena Iyer,Failed,IMPS - Education Loan - Sep 2017,605728.57,475.08,2758955.06
TXN2375428,CUST49152,14-07-2024,DEBIT,PRD0017,Auto Loan,4275558.13,PHONE BANKING,North Zone,Rajasthan,Sunita Iyer,Failed,Debit - Auto Loan - Jul 2024,0,209.79,4275348.34
TXN6977037,CUST66925,31-07-2016,Loan Disbursal,PRD0009,Savings Account,185989.85,Phone Banking,Central Zone,Delhi,Mohan Das,Reversed,Loan Disbursal - Savings Account - Mar 2011,33478.17,466.2,152045.48
TXN8843705,CUST27145,30-10-2024,Transfer,PRD0004,Gold Loan,1841397.74,POS,WEST ZONE,KARNATAKA,Amit Patel,Reversed,Transfer - Gold Loan - Oct 2024,0,340.97,1841056.77
TXN2062230,CUST15881,03-05-2022,INTEREST CREDIT,PRD0009,Savings Account,2525560.16,POS,West Zone,Andhra Pradesh,Sunita Rao,Under Review,Interest Credit - Savings Account - Feb 2016,454600.83,175.62,2070783.71
TXN3925229,CUST79515,27-10-2010,NEFT,PRD0011,Recurring Deposit,1359379.47,POS,west zone,Haryana,MOHAN DAS,Completed,NEFT - Recurring Deposit - Oct 2010,0,110.08,1359269.39
TXN7543193,CUST90863,08-10-2017,imps,PRD0005,Education Loan,2634135.08,phone banking,West Zone,  Karnataka,Anita Bose,Pending,IMPS - Education Loan - Dec 2017,0,177.46,2633957.62
TXN6683034,CUST24029,05-Nov-25,UPI,PRD0003,  Auto Loan,1047385.63,atm,North Zone,Delhi,SUNITA RAO,Failed,UPI - Savings Account - Nov 2025,0,62.8,1047322.83
TXN1213659,CUST67763,18-03-2012,Penalty Charge,PRD0011,Recurring Deposit,3367757.41,NEFT/RTGS,East Zone,Haryana,Priya Nair,Failed,Penalty Charge - Recurring Deposit - Mar 2015,606196.33,60.89,2761500.19
TXN2091960,CUST36911,19-08-2019,Transfer,PRD0012,Mutual Fund,2413141.64,mobile app,North Zone,KERALA,Vijay Kumar,Failed,Transfer - Mutual Fund - May 2024,434365.5,467.22,Rs.1978308.92
TXN1134762,CUST27389,07-11-2013,NEFT,PRD0006,  Business Loan,4339929.01,NEFT/RTGS,East Zone,Maharashtra,mohan das,Under Review,NEFT - Business Loan - Sep 2020,0,436.38,4339492.63
TXN2969175,CUST30016,24-02-2014,  EMI Payment,PRD0007,LOAN AGAINST PROPERTY,4130035.85,BRANCH,central zone,TELANGANA,Lalita Devi,Reversed,Credit - Loan Against Property - Feb 2014,0,336.99,4129698.86
TXN4448540,CUST39355,16-09-2018,Debit,PRD0011,recurring deposit,3739034.04,NEFT/RTGS,Central Zone,WEST BENGAL,priya nair,Failed,Debit - Recurring Deposit - Sep 2018,673026.13,55.89,Rs.3065952.02
TXN5273430,CUST39762,02-06-2018,IMPS,PRD0002,Personal Loan,635910.66,Mobile App,East Zone,Uttar Pradesh,Dhruv Gupta,Reversed,IMPS - Personal Loan - Jun 2018,114463.92,298.22,521148.52
TXN6314971,CUST80138,08-11-2017,Debit,PRD0009,Savings Account,3391915.01,Branch,East Zone,Gujarat,Mohan Das,Under Review,Debit - Savings Account - Nov 2017,0,132.05,3391782.96
TXN7541109,CUST11052,03-06-2015,  Penalty Charge,PRD0005,Education Loan,4300716.86,POS,West Zone,West Bengal,Arun Mehta,Reversed,Penalty Charge - Education Loan - Jul 2010,774129.03,285.69,3526302.14
TXN5744593,CUST93810,15-07-2014,Cash Withdrawal,PRD0010,Fixed Deposit,984586.65,NEFT/RTGS,South Zone,  Punjab,Sanjay Gupta,Pending,NEFT - Fixed Deposit - Jul 2014,177225.6,26.01,807335.04
TXN8054188,CUST93810,15-Jul-14,NEFT,PRD0010,Fixed Deposit,984586.65,NEFT/RTGS,South Zone,Punjab,Sanjay Gupta,Completed,NEFT - Fixed Deposit - Jul 2014,177225.6,26.01,807335.04
TXN4925352,CUST90135,24-08-2023,EMI Payment,PRD0001,Home Loan,516185.99,ATM,West Zone,Kerala,Nitin Joshi,Under Review,EMI Payment - Home Loan - Dec 2013,0,51.1,516134.89
TXN5811784,CUST83399,08-02-2022,RTGS,PRD0017,Auto Loan,666498.09,NEFT/RTGS,West Zone,Punjab,Rajesh Sharma,Failed,RTGS - Auto Loan - Dec 2023,0,361.13,666136.96
TXN5232624,CUST91167,05-11-2013,Debit,PRD0002,personal loan,1851508.46,NEFT/RTGS,Central Zone,Maharashtra,Divya Sharma,Reversed,Debit - Personal Loan - May 2013,0,362.53,1851145.93
TXN8450994,CUST30260,25-08-2013,  Cash Deposit,PRD0006,Business Loan,2039092.55,  NEFT/RTGS,North Zone,TELANGANA,Priya Nair,Completed,Cash Deposit - Business Loan - Aug 2013,0,418.3,2038674.25
TXN5142398,CUST49302,28-10-2010,Cash Withdrawal,PRD0017,Auto Loan,2948707.68,Branch,West Zone,HARYANA,Priya Nair,Completed,Cash Withdrawal - Auto Loan - Oct 2010,530767.38,243.39,2417696.91
TXN2553937,CUST25461,25-Mar-15,  UPI,PRD0004,Gold Loan,570138.43,NEFT/RTGS,South Zone,West Bengal,amit patel,Under Review,UPI - Gold Loan - Mar 2015,0,163.33,569975.1
TXN9907653,CUST76448,10-01-2022,Interest Credit,PRD0012,mutual fund,2842661.57,POS,East Zone,Karnataka,Arun Mehta,completed,Interest Credit - Mutual Fund - Jan 2022,511679.08,472.38,2330510.11
TXN8611643,CUST38748,14-Sep-15,NEFT,PRD0013,INSURANCE,Rs.2861600.95,Internet Banking,North Zone,Telangana,Mohan Das,Completed,NEFT - Insurance - Sep 2015,0,392.16,2861208.79
TXN8639062,CUST38748,14-09-2015,NEFT,PRD0013,Insurance,2861600.95,Internet Banking,North Zone,Telangana,Mohan Das,Completed,NEFT - Insurance - Sep 2015,0,392.16,2861208.79
TXN3153664,CUST84107,12-04-2017,DEBIT,PRD0002,Personal Loan,1102618.05,NEFT/RTGS,Central Zone,Telangana,Sanjay Gupta,Under Review,Debit - Personal Loan - Oct 2023,0,372.96,1102245.09
TXN5930863,CUST77672,03-06-2024,LOAN DISBURSAL,PRD0014,OD Facility,2850511.44,Phone Banking,South Zone,  Punjab,Rajesh Sharma,Reversed,Loan Disbursal - OD Facility - May 2025,513092.06,384.46,2337034.92
TXN4120739,CUST22736,15-Feb-13,cash deposit,PRD0017,Auto Loan,1174064.49,Phone Banking,South Zone,andhra pradesh,Kavitha Subramanian,Under Review,Cash Deposit - Auto Loan - Feb 2013,0,99.79,1173964.7
TXN7625935,CUST50988,06-Oct-22,loan disbursal,PRD0005,Education Loan,1484139.33,  Branch,West Zone,Uttar Pradesh,Lalita Devi,completed,Loan Disbursal - Education Loan - Oct 2022,267145.08,Rs.274.31,1216719.94
TXN1161139,CUST95119,09-09-2011,CASH WITHDRAWAL,PRD0017,Auto Loan,4690772.45,Mobile App,East Zone,Telangana,RAJESH SHARMA,Failed,Cash Withdrawal - Auto Loan - Sep 2011,844339.04,241.28,3846192.13
TXN9270201,CUST59786,01-Jul-19,  IMPS,PRD0011,Recurring Deposit,4580787.88,  ATM,CENTRAL ZONE,Odisha,Nitin Joshi,Under Review,IMPS - Recurring Deposit - Jul 2019,824541.82,260.45,3755985.61
TXN6218416,CUST80675,06-08-2012,RTGS,PRD0001,Home Loan,4950279,NEFT/RTGS,Central Zone,rajasthan,RAJESH SHARMA,failed,RTGS - Home Loan - Aug 2012,891050.22,9.46,4059219.32
TXN1287448,CUST27284,16-Mar-15,Loan Disbursal,PRD0012,Mutual Fund,2099690.79,Branch,Central Zone,Madhya Pradesh,deepa krishnan,Pending,Loan Disbursal - Mutual Fund - Mar 2015,0,152.44,Rs.2099538.35
TXN6779170,CUST72505,29-07-2020,debit,PRD0005,education loan,944576.79,POS,East Zone,Andhra Pradesh,mohan das,Failed,Debit - Education Loan - Jul 2020,0,137.07,944439.72
TXN6907491,CUST36518,03-06-2024,Penalty Charge,PRD0001,home loan,4233105.8,Branch,central zone,Maharashtra,Vijay Kumar,Reversed,Penalty Charge - Home Loan - Jun 2012,0,404.75,4232701.05
TXN2506070,CUST25300,11-03-2011,Loan Disbursal,PRD0012,Mutual Fund,4775526.62,internet banking,South Zone,haryana,Arun Mehta,Reversed,Loan Disbursal - Mutual Fund - Mar 2011,0,324.52,4775202.1
TXN1829553,CUST42631,22-Oct-24,NEFT,PRD0009,Savings Account,1164731.46,NEFT/RTGS,South Zone,Karnataka,Kavitha Subramanian,Failed,NEFT - Savings Account - Oct 2024,0,213.68,1164517.78
TXN1373848,CUST22695,03-05-2022,upi,PRD0014,OD Facility,2371262.9,Internet Banking,South Zone,Delhi,arun mehta,Pending,UPI - OD Facility - Apr 2018,426827.32,445.23,1943990.35
TXN9254374,CUST50812,27-Mar-23,Transfer,PRD0017,AUTO LOAN,1271858.14,NEFT/RTGS,Central Zone,Uttar Pradesh,  Rajesh Sharma,SUCCESS,Transfer - Auto Loan - Mar 2023,0,431.13,1271427.01
TXN9244111,CUST69566,15-10-2012,interest credit,PRD0005,Education Loan,3483755.97,NEFT/RTGS,West Zone,Odisha,Anita Bose,completed,Interest Credit - Education Loan - Oct 2012,627076.07,52.27,2856627.63
TXN5378035,CUST72459,30-04-2022,IMPS,PRD0012,Mutual Fund,2844602.38,ATM,South Zone,punjab,Deepa Krishnan,Pending,IMPS - Mutual Fund - Apr 2022,0,213.74,2844388.64
TXN4890422,CUST72459,28-06-2025,IMPS,PRD0012,Mutual Fund,2844602.38,ATM,South Zone,Punjab,Deepa Krishnan,Completed,IMPS - Mutual Fund - Apr 2022,0,213.74,2844388.64
TXN3087945,CUST72394,11-10-2025,PENALTY CHARGE,PRD0004,Gold Loan,719308.04,  NEFT/RTGS,north zone,  Telangana,NITIN JOSHI,Under Review,Penalty Charge - Gold Loan - Nov 2025,129475.45,240.66,589591.93
TXN1409507,CUST68479,06-03-2025,Cash Deposit,PRD0008,Credit Card,1150976.09,  ATM,EAST ZONE,Telangana,Amit Patel,Failed,Cash Deposit - Credit Card - Mar 2025,207175.7,466,943334.39
TXN4239815,CUST89405,10-01-2011,emi payment,PRD0004,  Gold Loan,2584704.96,ATM,South Zone,Delhi,Divya Bose,Failed,EMI Payment - Gold Loan - Jan 2011,0,411.36,2584293.6
TXN5859463,CUST89405,10-01-2011,EMI Payment,PRD0004,Gold Loan,2584704.96,ATM,South Zone,Delhi,Priya Nair,Completed,EMI Payment - Gold Loan - Jan 2011,0,411.36,2584293.6
TXN7011618,CUST81646,22-08-2025,IMPS,PRD0005,EDUCATION LOAN,2001354.05,PHONE BANKING,West Zone,haryana,Rajesh Sharma,Pending,IMPS - Education Loan - Jun 2016,360243.73,341.76,1640768.56
TXN9536393,CUST75251,26-06-2023,EMI Payment,PRD0003,  Auto Loan,3931875.19,NEFT/RTGS,East Zone,Madhya Pradesh,Priya Nair,Under Review,EMI Payment - Loan Against Property - Jun 2023,0,70.14,3931805.05
TXN4938444,CUST24316,17-11-2023,RTGS,PRD0009,Savings Account,2912373.71,Internet Banking,Central Zone,West Bengal,sanjay gupta,Reversed,RTGS - Savings Account - Nov 2023,0,322.65,2912051.06
TXN9746798,CUST42662,19-05-2016,CREDIT,PRD0002,Personal Loan,1649277.56,BRANCH,North Zone,punjab,  Arun Mehta,Reversed,Credit - Personal Loan - May 2016,0,69.36,1649208.2
TXN3436617,CUST62286,18-01-2019,NEFT,PRD0001,Home Loan,403039.31,NEFT/RTGS,Central Zone,West Bengal,AMIT PATEL,Under Review,NEFT - Home Loan - Jan 2019,0,Rs.47.08,402992.23
TXN2905024,CUST76115,30-04-2023,CREDIT,PRD0004,Gold Loan,2442812.6,neft/rtgs,North Zone,punjab,Lalita Devi,Pending ,Debit - Gold Loan - Apr 2023,0,499.07,2442313.53
TXN4279801,CUST86099,10-08-2010,  RTGS,PRD0009,Savings Account,3120830.54,Internet Banking,Central Zone,Tamil Nadu,Mohan Das,COMPLETED,RTGS - Savings Account - Aug 2010,561749.5,412.08,2558668.96
TXN4417003,CUST86099,10-Aug-10,RTGS,PRD0009,Savings Account,3120830.54,Internet Banking,Central Zone,Tamil Nadu,Mohan Das,Completed,RTGS - Savings Account - Aug 2010,561749.5,412.08,2558668.96
TXN2271242,CUST18993,16-10-2025,Transfer,PRD0017,Auto Loan,4335312.14,Phone Banking,West Zone,Delhi,ANITA BOSE,Completed,Transfer - Auto Loan - Oct 2025,0,8.05,4335304.09
TXN2046228,CUST31016,27-11-2022,RTGS,PRD0014,od facility,261440.58,Branch,West Zone,Rajasthan,Mohan Das,Pending,RTGS - OD Facility - Nov 2022,47059.3,326.25,214055.03
TXN1928091,CUST72285,30-09-2013,IMPS,PRD0004,  Gold Loan,1498135.14,  ATM,Central Zone,  Karnataka,Mohan Das,SUCCESS,IMPS - Gold Loan - May 2010,0,255.19,1497879.95
TXN7278617,CUST42631,16-05-2010,Credit,PRD0011,RECURRING DEPOSIT,3994669.43,ATM,North Zone,Karnataka,Anita Bose,Completed,Credit - Recurring Deposit - May 2010,0,313.45,3994355.98
TXN4942146,CUST26936,31-07-2024,Loan Disbursal,PRD0008,CREDIT CARD,925715.24,Phone Banking,East Zone,west bengal,Amit Patel,Under Review,Loan Disbursal - Credit Card - Jul 2024,166628.74,294.11,758792.39
TXN3120518,CUST89761,31-01-2013,EMI Payment,PRD0013,insurance,3458919.15,Mobile App,Central Zone,Tamil Nadu,Arun Mehta,Under Review,EMI Payment - Insurance - Jan 2013,0,251.07,3458668.08
TXN9461481,CUST59501,16-05-2011,RTGS,PRD0006,BUSINESS LOAN,185376.93,ATM,west zone,Karnataka,Priya Nair,Completed,RTGS - Business Loan - Aug 2015,33367.85,75.68,151933.4
TXN7174215,CUST53813,31-10-2015,Cash Deposit,PRD0012,Mutual Fund,4083205.66,NEFT/RTGS,NORTH ZONE,andhra pradesh,Deepa Krishnan,Failed,Cash Deposit - Mutual Fund - Mar 2010,0,473.69,3347754.95
TXN1978979,CUST83399,20-11-2017,TRANSFER,PRD0008,Credit Card,2159485.03,ATM,central zone,Rajasthan,ramesh yadav,Failed,Transfer - Credit Card - Nov 2017,388707.31,438.66,1770339.06
TXN8980895,CUST88956,01-02-2013,Loan Disbursal,PRD0095,  Recurring Deposit,2624170.33,Internet Banking,south zone,Madhya Pradesh,Meena Iyer,Under Review,Loan Disbursal - Recurring Deposit - Jun 2023,472350.66,150.03,2151669.64
TXN1537411,CUST11052,03-06-2015,  Interest Credit,PRD0017,AUTO LOAN,2344366.28,POS,east zone,West Bengal,Anita Bose,Failed,Interest Credit - Auto Loan - Mar 2024,421985.93,46.49,1922333.86
TXN4733042,CUST72459,04-07-2011,EMI Payment,PRD0013,Insurance,3085206.27,Phone Banking,West Zone,Andhra Pradesh,RAJESH SHARMA,Completed,EMI Payment - Insurance - Jul 2011,555337.13,Rs.135.84,2529733.3
TXN4708307,CUST62645,09-08-2025,Transfer,PRD0017,Auto Loan,4970666.66,ATM,West Zone,Kerala,Sunita Rao,Reversed,Transfer - Auto Loan - Aug 2025,0,162.79,4970503.87
TXN9878544,CUST39710,23-Aug-24,UPI,PRD0004,Gold Loan,3593107.68,NEFT/RTGS,Central Zone,Tamil Nadu,Sanjay Gupta,Reversed,UPI - Gold Loan - Aug 2024,646759.38,408.2,2945940.1
TXN9890911,CUST93454,28-03-2010,Debit,PRD0013,Insurance,4805445.75,ATM,Central Zone,Andhra Pradesh,Amit Patel,Pending ,Debit - Insurance - Mar 2010,864980.23,81.66,3940383.86
TXN7203355,CUST29162,15-03-2024,Penalty Charge,PRD0002,Personal Loan,4423947.25,atm,East Zone,Maharashtra,Lalita Devi,Reversed,Penalty Charge - Personal Loan - Mar 2024,796310.51,395.89,3627240.85
TXN7017758,CUST51151,07-02-2015,NEFT,PRD0011,Recurring Deposit,3962553.52,Internet Banking,West Zone,Delhi,Deepa Krishnan,Failed,NEFT - Recurring Deposit - Mar 2022,713259.63,257.06,3249036.83
TXN3791341,CUST66371,15-09-2014,Transfer,PRD0009,Savings Account,905239.26,Branch,Central Zone,Rajasthan,MOHAN DAS,Completed,Transfer - Savings Account - Aug 2020,162943.07,242.86,742053.33
TXN4052289,CUST62312,09-04-2021,RTGS,PRD0011,recurring deposit,2073950.02,ATM,NORTH ZONE,Delhi,Ramesh Yadav,Under Review,RTGS - Recurring Deposit - Mar 2023,373311,60.34,1700578.68
TXN5991823,CUST84473,01-12-2023,Interest Credit,PRD0004,gold loan,3671749.74,  ATM,South Zone,West Bengal,Rajesh Sharma,Reversed,Interest Credit - Gold Loan - Dec 2023,660914.95,204.92,3010629.87
TXN8325844,CUST70562,19-08-2019,NEFT,PRD0017,Auto Loan,929343.9,NEFT/RTGS,EAST ZONE,Punjab,Kavitha Subramanian,Failed,NEFT - Auto Loan - Mar 2019,167281.9,269.69,761792.31
TXN2467566,CUST20357,17-01-2018,CREDIT,PRD0005,Education Loan,2750288.12,Mobile App,west zone,Punjab,Sanjay Gupta,Failed,Credit - Education Loan - Jan 2018,0,439.24,2749848.88
TXN8617414,CUST69892,05-04-2019,NEFT,PRD0013,Insurance,805067,Branch,Central Zone,West Bengal,Rajesh Sharma,Failed,Transfer - Insurance - Apr 2019,144912.06,221.95,659932.99
TXN3720326,CUST96661,06-06-2019,Cash Withdrawal,PRD0017,AUTO LOAN,2462480.78,POS,Central Zone,Karnataka,Nitin Joshi,Reversed,Cash Withdrawal - Auto Loan - Sep 2015,0,361.89,2462118.89
TXN3435157,CUST13847,20-03-2022,Credit,PRD0051,  Savings Account,4491393.61,NEFT/RTGS,Central Zone,Tamil Nadu,Deepa Krishnan,Completed,Credit - Savings Account - Jun 2023,0,2.28,4491391.33
TXN6356132,CUST16076,06-Jun-18,INTEREST CREDIT,PRD0001,Home Loan,4448581.81,  Branch,south zone,Telangana,SUNITA RAO,Completed,Interest Credit - Home Loan - Jun 2018,0,437.01,4448144.8
TXN1298943,CUST62312,24-Feb-16,NEFT,PRD0002,PERSONAL LOAN,4822058.3,ATM,Central Zone,  Gujarat,Nitin Joshi,Reversed,NEFT - Personal Loan - Feb 2016,0,457.87,4821600.43
TXN1886901,CUST63026,14-07-2011,Debit,PRD0013,Insurance,2339042.49,internet banking,West Zone,  Madhya Pradesh,Sanjay Gupta,Pending,Debit - Insurance - Jul 2011,421027.65,81.53,1917933.31
TXN3817213,CUST27389,07-11-2013,neft,PRD0008,Credit Card,4957158.15,Phone Banking,  East Zone,Tamil Nadu,Ramesh Yadav,Reversed,NEFT - Credit Card - Nov 2022,0,Rs.337.25,4956820.9
TXN9053951,CUST97151,17-09-2016,Transfer,PRD0013,Insurance,3197892.98,Internet Banking,South Zone,Rajasthan,Rajesh Sharma,Pending,Transfer - Insurance - Jan 2022,0,Rs.366.7,3197526.28
TXN6544403,CUST50988,13-Apr-12,CASH WITHDRAWAL,PRD0007,LOAN AGAINST PROPERTY,210421.06,Mobile App,West Zone,Andhra Pradesh,AMIT PATEL,Reversed,Cash Withdrawal - Loan Against Property - Apr 2012,37875.79,165.23,172380.04
TXN4302313,CUST83308,10-02-2015,Cash Withdrawal,PRD0010,FIXED DEPOSIT,3431613.75,INTERNET BANKING,North Zone,Tamil Nadu,Mohan Das,failed,Transfer - Fixed Deposit - Nov 2013,0,99.55,3431514.2
TXN1223749,CUST91922,22-10-2022,Cash Withdrawal,PRD0012,Mutual Fund,2440351.55,PHONE BANKING,West Zone,  Rajasthan,Arun Mehta,Pending,Cash Withdrawal - Mutual Fund - Nov 2016,439263.28,493.59,2000594.68
TXN7628520,CUST39912,08-12-2017,  IMPS,PRD0013,insurance,3301552.89,atm,East Zone,Telangana,Anita Bose,Pending,IMPS - Insurance - Dec 2017,0,225.5,3301327.39
TXN2170099,CUST82357,22-11-2022,Transfer,PRD0013,Insurance,2843001.74,POS,East Zone,Punjab,Rajesh Sharma,Failed,Transfer - Insurance - Nov 2022,0,287.66,2842714.08
TXN1625790,CUST86397,03-06-2017,RTGS,PRD0003,  Auto Loan,252039.05,  ATM,South Zone,  Odisha,Lalita Devi,Pending,RTGS - Home Loan - Jun 2017,45367.03,94.94,206577.08
TXN1117347,CUST84838,01-02-2012,Interest Credit,PRD0004,Gold Loan,3079475.66,Internet Banking,west zone,Uttar Pradesh,Sunita Rao,Reversed,Interest Credit - Gold Loan - Apr 2010,554305.62,293.35,2524876.69
TXN6179255,CUST52413,16-07-2021,Interest Credit,PRD0010,Fixed Deposit,1205175.76,Phone Banking,West Zone,Delhi,Priya Nair,Pending,Interest Credit - Fixed Deposit - Jul 2021,0,127.8,1205047.96
TXN1529586,CUST48085,06-10-2023,Transfer,PRD0014,OD Facility,4656674.04,POS,NORTH ZONE,West Bengal,Sunita Rao,Under Review,Transfer - OD Facility - Oct 2023,838201.33,20.44,3818452.27
TXN8560820,CUST76935,20-Nov-11,UPI,PRD0014,OD Facility,4464219.46,  Mobile App,EAST ZONE,Punjab,Anita Bose,Failed,UPI - OD Facility - Nov 2011,0,Rs.66.05,4464153.41
TXN3575097,CUST71587,30-08-2022,Cash Deposit,PRD0009,Savings Account,4584147.22,  ATM,West Zone,MAHARASHTRA,Nitin Joshi,Failed,Cash Deposit - Savings Account - Jun 2011,825146.5,214.47,3758786.25
TXN7898295,CUST43518,08-09-2012,Penalty Charge,PRD0001,Home Loan,3829690.2,Branch,Central Zone,Delhi,Amit Patel,Under Review,Penalty Charge - Home Loan - Sep 2012,689344.24,79.25,3140266.71
TXN9077219,CUST72505,21-Sep-19,Loan Disbursal,PRD0017,auto loan,3579296.94,Branch,  West Zone,Telangana,RAJESH SHARMA,Under Review,Loan Disbursal - Auto Loan - Sep 2019,644273.45,239.15,2934784.34
TXN6400744,CUST17736,06-07-2022,PENALTY CHARGE,PRD0010,FIXED DEPOSIT,908478.16,Phone Banking,North Zone,Uttar Pradesh,Ramesh Yadav,Failed,Penalty Charge - Fixed Deposit - Jul 2015,0,71.52,908406.64
TXN1598262,CUST63197,14-04-2023,  Credit,PRD0002,Personal Loan,966820.82,NEFT/RTGS,North Zone,Madhya Pradesh,Meena Iyer,Pending,Credit - Personal Loan - Apr 2023,174027.75,0,792293.17
TXN4803295,CUST50812,07-02-2015,Cash Deposit,PRD0002,PERSONAL LOAN,4758482.54,ATM,South Zone,Kerala,Nitin Joshi,Completed,Cash Deposit - Personal Loan - Jun 2025,0,479.23,4758003.31
TXN9773325,CUST22492,22-11-2020,IMPS,PRD0007,Loan Against Property,Rs.1028205.4,NEFT/RTGS,North Zone,Rajasthan,Meena Iyer,Reversed,IMPS - Loan Against Property - Feb 2019,164826.69,277.69,750599.47
TXN4383723,CUST13906,20-03-2015,Penalty Charge,PRD0012,Mutual Fund,1167443.89,Phone Banking,West Zone,Uttar Pradesh,PRIYA NAIR,Pending,Penalty Charge - Mutual Fund - Mar 2015,0,58.8,957245.19
TXN1024829,CUST52413,03-May-16,CASH DEPOSIT,PRD0010,Fixed Deposit,1994064.09,Branch,West Zone,Madhya Pradesh,Vijay Kumar,Completed,Cash Deposit - Fixed Deposit - May 2016,0,298.76,1993765.33
TXN4036570,CUST31660,24-04-2020,UPI,PRD0004,Gold Loan,3305684.74,  ATM,WEST ZONE,Tamil Nadu,Sunita Rao,Completed,UPI - Gold Loan - Apr 2020,595023.25,267.68,2710393.81
TXN9073415,CUST70211,24-05-2012,emi payment,PRD0013,Insurance,4971515.25,Internet Banking,south zone,Telangana,Nitin Joshi,Completed,EMI Payment - Insurance - May 2012,Rs.894872.74,Rs.90.87,4076551.64
TXN3604412,CUST58140,11-Nov-25,UPI,PRD0013,Insurance,738602.24,Phone Banking,central zone,Delhi,Ramesh Yadav,Pending,UPI - Insurance - Nov 2025,132948.4,119.85,605533.99
TXN9596361,CUST86957,19-11-2010,Cash Withdrawal,PRD0005,Education Loan,1054928.07,ATM,NORTH ZONE,Tamil Nadu,MOHAN DAS,Pending,Cash Withdrawal - Education Loan - Nov 2010,189887.05,212.58,864828.44
TXN6931442,CUST38110,14-12-2021,Debit,PRD0004,Gold Loan,1766157.36,  Branch,East Zone,MAHARASHTRA,Kavitha Subramanian,Failed,Debit - Gold Loan - Dec 2021,317908.32,335.15,1447913.89
TXN7142483,CUST84912,01-06-2025,RTGS,PRD0003,  Auto Loan,3630692.16,Phone Banking,CENTRAL ZONE,Andhra Pradesh,sunita rao,Pending,RTGS - Education Loan - Jun 2025,653524.59,130.13,2977037.44
TXN2266039,CUST90868,15-Dec-25,Cash Withdrawal,PRD0017,Auto Loan,2014936.04,  POS,South Zone,Gujarat,Lalita Devi,Under Review,Cash Withdrawal - Auto Loan - Dec 2025,362688.49,369.11,1651878.44
TXN6440306,CUST29331,29-04-2023,cash withdrawal,PRD0009,savings account,1822519.12,Phone Banking,West Zone,Gujarat,Sunita Rao,Failed,Cash Withdrawal - Savings Account - Apr 2023,0,302.78,1822519.12
TXN2032944,CUST31016,25-Jul-14,IMPS,PRD0007,LOAN AGAINST PROPERTY,2429831.61,POS,central zone,Andhra Pradesh,LALITA DEVI,Failed,IMPS - Loan Against Property - Jul 2014,437369.69,194.43,1992267.49
TXN1372859,CUST75191,29-02-2012,UPI,PRD0017,Auto Loan,156421.29,Internet Banking,South Zone,West Bengal,Mohan Das,Failed,UPI - Auto Loan - Feb 2024,28155.83,21.08,128244.38
TXN7566873,CUST38329,20-12-2024,Loan Disbursal,PRD0012,Mutual Fund,2003810.44,Mobile App,North Zone,TELANGANA,Lalita Devi,Pending,Loan Disbursal - Mutual Fund - Dec 2024,360685.88,483.34,1642641.22
TXN2167675,CUST38329,20-12-2024,Loan Disbursal,PRD0012,Mutual Fund,2003810.44,Mobile App,North Zone,Telangana,Lalita Devi,Completed,Loan Disbursal - Mutual Fund - Dec 2024,360685.88,483.34,1642641.22
TXN1624955,CUST34435,21-05-2010,EMI Payment,PRD0017,Auto Loan,4235651.55,Phone Banking,south zone,Andhra Pradesh,sanjay gupta,Completed,EMI Payment - Auto Loan - May 2010,0,320.63,4235330.92
TXN5273415,CUST33562,29-04-2010,Debit,PRD0006,business loan,1979237.54,ATM,south zone,Karnataka,Deepa Krishnan,Under Review,Debit - Business Loan - Apr 2010,Rs.356262.76,14.8,1622959.98
TXN1842263,CUST19658,07-May-23,penalty charge,PRD0011,Recurring Deposit,297725.1,  Internet Banking,North Zone,Gujarat,anita bose,Pending,Penalty Charge - Recurring Deposit - May 2023,53590.52,318.19,243816.39
TXN9396350,CUST19658,07-06-2023,Penalty Charge,PRD0011,Recurring Deposit,297725.1,Internet Banking,North Zone,Gujarat,Anita Bose,Completed,Penalty Charge - Recurring Deposit - May 2023,53590.52,318.19,243816.39
TXN6361147,CUST65685,08-06-2015,Credit,PRD0013,Insurance,3360007.96,Mobile App,East Zone,Madhya Pradesh,Priya Nair,Under Review,Credit - Insurance - Jun 2015,604801.43,281.92,2754924.61
TXN1256051,CUST64419,22-02-2021,Loan Disbursal,PRD0006,Business Loan,4222689.4,BRANCH,East Zone,Rajasthan,Sai Pillai,Completed,Loan Disbursal - Business Loan - Feb 2021,760084.09,415.67,3462189.64
TXN8289089,CUST23751,04-10-2015,Penalty Charge,PRD0002,Personal Loan,977374.23,POS,South Zone,madhya pradesh,Ramesh Yadav,Failed,Penalty Charge - Personal Loan - Oct 2015,0,150.6,977374.23
TXN6318010,CUST23751,10-04-2015,Penalty Charge,PRD0002,Personal Loan,977374.23,POS,South Zone,Madhya Pradesh,Ramesh Yadav,Completed,Penalty Charge - Personal Loan - Oct 2015,0,150.6,977223.63
TXN8868920,CUST84473,09-03-2014,UPI,PRD0004,Gold Loan,2068100.31,Branch,East Zone,KARNATAKA,Mohan Iyer,Pending,UPI - Gold Loan - Mar 2014,0,88.44,2068011.87
TXN7397798,CUST18694,10-07-2025,UPI,PRD0001,home loan,1778964.73,ATM,NORTH ZONE,Tamil Nadu,Ramesh Yadav,Reversed,UPI - Home Loan - Feb 2020,320213.65,Rs.35.54,1458715.54
TXN2220489,CUST28659,06-07-2013,UPI,PRD0014,OD Facility,3311134.26,  ATM,South Zone,Telangana,Mohan Das,Completed,UPI - OD Facility - Jul 2013,596004.17,411.04,2714719.05
TXN8557818,CUST38748,01-Oct-17,IMPS,PRD0012,mutual fund,3706713.4,NEFT/RTGS,EAST ZONE,uttar pradesh,Priya Nair,Failed,IMPS - Mutual Fund - Oct 2017,0,179.98,3706533.42
TXN6110375,CUST38110,03-05-2018,neft,PRD0011,Recurring Deposit,419469.67,Branch,east zone,maharashtra,Sanjay Gupta,Failed,NEFT - Recurring Deposit - May 2018,75504.54,155.54,343809.59
TXN3441773,CUST28322,16-Sep-15,imps,PRD0008,Credit Card,4752676.56,ATM,EAST ZONE,Karnataka,Arun Mehta,failed,IMPS - Credit Card - Sep 2015,0,173.57,4752502.99
TXN5474873,CUST62797,01-06-2022,IMPS,PRD0014,OD Facility,530985.41,ATM,North Zone,Delhi,deepa krishnan,Under Review,IMPS - OD Facility - Jun 2022,0,157.15,530828.26
TXN2702187,CUST38748,16-09-2024,Loan Disbursal,PRD0003,  Auto Loan,102681.47,NEFT/RTGS,West Zone,odisha,Arun Mehta,Pending,Loan Disbursal - Home Loan - Sep 2024,0,400.67,102280.8
TXN5298178,CUST52568,12-04-2017,penalty charge,PRD0011,Recurring Deposit,1923981.83,Phone Banking,West Zone,Maharashtra,Vijay Kumar,Under Review,Penalty Charge - Recurring Deposit - Apr 2022,346316.73,274.71,1577390.39
TXN5527685,CUST25572,07-10-2011,Cash Deposit,PRD0012,Mutual Fund,4148954.13,INTERNET BANKING,South Zone,Odisha,Priya Nair,Completed,Cash Deposit - Mutual Fund - Oct 2011,746811.74,476.12,3401666.27
TXN1194148,CUST97755,30-Jan-14,INTEREST CREDIT,PRD0001,Home Loan,679023.77,Branch,South Zone,Madhya Pradesh,Sanjay Gupta,Pending,Interest Credit - Home Loan - Jan 2014,122224.28,481.37,556318.12
TXN4744008,CUST57131,05-12-2016,  NEFT,PRD0009,Savings Account,1727312.31,Internet Banking,West Zone,Kerala,Nitin Joshi,Completed,NEFT - Savings Account - May 2016,0,389.49,1726922.82
TXN6215109,CUST11052,21-02-2014,Interest Credit,PRD0011,RECURRING DEPOSIT,4556409.22,Branch,North Zone,ANDHRA PRADESH,Vijay Kumar,Under Review,Interest Credit - Recurring Deposit - Feb 2014,820153.66,Rs.68.55,3736187.01
TXN2233988,CUST87165,03-10-2015,Credit,PRD0001,home loan,4741587.62,neft/rtgs,West Zone,Uttar Pradesh,mohan das,Pending ,Credit - Home Loan - Oct 2015,853485.77,248.61,3887853.24
TXN3301082,CUST53642,23-03-2014,IMPS,PRD0013,insurance,1823704.08,Mobile App,West Zone,Madhya Pradesh,  Sunita Rao,Reversed,IMPS - Insurance - Mar 2014,328266.73,53.64,1495383.71
TXN4633270,CUST28953,04-05-2017,Penalty Charge,PRD0005,Education Loan,919628.47,ATM,Central Zone,Kerala,Rajesh Sharma,Completed,Penalty Charge - Education Loan - Sep 2017,165533.12,170.31,753925.04
TXN8332563,CUST73941,30-05-2013,UPI,PRD0006,business loan,1910302.79,Mobile App,Central Zone,Andhra Pradesh,Kavitha Subramanian,Under Review,UPI - Business Loan - May 2013,343854.5,169.9,1566278.39
TXN5035718,CUST49917,10-06-2025,EMI Payment,PRD0014,OD Facility,3184164.04,ATM,SOUTH ZONE,Maharashtra,deepa krishnan,Reversed,EMI Payment - OD Facility - Aug 2017,573149.53,433.72,2610580.79
TXN4503440,CUST75191,10-07-2021,Loan Disbursal,PRD0005,Education Loan,3169722.43,NEFT/RTGS,South Zone,  Rajasthan,LALITA DEVI,Under Review,Penalty Charge - Education Loan - Jul 2021,570550.04,Rs.262.19,2598910.2
TXN8221732,CUST86273,07-03-2014,NEFT,PRD0008,Credit Card,2094331.4,POS,East Zone,West Bengal,SUNITA RAO,Reversed,NEFT - Credit Card - Mar 2014,376979.65,81.61,1717270.14
TXN1843682,CUST74491,14-10-2011,IMPS,PRD0007,  Loan Against Property,4313222.64,Internet Banking,North Zone,Uttar Pradesh,Meena Iyer,Failed,IMPS - Loan Against Property - Oct 2011,0,18.21,4313204.43
TXN2654435,CUST41334,13-02-2021,Credit,PRD0007,LOAN AGAINST PROPERTY,704137.94,NEFT/RTGS,South Zone,Punjab,VIJAY KUMAR,Under Review,Credit - Loan Against Property - Feb 2021,126744.83,198.21,577194.9
TXN4617386,CUST57131,09-08-2015,EMI Payment,PRD0010,Fixed Deposit,2855505.55,NEFT/RTGS,Central Zone,  Haryana,Lalita Devi,Reversed,EMI Payment - Fixed Deposit - Nov 2024,513991,245.87,2341268.68
TXN4302337,CUST29482,08-03-2014,UPI,PRD0012,Mutual Fund,559054.51,  ATM,West Zone,Karnataka,sanjay gupta,Failed,UPI - Mutual Fund - Mar 2014,0,277.94,558776.57
TXN9599430,CUST13847,06-06-2018,NEFT,PRD0002,Personal Loan,4515645.5,Phone Banking,South Zone,KARNATAKA,Rajesh Sharma,completed,NEFT - Personal Loan - Jun 2018,812816.19,480.24,3702349.07
TXN3595810,CUST33458,22-10-2022,EMI Payment,PRD0003,  Auto Loan,1835468.83,POS,West Zone,ANDHRA PRADESH,sunita rao,Pending,EMI Payment - Auto Loan - Mar 2016,0,239.15,1835468.83
TXN3770699,CUST19952,07-Feb-24,RTGS,PRD0006,  Business Loan,1436748.5,ATM,East Zone,haryana,Mohan Das,Reversed,RTGS - Business Loan - Feb 2024,0,190.88,1436557.62
TXN9509685,CUST67065,11-07-2019,Loan Disbursal,PRD0013,Insurance,1007204.11,Mobile App,EAST ZONE,uttar pradesh,SANJAY GUPTA,Completed,Loan Disbursal - Insurance - Jul 2019,181296.74,296.74,825610.63
TXN6502121,CUST74219,30-08-2022,CASH DEPOSIT,PRD0001,Home Loan,1550822.84,NEFT/RTGS,South Zone,Andhra Pradesh,Anita Bose,Pending ,Cash Deposit - Home Loan - Nov 2023,0,70.8,1550752.04
TXN3849662,CUST72505,01-10-2023,penalty charge,PRD0009,savings account,2819020.36,POS,West Zone,Madhya Pradesh,anita bose,Failed,Penalty Charge - Savings Account - Jan 2023,0,146.7,2311450
TXN9224795,CUST39912,07-11-2010,RTGS,PRD0008,Credit Card,2850609.68,POS,Central Zone,Uttar Pradesh,Anita Bose,Completed,RTGS - Credit Card - Nov 2010,0,73.34,2850536.34
TXN2511654,CUST77559,24-03-2014,Loan Disbursal,PRD0006,Business Loan,720001.82,POS,Central Zone,Haryana,ARUN MEHTA,Under Review,Loan Disbursal - Business Loan - Aug 2014,129600.33,456.88,589944.61
TXN4921059,CUST30152,06-06-2019,neft,PRD0011,Recurring Deposit,3630923.82,BRANCH,South Zone,Kerala,Priya Nair,Under Review,NEFT - Recurring Deposit - Jun 2015,0,19.84,3630903.98
TXN6715950,CUST49708,13-10-2022,Transfer,PRD0051,  Savings Account,430274.25,Mobile App,East Zone,karnataka,Priya Nair,Under Review,Transfer - Savings Account - Aug 2020,77449.36,0,352341.45
TXN3348925,CUST82357,15-07-2015,TRANSFER,PRD0010,Fixed Deposit,Rs.4261887.29,  Phone Banking,  Central Zone,  Gujarat,Deepa Krishnan,Completed,Transfer - Fixed Deposit - Jul 2015,0,207.29,4261680
TXN3888943,CUST65640,04-02-2023,Penalty Charge,PRD0014,OD Facility,1102836.78,POS,EAST ZONE,tamil nadu,MEENA IYER,Pending,Penalty Charge - OD Facility - Feb 2023,Rs.0,459.85,1102376.93
TXN7213689,CUST83566,12-09-2020,Interest Credit,PRD0012,mutual fund,Rs.2875288.86,NEFT/RTGS,East Zone,TELANGANA,Kavitha Subramanian,Pending,Interest Credit - Mutual Fund - Oct 2024,517551.99,182.61,2357554.26
TXN4103409,CUST33562,17-04-2017,IMPS,PRD0007,Loan Against Property,3109345.86,ATM,East Zone,Haryana,Lalita Devi,Reversed,IMPS - Loan Against Property - Oct 2013,0,459.85,3108886.01
TXN2100493,CUST59528,03-11-2016,  Cash Withdrawal,PRD0011,Recurring Deposit,910281.66,ATM,  Central Zone,TAMIL NADU,DEEPA KRISHNAN,Completed,Cash Withdrawal - Recurring Deposit - Feb 2014,163850.7,216.88,746214.08
TXN1513923,CUST64651,25-01-2019,Transfer,PRD0014,od facility,217074.45,POS,West Zone,ANDHRA PRADESH,Nitin Joshi,Under Review,Transfer - OD Facility - Jan 2019,0,246.81,216827.64
TXN4724496,CUST74437,08-11-2016,transfer,PRD0014,OD Facility,1374099,NEFT/RTGS,East Zone,Madhya Pradesh,anita bose,Reversed,Transfer - OD Facility - Aug 2016,0,444.74,1373654.26
TXN6483589,CUST80138,06-10-2017,CREDIT,PRD0013,  Insurance,1942703.46,  ATM,Central Zone,Odisha,  Meena Iyer,Under Review,Credit - Insurance - Jun 2017,0,69.41,1942634.05
TXN5325007,CUST51151,07-02-2015,Cash Deposit,PRD0001,Home Loan,4902402.61,PHONE BANKING,South Zone,Gujarat,Mohan Das,Pending,NEFT - Home Loan - May 2014,0,322.48,4902080.13
TXN9099857,CUST60407,03-05-2022,  IMPS,PRD0009,Savings Account,4582385.4,POS,South Zone,Kerala,Sanjay Gupta,Pending,IMPS - Savings Account - Mar 2021,824829.37,158.01,3757398.02
TXN6115313,CUST91289,01-03-2024,CREDIT,PRD0004,Gold Loan,3261895.95,Internet Banking,East Zone,Tamil Nadu,Nitin Joshi,Completed,RTGS - Gold Loan - Jul 2021,587141.27,355.54,2674399.14
TXN7983824,CUST80593,25-Jun-25,CASH WITHDRAWAL,PRD0014,OD Facility,793509.23,ATM,Central Zone,Rajasthan,Amit Patel,Under Review,Cash Withdrawal - OD Facility - Jun 2025,0,158.13,793351.1
TXN4178256,CUST38110,13-01-2018,Penalty Charge,PRD0007,Loan Against Property,2223214.56,Branch,  West Zone,Karnataka,Amit Patel,Under Review,Penalty Charge - Loan Against Property - Jan 2018,400178.62,89.47,1822946.47
TXN5226400,CUST58705,26-03-2024,Cash Deposit,PRD0011,Recurring Deposit,4871955.72,POS,East Zone,West Bengal,Ramesh Yadav,Failed,Cash Deposit - Recurring Deposit - Mar 2024,876952.03,292.68,3994711.01
TXN7867523,CUST93810,01-01-2020,Interest Credit,PRD0006,Business Loan,2446674.76,Branch,West Zone,Uttar Pradesh,ARUN MEHTA,Pending,Interest Credit - Business Loan - Jan 2020,0,457.57,2446217.19
TXN2996360,CUST49363,07-04-2010,DEBIT,PRD0006,Business Loan,3286476.28,  ATM,North Zone,  Maharashtra,Arun Mehta,Failed,Debit - Business Loan - Apr 2010,591565.73,474.2,2694436.35
TXN5123010,CUST83566,08-09-2012,NEFT,PRD0001,home loan,4803666.6,Internet Banking,Central Zone,Madhya Pradesh,RAJESH SHARMA,Under Review,NEFT - Home Loan - Sep 2012,0,432.94,4803233.66
TXN8666574,CUST63093,09-04-2021,RTGS,PRD0017,AUTO LOAN,Rs.1028205.4,phone banking,central zone,Tamil Nadu,Amit Patel,Reversed,RTGS - Auto Loan - Oct 2017,0,389.09,Rs.4634761.32
TXN2174563,CUST15316,02-11-2015,Debit,PRD0013,Insurance,1037497.76,Internet Banking,East Zone,Andhra Pradesh,Priya Nair,Reversed,Debit - Insurance - Nov 2015,186749.6,180.43,850567.73
TXN8062175,CUST60353,31-10-2015,DEBIT,PRD0012,Mutual Fund,2403516.24,PHONE BANKING,South Zone,PUNJAB,Meena Iyer,Under Review,Debit - Mutual Fund - Feb 2018,432632.92,0,1970708.52
TXN1014479,CUST79185,30-03-2015,Cash Deposit,PRD0011,recurring deposit,4179254.59,Phone Banking,Central Zone,Karnataka,Mohan Das,Under Review,Cash Deposit - Recurring Deposit - May 2020,752265.83,439.73,3426549.03
TXN9525757,CUST52413,26-Apr-23,EMI Payment,PRD0013,Insurance,1199970.35,branch,North Zone,Delhi,Priya Nair,Under Review,EMI Payment - Insurance - Apr 2023,215994.66,387.61,983588.08
TXN9816781,CUST83566,29-08-2019,Penalty Charge,PRD0006,Business Loan,Rs.996966.64,Mobile App,North Zone,WEST BENGAL,Anita Bose,Completed,Penalty Charge - Business Loan - Aug 2019,179454,263.53,817249.11
TXN4923550,CUST17736,11-06-2013,NEFT,PRD0005,Education Loan,3147233.7,NEFT/RTGS,central zone,Kerala,Amit Patel,Under Review,NEFT - Education Loan - Jun 2013,0,29.31,3147204.39
TXN7870122,CUST89802,09-07-2024,UPI,PRD0003,  Auto Loan,419970.65,ATM,East Zone,Karnataka,Vijay Gupta,Completed,UPI - Loan Against Property - Jul 2024,Rs.75594.72,266.11,344109.82
TXN7293814,CUST53911,11-09-2014,RTGS,PRD0017,AUTO LOAN,4852203.17,BRANCH,West Zone,punjab,Vijay Kumar,Under Review,RTGS - Auto Loan - Apr 2020,873396.57,46.82,3978759.78
TXN2785452,CUST27495,24-09-2023,Debit,PRD0001,HOME LOAN,2325760.3,ATM,South Zone,Maharashtra,Deepa Krishnan,Under Review,Debit - Home Loan - Sep 2023,418636.85,66.4,1907057.05
TXN2508156,CUST19658,06-06-2023,Penalty Charge,PRD0004,gold loan,4168936.49,atm,  Central Zone,Punjab,ramesh yadav,Reversed,Penalty Charge - Gold Loan - Jun 2023,0,413.72,3418114.2
TXN2589444,CUST16914,14-02-2012,IMPS,PRD0009,Savings Account,915290.62,POS,South Zone,HARYANA,Lalita Devi,completed,IMPS - Savings Account - Feb 2012,164752.31,155.33,750382.98
TXN1883028,CUST65478,10-03-2011,IMPS,PRD0009,Savings Account,3697064.15,ATM,West Zone,PUNJAB,Amit Patel,Reversed,IMPS - Savings Account - Jun 2015,0,Rs.489.58,3696574.57
TXN2503383,CUST38885,11-12-2017,Credit,PRD0013,Insurance,26868.89,Internet Banking,North Zone,Uttar Pradesh,Lalita Devi,Under Review,Credit - Insurance - May 2019,0,48.28,Rs.26820.61
TXN5081765,CUST19743,22-11-2020,  IMPS,PRD0004,Gold Loan,3475050.3,NEFT/RTGS,North Zone,odisha,Priya Nair,Completed,IMPS - Gold Loan - Dec 2013,0,284.55,2849256.7
TXN4800850,CUST26803,11-03-2012,Debit,PRD0007,Loan Against Property,3554396.86,phone banking,North Zone,Maharashtra,Arun Mehta,Under Review,Debit - Loan Against Property - Mar 2012,Rs.639791.43,175.13,2914430.3
TXN2224278,CUST63197,16-07-2017,NEFT,PRD0017,Auto Loan,1740680.27,Phone Banking,West Zone,  Madhya Pradesh,Sunita Rao,Reversed,NEFT - Auto Loan - Jul 2017,313322.45,317.36,1427040.46
TXN5359640,CUST66371,03-01-2024,RTGS,PRD0009,savings account,3558451.02,ATM,West Zone,Tamil Nadu,kavitha subramanian,Completed,RTGS - Savings Account - Jan 2024,640521.18,86.76,2917843.08
TXN2954313,CUST66346,01-03-2024,RTGS,PRD0017,AUTO LOAN,197596.59,atm,East Zone,Haryana,Rajesh Sharma,Pending,RTGS - Auto Loan - Dec 2013,0,294.73,197301.86
TXN9529482,CUST64746,12-03-2011,Debit,PRD0002,Personal Loan,4156790.02,neft/rtgs,West Zone,Punjab,lalita devi,Reversed,Debit - Personal Loan - Mar 2011,0,218.91,4156571.11
TXN3463610,CUST16880,31-Mar-21,Loan Disbursal,PRD0017,Auto Loan,523289.59,NEFT/RTGS,Central Zone,Haryana,Deepa Krishnan,Completed,Loan Disbursal - Auto Loan - Mar 2021,0,201.28,523088.31
TXN2108038,CUST60096,27-06-2014,  Interest Credit,PRD0007,Loan Against Property,3033266.94,POS,North Zone,Delhi,Vijay Kumar,Under Review,Interest Credit - Loan Against Property - Jun 2014,0,297.35,3032969.59
TXN6505299,CUST67534,05-03-2018,  Penalty Charge,PRD0007,Loan Against Property,3341039.96,ATM,WEST ZONE,Karnataka,Ramesh Yadav,Completed,Penalty Charge - Loan Against Property - Mar 2018,0,62.6,3341039.96
TXN9365741,CUST89691,11-06-2018,RTGS,PRD0013,INSURANCE,3555783.88,POS,south zone,UTTAR PRADESH,NITIN JOSHI,COMPLETED,RTGS - Insurance - Jun 2018,640041.1,138.26,2915604.52
TXN1726518,CUST33458,21-11-2023,Cash Withdrawal,PRD0003,  Auto Loan,Rs.836110.32,  ATM,North Zone,Haryana,deepa krishnan,Reversed,Cash Withdrawal - Loan Against Property - Nov 2023,150499.86,209.79,685400.67
TXN1908505,CUST31534,18-04-2018,Transfer,PRD0005,Education Loan,1230177.27,  ATM,West Zone,Haryana,Sunita Rao,Under Review,Transfer - Education Loan - Oct 2025,221431.91,200.46,1008544.9
TXN8881092,CUST89129,21-12-2016,UPI,PRD0002,Personal Loan,1714161.14,Phone Banking,  West Zone,MADHYA PRADESH,Vijay Kumar,Reversed,UPI - Personal Loan - Dec 2016,308549.01,210.94,1405401.19
TXN1495353,CUST58140,28-Apr-16,rtgs,PRD0002,Personal Loan,1477435.53,  Phone Banking,North Zone,WEST BENGAL,Rajesh Sharma,Reversed,RTGS - Personal Loan - Apr 2016,0,430.2,1477005.33
TXN4976215,CUST14501,05-06-2017,NEFT,PRD0001,Home Loan,1503379.58,Branch,West Zone,Andhra Pradesh,meena iyer,Failed,NEFT - Home Loan - Dec 2023,0,293.29,1503086.29
TXN9402694,CUST80972,25-02-2023,  Cash Withdrawal,PRD0004,Gold Loan,4772413.92,POS,South Zone,gujarat,Vijay Kumar,Pending,Cash Withdrawal - Gold Loan - Feb 2023,0,494.88,4771919.04
TXN9827798,CUST61347,08-01-2023,Cash Deposit,PRD0007,  Loan Against Property,2644294.4,  POS,West Zone,  Tamil Nadu,Meena Iyer,Reversed,Cash Deposit - Loan Against Property - Jan 2023,0,464.93,2643829.47
TXN2240484,CUST71875,19-04-2020,RTGS,PRD0014,od facility,1290332.37,MOBILE APP,East Zone,West Bengal,Arun Mehta,Reversed,RTGS - OD Facility - Apr 2020,232259.83,265.86,1057806.68
TXN6131713,CUST31534,18-04-2018,Cash Withdrawal,PRD0014,OD Facility,2461913.59,Phone Banking,Central Zone,Haryana,Mohan Das,Completed,Cash Withdrawal - OD Facility - May 2015,443144.45,378.85,Rs.2018390.29
TXN7374368,CUST64401,22-10-2022,Cash Withdrawal,PRD0014,OD Facility,4930169.4,  Phone Banking,East Zone,  Madhya Pradesh,nitin joshi,Under Review,Cash Withdrawal - OD Facility - Aug 2015,887430.49,292.93,4042445.98
TXN6548210,CUST65518,03-Dec-10,Loan Disbursal,PRD0017,Auto Loan,277280.94,POS,North Zone,ANDHRA PRADESH,MEENA IYER,Failed,Loan Disbursal - Auto Loan - Dec 2010,49910.57,105.4,227264.97
TXN2475185,CUST55224,17-05-2011,NEFT,PRD0010,fixed deposit,Rs.2840496.35,Internet Banking,South Zone,Delhi,Mohan Das,Reversed,NEFT - Fixed Deposit - Nov 2014,511289.34,0,2328954.57
TXN3616808,CUST31660,04-02-2017,EMI Payment,PRD0004,Gold Loan,440595.17,POS,Central Zone,Kerala,Arun Mehta,Reversed,EMI Payment - Gold Loan - Feb 2017,79307.13,254.04,361034
TXN1147943,CUST30260,23-03-2025,Interest Credit,PRD0009,Savings Account,3710151.41,Branch,East Zone,karnataka,Vijay Kumar,Failed,Interest Credit - Savings Account - Oct 2022,0,0,3709926.24
TXN8543684,CUST39355,09-05-2023,EMI Payment,PRD0014,OD FACILITY,4641600.6,Phone Banking,South Zone,Gujarat,Rajesh Sharma,Reversed,EMI Payment - OD Facility - Mar 2012,835488.11,302.69,3805809.8
TXN5456422,CUST62797,06-01-2018,CASH WITHDRAWAL,PRD0007,Loan Against Property,2679552.57,NEFT/RTGS,Central Zone,Delhi,Kavitha Subramanian,SUCCESS,Cash Withdrawal - Loan Against Property - Jan 2018,482319.46,334.72,2196898.39
TXN9551305,CUST52584,07-09-2023,Interest Credit,PRD0009,Savings Account,1705445.32,NEFT/RTGS,central zone,kerala,Anita Bose,Pending,Interest Credit - Savings Account - Jul 2023,0,0,1705006.37
TXN2171120,CUST57002,11-09-2014,Cash Deposit,PRD0009,Savings Account,4388722.46,BRANCH,Central Zone,Odisha,Sunita Rao,Completed,Cash Deposit - Savings Account - Aug 2011,0,367.03,4388355.43
TXN9303867,CUST28322,31-12-2021,neft,PRD0006,Business Loan,1739612.48,Phone Banking,North Zone,Rajasthan,Sanjay Gupta,Pending,NEFT - Business Loan - Dec 2021,0,413.62,1426068.61
TXN4294007,CUST42925,27-02-2017,Loan Disbursal,PRD0006,Business Loan,2361317.96,POS,North Zone,Punjab,Priya Nair,Completed,Loan Disbursal - Business Loan - Feb 2017,425037.23,408.82,1935871.91
TXN2890632,CUST87303,31-10-2015,Transfer,PRD0005,education loan,2442999.77,Internet Banking,east zone,Odisha,Arun Mehta,Reversed,Transfer - Education Loan - Aug 2022,439739.96,0,2002867.14
TXN3117821,CUST33562,03-06-2011,cash withdrawal,PRD0001,HOME LOAN,4994632.58,POS,South Zone,Delhi,Ramesh Yadav,Reversed,Cash Withdrawal - Home Loan - Mar 2011,899033.86,289,4095309.72
TXN7587296,CUST63914,20-09-2013,Cash Withdrawal,PRD0014,  OD Facility,4371688.89,Internet Banking,West Zone,Kerala,Arun Mehta,Pending,Cash Withdrawal - OD Facility - Sep 2013,786904,292.47,3584492.42
TXN4507245,CUST28904,12-09-2020,Credit,PRD0010,fixed deposit,3728466.08,INTERNET BANKING,East Zone,odisha,Meena Iyer,Pending,Credit - Fixed Deposit - Nov 2025,671123.89,406.65,3056935.54
TXN5093255,CUST28904,12-09-2020,Credit,PRD0010,Fixed Deposit,3728466.08,Internet Banking,North Zone,Odisha,Meena Iyer,Completed,Credit - Fixed Deposit - Nov 2025,671123.89,406.65,3056935.54
TXN7819294,CUST95972,29-Apr-19,  NEFT,PRD0012,Mutual Fund,4950930.01,ATM,north zone,Odisha,Lalita Devi,Pending,NEFT - Mutual Fund - Apr 2019,891167.4,322.07,4059440.54
TXN7250861,CUST95972,29-Apr-19,NEFT,PRD0012,Mutual Fund,4950930.01,ATM,North Zone,West Bengal,Lalita Devi,Completed,NEFT - Mutual Fund - Apr 2019,891167.4,322.07,4059440.54
TXN6685708,CUST26547,26-02-2016,Cash Withdrawal,PRD0011,Recurring Deposit,874960.32,  NEFT/RTGS,north zone,Andhra Pradesh,Anita Bose,SUCCESS,Cash Withdrawal - Recurring Deposit - Feb 2016,0,337.67,717129.79
TXN3904874,CUST48780,31-07-2010,NEFT,PRD0009,Savings Account,4053248.76,  POS,North Zone,punjab,Lalita Devi,Completed,NEFT - Savings Account - Jul 2010,0,180.38,4053068.38
TXN7719415,CUST74922,30-Jul-13,Interest Credit,PRD0002,Personal Loan,350210.98,MOBILE APP,West Zone,West Bengal,Nitin Joshi,Reversed,Interest Credit - Personal Loan - Jul 2013,63037.98,140.74,287032.26
TXN9407754,CUST26803,18-04-2019,NEFT,PRD0007,Loan Against Property,3327466.62,  Internet Banking,Central Zone,Andhra Pradesh,Ramesh Yadav,Pending,NEFT - Loan Against Property - Apr 2019,0,443.58,3327023.04
TXN8989222,CUST23582,22-02-2025,IMPS,PRD0009,Savings Account,238344.49,neft/rtgs,Central Zone,Karnataka,Deepa Krishnan,Under Review,IMPS - Savings Account - Feb 2025,42902.01,440.25,195002.23
TXN8022413,CUST17179,14-Mar-16,IMPS,PRD0008,Credit Card,3812399.74,mobile app,South Zone,Andhra Pradesh,Sanjay Gupta,Pending,IMPS - Credit Card - Mar 2016,0,287.18,3812112.56
TXN1559473,CUST68222,10-02-2015,NEFT,PRD0004,Gold Loan,673601.96,ATM,Central Zone,  Maharashtra,Mohan Das,Under Review,NEFT - Gold Loan - Feb 2013,121248.35,263.78,552089.83
TXN1363424,CUST95200,17-09-2014,UPI,PRD0005,Education Loan,4274157.74,neft/rtgs,Central Zone,Telangana,Kavitha Subramanian,Failed,UPI - Education Loan - Jul 2013,769348.39,345.4,3504463.95
TXN9216634,CUST94985,03-02-2022,EMI Payment,PRD0006,Business Loan,2219527.69,Branch,south zone,KARNATAKA,Sanjay Gupta,Under Review,EMI Payment - Business Loan - Mar 2022,399514.98,306.53,1819706.18
TXN4914592,CUST94023,22-11-2020,Debit,PRD0007,loan against property,Rs.1028205.4,phone banking,South Zone,Gujarat,Sunita Rao,Pending ,Debit - Loan Against Property - Sep 2010,Rs.0,383.53,2084111.87
TXN3661548,CUST38885,11-12-2017,UPI,PRD0011,Recurring Deposit,3320370.24,POS,East Zone,Gujarat,Kavitha Subramanian,Pending,UPI - Recurring Deposit - Dec 2010,597666.64,491.82,3320370.24
TXN7438511,CUST38885,09-12-2010,UPI,PRD0011,Recurring Deposit,3320370.24,POS,East Zone,Gujarat,Kavitha Subramanian,Completed,UPI - Recurring Deposit - Dec 2010,597666.64,491.82,2722211.78
TXN1821606,CUST48780,14-03-2022,transfer,PRD0010,Fixed Deposit,4093210.21,Internet Banking,North Zone,Karnataka,Sunita Rao,Pending,Transfer - Fixed Deposit - Mar 2022,0,264.92,4092945.29
TXN1860177,CUST15965,13-07-2020,rtgs,PRD0009,Savings Account,996796.27,Internet Banking,central zone,Haryana,MOHAN SHARMA,Under Review,RTGS - Savings Account - Jul 2020,179423.33,187.42,817185.52
TXN1434060,CUST76829,08-08-2013,  EMI Payment,PRD0007,loan against property,3247050.42,Mobile App,South Zone,  Haryana,Rajesh Sharma,Under Review,Cash Deposit - Loan Against Property - Aug 2013,584469.08,474.4,2662106.94
TXN6466264,CUST67065,02-02-2013,NEFT,PRD0008,Credit Card,4549571.49,NEFT/RTGS,central zone,Punjab,LALITA DEVI,Failed,NEFT - Credit Card - May 2012,0,329.3,4549242.19
TXN1474129,CUST41696,01-02-2013,Interest Credit,PRD0012,Mutual Fund,1340592.69,NEFT/RTGS,South Zone,Rajasthan,Ramesh Yadav,COMPLETED,Interest Credit - Mutual Fund - Feb 2013,241306.68,91.07,1099194.94
TXN9735513,CUST24832,17-09-2016,UPI,PRD0006,Business Loan,3868820.33,Mobile App,Central Zone,Madhya Pradesh,Arun Mehta,Pending,UPI - Business Loan - Apr 2011,696387.66,327.98,3172104.69
TXN2317950,CUST42925,29-02-2012,Cash Deposit,PRD0010,Fixed Deposit,3869637.67,internet banking,  Central Zone,KARNATAKA,Meena Iyer,Failed,Cash Deposit - Fixed Deposit - Feb 2020,696534.78,325.13,3172777.76
TXN6535093,CUST96200,26-May-10,Interest Credit,PRD0009,Savings Account,1632522.96,Branch,Central Zone,Maharashtra,MOHAN DAS,Reversed,Interest Credit - Savings Account - May 2010,0,97.34,1632425.62
TXN9788848,CUST13406,25-04-2010,UPI,PRD0002,Personal Loan,1757028.5,Mobile App,East Zone,Haryana,Sanjay Gupta,Failed,UPI - Personal Loan - May 2011,316265.13,317.44,1757028.5
TXN6166994,CUST67763,18-03-2012,UPI,PRD0006,BUSINESS LOAN,3246039.74,Phone Banking,Central Zone,Maharashtra,nitin joshi,Under Review,UPI - Business Loan - Jul 2013,584287.15,1.66,2661750.93
TXN7923746,CUST54573,19-10-2022,  EMI Payment,PRD0001,Home Loan,755822.62,BRANCH,south zone,Madhya Pradesh,Ramesh Yadav,Completed,EMI Payment - Home Loan - Oct 2022,136048.07,311.98,619462.57
TXN5187027,CUST91167,28-06-2025,Credit,PRD0017,Auto Loan,4397477.64,POS,East Zone,Haryana,Anita Bose,Pending,Credit - Auto Loan - May 2017,0,0.91,4397476.73
TXN3191223,CUST34105,05-09-2015,Loan Disbursal,PRD0004,Gold Loan,4228518.87,MOBILE APP,North Zone,Delhi,KAVITHA SUBRAMANIAN,Completed,Loan Disbursal - Gold Loan - Aug 2015,761133.4,153.97,3467231.5
TXN8849572,CUST12867,01-02-2018,Cash Deposit,PRD0003,  Auto Loan,1980967.93,NEFT/RTGS,NORTH ZONE,Kerala,Meena Iyer,Under Review,Cash Deposit - Auto Loan - Feb 2018,356574.23,5.58,1624388.12
TXN7803256,CUST43491,08-08-2023,NEFT,PRD0010,fixed deposit,1766077.95,POS,WEST ZONE,Maharashtra,sunita verma,Completed,NEFT - Fixed Deposit - Aug 2023,0,151.17,1765926.78
TXN3171627,CUST40427,08-10-2017,Transfer,PRD0005,Education Loan,1682822.06,NEFT/RTGS,Central Zone,Haryana,Amit Patel,completed,Transfer - Education Loan - Mar 2020,302907.97,390.84,1379523.25
TXN8853363,CUST19924,05-12-2023,  Credit,PRD0014,  OD Facility,1965917.22,  ATM,  Central Zone,PUNJAB,Meena Iyer,Completed,Credit - OD Facility - Dec 2023,0,239.81,1965677.41
TXN7528025,CUST34105,21-08-2012,Debit,PRD0010,Fixed Deposit,3388632.44,POS,North Zone,Maharashtra,Lalita Devi,Reversed,Debit - Fixed Deposit - Aug 2012,609953.84,0.29,2778678.31
TXN5945680,CUST33458,18-02-2024,Cash Deposit,PRD0008,  Credit Card,4668795.5,POS,North Zone,Maharashtra,Priya Nair,Under Review,Cash Deposit - Credit Card - Feb 2024,840383.19,395.42,3828016.89
TXN3249805,CUST43518,18-04-2011,  NEFT,PRD0017,Auto Loan,3335499.35,NEFT/RTGS,East Zone,West Bengal,Ramesh Yadav,Failed,NEFT - Auto Loan - Apr 2011,0,14.67,3335484.68
TXN7272971,CUST43518,17-05-2011,NEFT,PRD0017,Auto Loan,3335499.35,NEFT/RTGS,East Zone,Andhra Pradesh,Ramesh Yadav,Completed,NEFT - Auto Loan - Apr 2011,0,14.67,3335484.68
TXN3650522,CUST23538,12-10-2023,Credit,PRD0001,Home Loan,1126166.41,Phone Banking,EAST ZONE,Telangana,arun mehta,Completed,Credit - Home Loan - Oct 2023,202709.95,64.77,923391.69
TXN5929391,CUST66431,13-Sep-12,NEFT,PRD0012,Mutual Fund,1390993.66,PHONE BANKING,North Zone,PUNJAB,Nitin Joshi,Under Review,NEFT - Mutual Fund - Sep 2012,0,309.07,1390684.59
TXN7291299,CUST28350,25-06-2011,Debit,PRD0005,EDUCATION LOAN,2375231.9,Branch,Central Zone,West Bengal,Mohan Das,Under Review,Debit - Education Loan - Jun 2025,427541.74,Rs.196.67,1947493.49
TXN3990646,CUST26936,17-05-2025,loan disbursal,PRD0002,PERSONAL LOAN,1005303.42,POS,South Zone,UTTAR PRADESH,  Nitin Joshi,completed,Loan Disbursal - Personal Loan - Mar 2011,0,0,1005174.11
TXN4326073,CUST42441,17-10-2011,Cash Withdrawal,PRD0017,Auto Loan,2415336.2,NEFT/RTGS,CENTRAL ZONE,Kerala,Ramesh Yadav,Pending,Cash Withdrawal - Auto Loan - Oct 2011,0,498.14,2414838.06
TXN9467918,CUST74219,22-04-2018,CREDIT,PRD0004,Gold Loan,2520203.92,POS,North Zone,west bengal,Rajesh Sharma,Under Review,Transfer - Gold Loan - Apr 2018,453636.71,Rs.132.71,2066434.5
TXN5755798,CUST59689,12-07-2019,UPI,PRD0011,Recurring Deposit,4600510.92,Internet Banking,East Zone,Odisha,Lalita Devi,completed,UPI - Recurring Deposit - Jul 2019,0,27.41,4600483.51
TXN1977934,CUST40597,26-06-2024,NEFT,PRD0007,Loan Against Property,722558.9,Phone Banking,  North Zone,Madhya Pradesh,Vijay Kumar,Under Review,NEFT - Loan Against Property - Aug 2012,0,314.51,592183.79
TXN8853810,CUST31016,09-08-2025,Cash Deposit,PRD0007,LOAN AGAINST PROPERTY,4170059.6,PHONE BANKING,South Zone,ODISHA,sunita rao,Completed,Cash Deposit - Loan Against Property - Aug 2025,750610.73,464.92,3418983.95
TXN6339108,CUST75251,07-04-2014,Loan Disbursal,PRD0012,Mutual Fund,3896598.94,ATM,  South Zone,Karnataka,Deepa Krishnan,Under Review,Loan Disbursal - Mutual Fund - Apr 2014,0,280.65,3896318.29
TXN6327306,CUST93634,28-Jan-24,Transfer,PRD0013,Insurance,1683522.22,ATM,West Zone,TELANGANA,Kavitha Subramanian,Reversed,Transfer - Insurance - Jan 2024,303034,267.92,1380220.3
TXN2249311,CUST49703,02-02-2013,Debit,PRD0011,Recurring Deposit,4024711.74,ATM,South Zone,Maharashtra,Ramesh Yadav,Completed,Debit - Recurring Deposit - Mar 2011,0,372.06,4024339.68
TXN8836983,CUST34896,18-05-2012,Cash Withdrawal,PRD0011,Recurring Deposit,3898512.21,Internet Banking,East Zone,West Bengal,amit patel,SUCCESS,Cash Withdrawal - Recurring Deposit - May 2012,701732.2,39.28,3196740.73
TXN9395376,CUST34420,21-01-2017,NEFT,PRD0014,OD Facility,1529789.38,  ATM,East Zone,MADHYA PRADESH,Deepa Krishnan,Failed,NEFT - OD Facility - Jan 2017,0,351.52,1529437.86
TXN4754963,CUST89405,01-03-2024,UPI,PRD0005,Education Loan,1854116.81,POS,East Zone,Kerala,Deepa Krishnan,Failed,UPI - Education Loan - Mar 2014,333741.03,150.37,Rs.1520225.41
TXN3543171,CUST89954,22-06-2012,IMPS,PRD0004,Gold Loan,4667056.6,Branch,South Zone,Karnataka,Rajesh Sharma,Reversed,IMPS - Gold Loan - Jun 2012,0,122.13,4666934.47
TXN1926864,CUST33562,17-04-2017,EMI PAYMENT,PRD0013,INSURANCE,Rs.2065344.91,NEFT/RTGS,EAST ZONE,Uttar Pradesh,vijay kumar,Failed,EMI Payment - Insurance - Nov 2024,0,376.43,2064968.48
TXN3542284,CUST27451,29-02-2020,Loan Disbursal,PRD0009,Savings Account,192906.38,Branch,EAST ZONE,West Bengal,Kavitha Subramanian,completed,Loan Disbursal - Savings Account - Feb 2024,0,494.43,192906.38
TXN6466692,CUST58140,18-04-2021,IMPS,PRD0001,Home Loan,2083223.51,NEFT/RTGS,East Zone,West Bengal,Nitin Joshi,Completed,IMPS - Home Loan - Apr 2021,Rs.0,313.72,2082909.79
TXN5273499,CUST59786,17-09-2018,TRANSFER,PRD0001,Home Loan,4299780.18,  ATM,North Zone,rajasthan,Mohan Das,Under Review,Transfer - Home Loan - Sep 2018,773960.43,414.29,3525405.46
TXN6777254,CUST58931,07-06-2019,Cash Withdrawal,PRD0017,Auto Loan,2966788.88,Branch,Central Zone,Rajasthan,Nitin Joshi,Under Review,Cash Withdrawal - Auto Loan - Jul 2019,0,36.83,2966752.05
TXN7904731,CUST57277,21-10-2023,UPI,PRD0003,  Auto Loan,2155463.81,ATM,Central Zone,Rajasthan,  Sanjay Gupta,Completed,UPI - Fixed Deposit - Oct 2023,0,407.91,2155055.9
TXN4730239,CUST96752,03-05-2022,Loan Disbursal,PRD0011,Recurring Deposit,2361680.28,Mobile App,North Zone,Kerala,Arun Mehta,SUCCESS,RTGS - Recurring Deposit - Jan 2014,0,496.11,2361184.17
TXN6258806,CUST24723,30-Nov-11,UPI,PRD0014,OD FACILITY,3514727.5,Internet Banking,East Zone,Andhra Pradesh,Mohan Das,Under Review,UPI - OD Facility - Nov 2011,632650.95,469.67,2881606.88
TXN1884701,CUST57131,01-Mar-24,IMPS,PRD0004,gold loan,4505032.74,Branch,CENTRAL ZONE,WEST BENGAL,Arun Mehta,Completed,IMPS - Gold Loan - Mar 2024,810905.89,358.56,3693768.29
TXN6692909,CUST76093,17-10-2023,EMI Payment,PRD0009,Savings Account,4083204.25,NEFT/RTGS,Central Zone,ODISHA,Mohan Das,Pending,EMI Payment - Savings Account - Oct 2023,734976.77,23.71,3348203.77
TXN9335838,CUST82510,21-08-2021,Penalty Charge,PRD0007,loan against property,495058.11,  Mobile App,East Zone,Uttar Pradesh,Kavitha Subramanian,failed,Penalty Charge - Loan Against Property - Aug 2021,0,492.57,494565.54
TXN5217515,CUST26144,03-01-2014,Loan Disbursal,PRD0002,Personal Loan,1224524.97,  Branch,CENTRAL ZONE,PUNJAB,Vijay Kumar,Pending,Loan Disbursal - Personal Loan - Jan 2014,220414.49,436.87,1003673.61
TXN7922415,CUST17179,02-12-2011,IMPS,PRD0066,  Fixed Deposit,516312.14,Internet Banking,East Zone,TELANGANA,deepa krishnan,Under Review,IMPS - Fixed Deposit - Dec 2011,92936.19,55.8,423320.15
TXN1462760,CUST82140,11-07-2011,transfer,PRD0002,Personal Loan,Rs.2669761.85,POS,East Zone,Gujarat,Kavitha Subramanian,Failed,Transfer - Personal Loan - Jul 2011,480557.13,0,2188879.57
TXN2159902,CUST41696,01-02-2013,RTGS,PRD0008,credit card,893304.55,mobile app,West Zone,Maharashtra,Kavitha Subramanian,Pending,RTGS - Credit Card - Jul 2015,0,206.5,893098.05
TXN8515111,CUST74990,10-03-2011,Debit,PRD0013,Insurance,3992273.27,NEFT/RTGS,Central Zone,andhra pradesh,Amit Patel,Completed,Debit - Insurance - Dec 2025,718609.19,321.46,3273342.62
TXN2223987,CUST17355,28-Sep-25,TRANSFER,PRD0008,Credit Card,3957092.1,ATM,CENTRAL ZONE,Punjab,Anita Bose,Failed,Transfer - Credit Card - Sep 2025,712276.58,208.91,3244606.61
TXN6926674,CUST65215,03-08-2020,interest credit,PRD0012,Mutual Fund,Rs.3245158.12,  Phone Banking,WEST ZONE,Tamil Nadu,MOHAN DAS,Pending,Interest Credit - Mutual Fund - Mar 2020,0,217.64,3244940.48
TXN3236510,CUST80138,18-03-2012,Cash Deposit,PRD0002,Personal Loan,768056.5,Internet Banking,South Zone,Uttar Pradesh,Sunita Rao,Completed,Cash Deposit - Personal Loan - Nov 2015,138250.17,83.69,629722.64
TXN2784437,CUST30207,03-11-2011,Credit,PRD0004,Gold Loan,15960.36,Phone Banking,West Zone,Madhya Pradesh,Priya Nair,Under Review,Credit - Gold Loan - Mar 2011,Rs.2872.86,109.89,12977.61
TXN2000393,CUST42415,06-11-2025,Debit,PRD0007,Loan Against Property,4260735.12,Internet Banking,South Zone,West Bengal,Vijay Kumar,Reversed,Debit - Loan Against Property - Nov 2025,766932.32,166.67,3493636.13
TXN7255992,CUST81732,11-07-2018,NEFT,PRD0009,Savings Account,Rs.2193229.91,ATM,North Zone,TELANGANA,Priya Nair,Under Review,NEFT - Savings Account - Jul 2018,0,Rs.175.8,2193054.11
TXN3203452,CUST33458,03-Apr-20,Cash Deposit,PRD0014,OD Facility,1345579.95,POS,central zone,WEST BENGAL,Vijay Kumar,Completed,Cash Deposit - OD Facility - Apr 2020,242204.39,82.13,1103293.43
TXN9497690,CUST28558,19-03-2019,RTGS,PRD0007,Loan Against Property,2596911.39,Mobile App,East Zone,Telangana,Deepa Krishnan,Failed,RTGS - Loan Against Property - Mar 2019,0,185.5,2596725.89
TXN4309872,CUST48780,09-08-2015,  Penalty Charge,PRD0008,Credit Card,4068247.38,Internet Banking,North Zone,Punjab,MOHAN DAS,Under Review,Penalty Charge - Credit Card - Feb 2017,732284.53,67.88,3335894.97
TXN7232361,CUST95235,22-09-2010,IMPS,PRD0012,Mutual Fund,554508.99,  ATM,West Zone,Andhra Pradesh,amit patel,Pending,IMPS - Mutual Fund - Sep 2010,99811.62,322.32,454375.05
TXN7321006,CUST69839,24-03-2014,Transfer,PRD0003,  Auto Loan,1868958.89,internet banking,WEST ZONE,Uttar Pradesh,Lalita Devi,Pending ,Transfer - Personal Loan - Jan 2021,0,464.56,1868494.33
TXN9266766,CUST49838,26-01-2022,Loan Disbursal,PRD0014,OD Facility,2821183,ATM,Central Zone,Telangana,Mohan Das,Under Review,Loan Disbursal - OD Facility - Mar 2020,0,193.24,2820989.76
TXN4057662,CUST85887,11-06-2021,EMI Payment,PRD0007,Loan Against Property,1717150.5,  Phone Banking,East Zone,GUJARAT,Kavitha Subramanian,completed,EMI Payment - Loan Against Property - Jun 2021,0,165.04,1716985.46
TXN3614719,CUST30730,03-06-2024,  IMPS,PRD0014,OD Facility,1660103.94,POS,south zone,Punjab,Isha Das,Failed,IMPS - OD Facility - Sep 2020,0,7.65,1660096.29
TXN9397424,CUST30516,21-12-2011,UPI,PRD0010,Fixed Deposit,2022339.26,NEFT/RTGS,NORTH ZONE,Tamil Nadu,Kavitha Subramanian,Under Review,UPI - Fixed Deposit - Dec 2011,364021.07,245.09,1658073.1
TXN7183401,CUST30516,21-12-2011,UPI,PRD0010,Fixed Deposit,2022339.26,NEFT/RTGS,North Zone,Tamil Nadu,Kavitha Subramanian,Completed,UPI - Fixed Deposit - Dec 2011,364021.07,245.09,1658073.1
TXN1760601,CUST83716,11-01-2010,Interest Credit,PRD0009,Savings Account,2919186.82,Branch,West Zone,Punjab,Kavitha Subramanian,Under Review,Interest Credit - Savings Account - Jan 2010,0,136.21,2919050.61
TXN6860268,CUST18807,09-05-2011,Loan Disbursal,PRD0006,Business Loan,4530258.8,  NEFT/RTGS,West Zone,Karnataka,Arun Mehta,Failed,Loan Disbursal - Business Loan - May 2011,0,277.17,4529981.63
TXN1471429,CUST10820,07-04-2024,Loan Disbursal,PRD0006,Business Loan,780620.04,Phone Banking,north zone,DELHI,  Deepa Krishnan,Reversed,Loan Disbursal - Business Loan - Apr 2024,140511.61,64.67,640043.76
TXN7307903,CUST30732,05-12-2017,Cash Withdrawal,PRD0002,  Personal Loan,4879393.61,Internet Banking,SOUTH ZONE,Madhya Pradesh,Lalita Devi,Failed,Cash Withdrawal - Personal Loan - May 2017,878290.85,73.82,4001028.94
TXN8451228,CUST80686,30-10-2021,IMPS,PRD0009,savings account,2793244.45,branch,NORTH ZONE,Maharashtra,Sunita Rao,Reversed,NEFT - Savings Account - Oct 2021,502784,315.18,2290145.27
TXN2330599,CUST33094,24-05-2011,  EMI Payment,PRD0013,Insurance,2213600.5,NEFT/RTGS,Central Zone,Andhra Pradesh,Mohan Das,SUCCESS,EMI Payment - Insurance - May 2011,398448.09,Rs.428.59,1814723.82
TXN9164224,CUST59689,20-08-2020,  Interest Credit,PRD0013,  Insurance,4423481.89,internet banking,North Zone,punjab,Rajesh Sharma,Pending,Interest Credit - Insurance - Aug 2020,796226.74,472.51,3626782.64
TXN8384828,CUST67065,02-02-2013,NEFT,PRD0014,OD Facility,4855621.2,pos,North Zone,Delhi,Priya Nair,Reversed,NEFT - OD Facility - Jul 2019,874011.82,89.27,Rs.3981520.11
TXN2726931,CUST89802,06-11-2018,rtgs,PRD0004,gold loan,4329094.67,Internet Banking,West Zone,madhya pradesh,Anita Bose,failed,RTGS - Gold Loan - Dec 2025,779237.04,326.98,3549530.65
TXN4042978,CUST82089,12-01-2025,RTGS,PRD0017,Auto Loan,2327219.12,Branch,East Zone,Odisha,RAJESH SHARMA,Pending,RTGS - Auto Loan - Dec 2025,418899.44,50.52,1908269.16
TXN7447922,CUST89802,18-Feb-17,RTGS,PRD0009,Savings Account,1010380.18,neft/rtgs,West Zone,Andhra Pradesh,Priya Nair,Reversed,RTGS - Savings Account - Feb 2017,181868.43,30.26,828481.49
TXN5195216,CUST26187,05-Jun-12,Interest Credit,PRD0012,Mutual Fund,3687420.98,Branch,Central Zone,  Andhra Pradesh,  Mohan Das,Failed,Interest Credit - Mutual Fund - Jun 2012,663735.78,364.57,3023320.63
TXN9350661,CUST83872,28-Feb-11,Interest Credit,PRD0017,Auto Loan,2840397.9,POS,CENTRAL ZONE,PUNJAB,SANJAY GUPTA,Pending,Interest Credit - Auto Loan - Feb 2011,0,393.21,2840004.69
TXN9425689,CUST98208,07-06-2023,Penalty Charge,PRD0004,gold loan,3353590.33,ATM,West Zone,Andhra Pradesh,Arun Mehta,Failed,Penalty Charge - Gold Loan - Aug 2013,0,113.97,3353476.36
TXN7462418,CUST98208,22-Aug-13,Penalty Charge,PRD0004,Gold Loan,3353590.33,ATM,West Zone,Andhra Pradesh,Arun Mehta,Completed,Penalty Charge - Gold Loan - Aug 2013,0,113.97,3353476.36
TXN3700042,CUST39933,24-01-2013,Transfer,PRD0017,Auto Loan,3499528.17,ATM,NORTH ZONE,  Haryana,Anita Bose,Pending,Transfer - Auto Loan - Jan 2013,0,242.58,3499285.59
TXN7069023,CUST39933,24-01-2013,Transfer,PRD0017,Auto Loan,3499528.17,ATM,North Zone,Haryana,Anita Bose,Completed,Transfer - Auto Loan - Jan 2013,0,242.58,3499285.59
TXN2733950,CUST95200,17-09-2014,EMI Payment,PRD0008,Credit Card,2615494.08,Internet Banking,Central Zone,Kerala,Mohan Das,Under Review,EMI Payment - Credit Card - Mar 2020,470788.93,492.5,2144212.65
TXN9249351,CUST54573,06-05-2017,transfer,PRD0006,  Business Loan,1682118.61,Internet Banking,West Zone,  Karnataka,Priya Nair,Reversed,Transfer - Business Loan - Jul 2023,0,440.05,1681678.56
TXN5282181,CUST53642,29-05-2020,  Debit,PRD0001,home loan,34572.1,POS,Central Zone,Haryana,Mohan Das,Under Review,Debit - Home Loan - May 2020,0,83.84,34488.26
TXN6524461,CUST89954,08-10-2016,NEFT,PRD0005,EDUCATION LOAN,4928129.26,Branch,East Zone,West Bengal,Priya Nair,Reversed,NEFT - Education Loan - Aug 2016,887063.27,398.59,4040667.4
TXN8582579,CUST69139,21-12-2016,Transfer,PRD0013,insurance,Rs.1028205.4,Phone Banking,North Zone,Uttar Pradesh,sanjay gupta,Under Review,Transfer - Insurance - Dec 2016,0,0,1811118.51
TXN5476181,CUST28904,12-09-2020,PENALTY CHARGE,PRD0004,Gold Loan,1680382.92,ATM,  North Zone,Haryana,Anita Bose,Failed,Penalty Charge - Gold Loan - Dec 2020,302468.93,392.45,1377521.54
TXN2891704,CUST61721,24-08-2023,TRANSFER,PRD0009,Savings Account,Rs.2161022.2,POS,North Zone,  Madhya Pradesh,Mohan Das,Pending,Transfer - Savings Account - Mar 2025,388984,0,1771996.08
TXN7696571,CUST53420,17-05-2023,UPI,PRD0004,gold loan,3455896.91,NEFT/RTGS,North Zone,PUNJAB,sanjay gupta,Completed,UPI - Gold Loan - May 2023,622061.44,346.67,2833488.8
TXN3108799,CUST34761,10-01-2011,RTGS,PRD0014,OD FACILITY,Rs.3867495.06,POS,North Zone,ANDHRA PRADESH,Rajesh Sharma,Under Review,RTGS - OD Facility - Jan 2011,0,0,3867195.04
TXN7582746,CUST72722,01-03-2024,  IMPS,PRD0013,INSURANCE,2787382.57,Internet Banking,Central Zone,telangana,AMIT PATEL,Failed,IMPS - Insurance - Nov 2014,501728.86,269.57,2285384.14
TXN3327144,CUST80047,08-Jun-11,Penalty Charge,PRD0001,Home Loan,4245993.2,POS,South Zone,TELANGANA,Amit Patel,Failed,Penalty Charge - Home Loan - Jun 2011,0,405.16,4245588.04
TXN7594318,CUST64419,20-01-2022,Cash Withdrawal,PRD0011,recurring deposit,4760410.04,  ATM,West Zone,maharashtra,Arun Mehta,Completed,Cash Withdrawal - Recurring Deposit - Jan 2022,856873.81,24.99,3903511.24
TXN9045630,CUST34435,25-04-2010,Cash Withdrawal,PRD0002,Personal Loan,1775006.13,ATM,North Zone,Uttar Pradesh,Lalita Devi,Completed,Cash Withdrawal - Personal Loan - Mar 2020,0,112.6,1774893.53
TXN8601497,CUST34435,25-04-2010,Cash Withdrawal,PRD0002,Personal Loan,1775006.13,ATM,North Zone,Uttar Pradesh,Lalita Devi,Completed,Cash Withdrawal - Personal Loan - Mar 2020,0,112.6,1774893.53
TXN4816808,CUST83716,03-Dec-10,IMPS,PRD0005,Education Loan,Rs.2461369.75,NEFT/RTGS,North Zone,Telangana,Anita Bose,Reversed,IMPS - Education Loan - Dec 2010,443046.55,15.11,2018308.09
TXN6983282,CUST59501,18-07-2010,Cash Deposit,PRD0010,FIXED DEPOSIT,739509.61,Phone Banking,SOUTH ZONE,  Odisha,Deepa Krishnan,Failed,Cash Deposit - Fixed Deposit - Jul 2010,133111.73,47.05,606350.83
TXN3458126,CUST16461,01-03-2025,Cash Withdrawal,PRD0012,Mutual Fund,Rs.702958.88,Phone Banking,central zone,Uttar Pradesh,Meena Iyer,Pending,Cash Withdrawal - Mutual Fund - Mar 2025,0,459.75,702499.13
TXN9806329,CUST51032,18-10-2011,transfer,PRD0006,  Business Loan,549903.74,ATM,North Zone,  Andhra Pradesh,Priya Nair,Failed,Transfer - Business Loan - Oct 2011,98982.67,360.62,450560.45
TXN7313009,CUST91922,16-01-2024,DEBIT,PRD0005,Education Loan,2393079.01,PHONE BANKING,West Zone,Madhya Pradesh,ramesh yadav,Completed,Debit - Education Loan - Jan 2024,0,169.43,2392909.58
TXN2613713,CUST29162,05-12-2024,Credit,PRD0014,OD Facility,3913624.08,Phone Banking,west zone,tamil nadu,Priya Nair,SUCCESS,Credit - OD Facility - Dec 2024,704452.33,108.21,3209063.54
TXN5041252,CUST21108,10-05-2016,RTGS,PRD0004,Gold Loan,408427.87,NEFT/RTGS,Central Zone,  Uttar Pradesh,Kavitha Subramanian,Failed,RTGS - Gold Loan - Oct 2016,0,235.31,408192.56
TXN6949316,CUST62286,07-10-2018,IMPS,PRD0004,Gold Loan,2121852.41,NEFT/RTGS,  East Zone,Haryana,Meena Iyer,Under Review,IMPS - Gold Loan - Oct 2018,381933.43,Rs.170.4,1739748.58
TXN6979663,CUST17263,17-08-2018,Transfer,PRD0006,BUSINESS LOAN,4303602.57,Phone Banking,Central Zone,ANDHRA PRADESH,Kavitha Subramanian,Pending ,Transfer - Business Loan - Aug 2018,774648.46,433.98,3528520.13
TXN3985385,CUST75494,14-Feb-17,Cash Withdrawal,PRD0001,  Home Loan,1780802.12,Phone Banking,east zone,Tamil Nadu,Nitin Joshi,Completed,Cash Withdrawal - Home Loan - Feb 2017,0,453.99,1780348.13
TXN2039559,CUST74174,19-Jan-24,Transfer,PRD0005,Education Loan,82775.15,atm,North Zone,Karnataka,Priya Nair,Completed,Transfer - Education Loan - Jan 2024,14899.53,110.83,67764.79
TXN4382457,CUST74491,16-05-2011,  Transfer,PRD0008,Credit Card,387405.01,NEFT/RTGS,West Zone,  Delhi,Sanjay Gupta,Failed,Transfer - Credit Card - Dec 2025,Rs.0,355.99,387049.02
TXN2806349,CUST39109,12-05-2024,Loan Disbursal,PRD0013,Insurance,4025905.41,Phone Banking,East Zone,Delhi,Nitin Joshi,Under Review,Loan Disbursal - Insurance - May 2024,0,68.65,4025836.76
TXN6131212,CUST30016,01-Sep-10,NEFT,PRD0002,Personal Loan,4799190.57,Phone Banking,west zone,Madhya Pradesh,Meena Iyer,Reversed,NEFT - Personal Loan - Sep 2010,863854.3,278.24,3935058.03
TXN5847493,CUST41334,05-10-2017,UPI,PRD0002,personal loan,1968884.96,Mobile App,Central Zone,Gujarat,Priya Nair,Under Review,UPI - Personal Loan - May 2017,354399.29,473.47,1614012.2
TXN5000874,CUST50888,11-07-2020,UPI,PRD0017,auto loan,1691804.92,NEFT/RTGS,North Zone,MAHARASHTRA,nitin joshi,Pending,UPI - Auto Loan - Jul 2020,0,112.45,1691692.47
TXN3713768,CUST22695,03-05-2022,EMI PAYMENT,PRD0004,gold loan,4178980.74,Phone Banking,South Zone,Haryana,MOHAN DAS,Pending,EMI Payment - Gold Loan - Dec 2011,752216.53,453.54,3426310.67
TXN9188700,CUST60096,20-03-2022,EMI Payment,PRD0010,Fixed Deposit,46519.78,Phone Banking,south zone,MAHARASHTRA,arun mehta,Failed,EMI Payment - Fixed Deposit - Nov 2024,8373.56,429.3,46519.78
TXN7423481,CUST25300,01-06-2017,credit,PRD0011,Recurring Deposit,683528.76,NEFT/RTGS,West Zone,karnataka,NITIN JOSHI,Completed,Credit - Recurring Deposit - Jun 2017,123035.18,263.59,560229.99
TXN4588908,CUST95892,21-08-2021,IMPS,PRD0013,  Insurance,357837.84,Internet Banking,central zone,  Punjab,Priya Nair,Reversed,IMPS - Insurance - Aug 2021,64410.81,226.36,293200.67
TXN1448193,CUST36186,27-Jun-20,Credit,PRD0002,Personal Loan,4515695.62,INTERNET BANKING,West Zone,madhya pradesh,Sanjay Gupta,Completed,Credit - Personal Loan - Jun 2020,0,474.61,4515221.01
TXN4859991,CUST95403,21-04-2010,UPI,PRD0009,Savings Account,2339664.61,phone banking,  South Zone,Tamil Nadu,Vijay Kumar,Pending,UPI - Savings Account - Apr 2012,0,73.49,2339591.12
TXN7662199,CUST45501,12-05-2011,NEFT,PRD0011,Recurring Deposit,3234012.92,NEFT/RTGS,Central Zone,Uttar Pradesh,Rajesh Sharma,Pending,NEFT - Recurring Deposit - May 2011,582122.33,370.84,2651519.75
TXN1708070,CUST58804,24-06-2010,IMPS,PRD0012,mutual fund,3973799.86,POS,North Zone,Uttar Pradesh,Rajesh Sharma,Under Review,IMPS - Mutual Fund - Feb 2017,715283.97,192.53,3258323.36
TXN5784473,CUST47408,14-06-2019,Loan Disbursal,PRD0051,  Savings Account,2047275.48,neft/rtgs,east zone,Uttar Pradesh,Meena Iyer,Pending,Loan Disbursal - Savings Account - Jun 2019,368509.59,356.92,1678408.97
TXN4577131,CUST50166,28-Jun-14,Penalty Charge,PRD0010,fixed deposit,3813809.75,branch,central zone,Odisha,Vijay Kumar,Pending,Penalty Charge - Fixed Deposit - Jun 2014,686485.76,231.06,3127092.93
TXN2973318,CUST88561,01-Nov-20,Cash Withdrawal,PRD0096,  Mutual Fund,444048.32,Mobile App,Central Zone,Punjab,ARUN MEHTA,Under Review,Cash Withdrawal - Mutual Fund - Nov 2020,79928.7,38.33,364081.29
TXN7817454,CUST89691,14-12-2023,UPI,PRD0007,Loan Against Property,2030014.65,NEFT/RTGS,South Zone,Maharashtra,Arun Mehta,Failed,UPI - Loan Against Property - Dec 2023,365402.64,50.41,2030014.65
TXN6496892,CUST27295,21-Sep-16,RTGS,PRD0005,Education Loan,4831940.4,Internet Banking,West Zone,Haryana,Nitin Joshi,Reversed,RTGS - Education Loan - Sep 2016,0,291.58,4831648.82
TXN7678202,CUST39762,12-10-2021,IMPS,PRD0004,Gold Loan,1081207.98,NEFT/RTGS,north zone,Odisha,Nitin Joshi,Failed,IMPS - Gold Loan - Oct 2021,194617.44,357.18,886233.36
TXN5736249,CUST62989,11-02-2015,Loan Disbursal,PRD0005,Education Loan,1029.91,Phone Banking,CENTRAL ZONE,Maharashtra,Rajesh Sharma,Failed,Loan Disbursal - Education Loan - Feb 2015,185.38,438.66,405.87
TXN2927463,CUST97304,27-09-2024,Cash Deposit,PRD0014,OD Facility,4041655,POS,North Zone,West Bengal,Priya Nair,Completed,Cash Deposit - OD Facility - Sep 2024,0,475.02,4041179.98
TXN2778374,CUST89761,07-12-2019,NEFT,PRD0009,Savings Account,1700179.68,phone banking,East Zone,rajasthan,Mohan Das,Pending,NEFT - Savings Account - Dec 2019,0,Rs.435.27,1699744.41
TXN1904771,CUST26803,04-10-2010,NEFT,PRD0017,auto loan,447024.69,ATM,East Zone,West Bengal,divya nair,Pending ,NEFT - Auto Loan - Oct 2010,80464.44,115.04,366445.21
TXN5199878,CUST98208,07-06-2023,Debit,PRD0004,Gold Loan,Rs.4964989.86,ATM,East Zone,andhra pradesh,Amit Patel,Reversed,Debit - Gold Loan - Jun 2025,0,308.16,4964681.7
TXN9535367,CUST40062,23-06-2011,UPI,PRD0008,Credit Card,1670747.06,  ATM,West Zone,Maharashtra,Kavitha Subramanian,Completed,UPI - Credit Card - Jun 2011,0,312.83,1670434.23
TXN5630812,CUST96752,19-07-2022,EMI Payment,PRD0002,Personal Loan,2585338.7,Phone Banking,East Zone,haryana,lalita devi,Failed,EMI Payment - Personal Loan - Jul 2022,0,454.66,2584884.04
TXN1536993,CUST31237,27-03-2025,IMPS,PRD0009,Savings Account,4717133.69,Phone Banking,North Zone,UTTAR PRADESH,Rajesh Sharma,Failed,IMPS - Savings Account - Mar 2025,849084.06,236.96,3867812.67
TXN8642003,CUST80686,20-09-2023,IMPS,PRD0012,Mutual Fund,4758870.79,ATM,North Zone,Haryana,vijay kumar,Failed,IMPS - Mutual Fund - Sep 2023,856596.74,47.15,3902226.9
TXN6376007,CUST84341,23-03-2025,NEFT,PRD0010,Fixed Deposit,69140.12,Branch,Central Zone,Kerala,Vijay Kumar,Under Review,NEFT - Fixed Deposit - Sep 2014,Rs.12445.22,314.19,56380.71
TXN3200034,CUST49302,13-03-2022,emi payment,PRD0007,LOAN AGAINST PROPERTY,4821911.12,neft/rtgs,West Zone,Gujarat,Divya Singh,Failed,EMI Payment - Loan Against Property - Mar 2022,867944,0,3953503.42
TXN8520440,CUST95200,04-06-2018,Credit,PRD0005,Education Loan,61248.84,Phone Banking,Central Zone,Punjab,priya nair,Pending,Credit - Education Loan - Jun 2018,11024.79,13.07,50210.98
TXN1991634,CUST69892,12-12-2012,RTGS,PRD0014,OD Facility,1670784.34,ATM,South Zone,WEST BENGAL,Arun Mehta,Pending,RTGS - OD Facility - Dec 2012,300741.18,3.96,1370039.2
TXN2329372,CUST67763,24-05-2015,NEFT,PRD0013,Insurance,4536627.85,POS,North Zone,Kerala,Amit Patel,Failed,NEFT - Insurance - May 2015,816593.01,314.98,4536627.85
TXN5098421,CUST33094,02-02-2015,Cash Deposit,PRD0005,EDUCATION LOAN,2251622.73,NEFT/RTGS,North Zone,Delhi,SUNITA RAO,Reversed,Cash Deposit - Education Loan - Feb 2015,0,386.48,2251236.25
TXN5165747,CUST36518,05-Apr-15,Interest Credit,PRD0008,Credit Card,1820135.35,NEFT/RTGS,South Zone,ANDHRA PRADESH,Sanjay Gupta,Failed,Interest Credit - Credit Card - Apr 2015,327624.36,27.05,1492483.94
TXN5662000,CUST36518,05-Apr-15,Interest Credit,PRD0008,Credit Card,1820135.35,NEFT/RTGS,South Zone,Andhra Pradesh,Sanjay Gupta,Completed,Interest Credit - Credit Card - Apr 2015,327624.36,27.05,1492483.94
TXN6367140,CUST40516,09-08-2025,IMPS,PRD0004,Gold Loan,75295.1,POS,West Zone,Maharashtra,ramesh yadav,Completed,IMPS - Gold Loan - Aug 2025,13553.12,42.19,61699.79
TXN4848642,CUST55220,15-10-2016,Credit,PRD0013,Insurance,32610.9,Phone Banking,West Zone,Uttar Pradesh,SUNITA RAO,Reversed,Credit - Insurance - Oct 2016,0,40.82,32570.08
TXN7405309,CUST86273,10-09-2015,CASH DEPOSIT,PRD0007,Loan Against Property,3182023.91,atm,west zone,Kerala,Meena Iyer,Failed,Cash Deposit - Loan Against Property - Oct 2015,572764.3,296.19,2608963.42
TXN5994948,CUST16840,09-10-2017,Loan Disbursal,PRD0002,Personal Loan,1451155.34,ATM,WEST ZONE,TELANGANA,Rajesh Sharma,Pending,Loan Disbursal - Personal Loan - Oct 2017,261207.96,421.35,1189526.03
TXN8905550,CUST89802,28-12-2015,Cash Deposit,PRD0009,Savings Account,1440470.81,NEFT/RTGS,East Zone,Madhya Pradesh,Sunita Rao,Pending ,Cash Deposit - Savings Account - Dec 2015,0,428.19,Rs.1440042.62
TXN2240684,CUST34323,13-08-2023,NEFT,PRD0009,Savings Account,2324582.38,Internet Banking,South Zone,MADHYA PRADESH,ANITA BOSE,Failed,NEFT - Savings Account - Aug 2023,0,250.12,2324332.26
TXN7933155,CUST29331,11-07-2016,Cash Deposit,PRD0013,INSURANCE,1926264.5,NEFT/RTGS,Central Zone,Tamil Nadu,Nitin Joshi,Pending,Cash Deposit - Insurance - Feb 2022,346727.61,54.72,1579482.17
TXN1806339,CUST14555,26-05-2023,Penalty Charge,PRD0007,Loan Against Property,1706135.98,ATM,East Zone,DELHI,Kavitha Subramanian,Pending,Penalty Charge - Loan Against Property - May 2023,0,161.73,1705974.25
TXN1567673,CUST22695,30-08-2014,UPI,PRD0013,Insurance,4492192.91,Phone Banking,south zone,maharashtra,Deepa Krishnan,Pending,UPI - Insurance - Aug 2014,0,440.76,4491752.15
TXN8814225,CUST54852,31-10-2017,NEFT,PRD0014,OD Facility,812532.47,Phone Banking,North Zone,Odisha,Anita Bose,Pending,NEFT - OD Facility - Oct 2017,146255.84,51.38,666225.25
TXN8893135,CUST74828,28-11-2022,UPI,PRD0010,Fixed Deposit,1777115.13,  Internet Banking,CENTRAL ZONE,West Bengal,SANJAY GUPTA,Completed,UPI - Fixed Deposit - Nov 2022,319880.72,97.86,1457136.55
TXN2061883,CUST82357,26-11-2017,rtgs,PRD0006,Business Loan,3515139.91,  ATM,Central Zone,Telangana,Sunita Rao,Reversed,RTGS - Business Loan - Dec 2016,0,338.82,3514801.09
TXN9243544,CUST12867,20-Nov-20,Credit,PRD0002,Personal Loan,4288128.9,  NEFT/RTGS,North Zone,TAMIL NADU,Sunita Rao,Completed,Credit - Personal Loan - Nov 2020,771863.2,129.19,3516136.51
TXN9989926,CUST17263,08-05-2024,  NEFT,PRD0006,Business Loan,4623207.4,Mobile App,south zone,Rajasthan,Sanjay Gupta,Under Review,NEFT - Business Loan - May 2024,832177.33,469.06,3790561.01
TXN9568444,CUST25162,08-Apr-15,  UPI,PRD0017,Auto Loan,1318676.69,POS,South Zone,Haryana,Vijay Kumar,Reversed,UPI - Auto Loan - Apr 2015,0,26.65,1318650.04
TXN7160042,CUST22695,03-05-2022,Penalty Charge,PRD0013,Insurance,1209390.1,ATM,North Zone,Karnataka,Ramesh Yadav,Under Review,Penalty Charge - Insurance - Mar 2024,0,255.7,1209134.4
TXN9167341,CUST26144,25-06-2011,Cash Withdrawal,PRD0014,od facility,1327947.66,  Internet Banking,Central Zone,Kerala,Nitin Joshi,Pending,Cash Withdrawal - OD Facility - Oct 2025,0,145,1327802.66
TXN8534959,CUST66371,21-Nov-20,Cash Deposit,PRD0066,  Fixed Deposit,3228817.93,PHONE BANKING,East Zone,uttar pradesh,Amit Patel,Reversed,Cash Deposit - Fixed Deposit - Nov 2020,0,318.11,3228499.82
TXN5396359,CUST19743,15-12-2019,Interest Credit,PRD0011,Recurring Deposit,3309918.81,NEFT/RTGS,Central Zone,Andhra Pradesh,Amit Patel,Failed,Interest Credit - Recurring Deposit - Dec 2019,595785.39,298.38,2713835.04
TXN6663037,CUST13847,06-12-2021,Cash Withdrawal,PRD0006,Business Loan,3565742.45,POS,East Zone,Telangana,Ramesh Yadav,Pending,Cash Withdrawal - Business Loan - Jun 2021,641833.64,32.01,2923876.8
TXN5903799,CUST80593,07-01-2019,IMPS,PRD0011,Recurring Deposit,3344295.86,atm,North Zone,MAHARASHTRA,Kavitha Subramanian,Failed,IMPS - Recurring Deposit - Nov 2024,0,235.87,2742086.74
TXN1466436,CUST72285,30-09-2013,penalty charge,PRD0010,Fixed Deposit,3264949.76,  ATM,West Zone,ODISHA,Sanjay Gupta,SUCCESS,Penalty Charge - Fixed Deposit - Aug 2023,587690.96,66.85,2677191.95
TXN5698470,CUST12867,01-02-2018,Penalty Charge,PRD0010,Fixed Deposit,3555781,neft/rtgs,South Zone,Maharashtra,SUNITA RAO,Completed,Penalty Charge - Fixed Deposit - Dec 2017,640040.58,458.29,2915282.13
TXN8050615,CUST12867,10-12-2017,Penalty Charge,PRD0010,Fixed Deposit,3555781,NEFT/RTGS,South Zone,Maharashtra,Sunita Rao,Completed,Penalty Charge - Fixed Deposit - Dec 2017,640040.58,458.29,2915282.13
TXN8519880,CUST57543,25-Jul-12,Debit,PRD0001,Home Loan,3278609.49,NEFT/RTGS,East Zone,west bengal,Rajesh Sharma,Reversed,Debit - Home Loan - Jul 2012,Rs.590149.71,297.36,Rs.2688162.42
TXN7285899,CUST60990,09-09-2025,RTGS,PRD0004,Gold Loan,1921859.89,ATM,South Zone,Karnataka,nitin joshi,Pending,RTGS - Gold Loan - Sep 2025,345934.78,395.25,1575529.86
TXN6856763,CUST32746,01-11-2013,RTGS,PRD0012,Mutual Fund,4097758.28,BRANCH,Central Zone,Gujarat,ramesh yadav,Failed,RTGS - Mutual Fund - Nov 2013,737596.49,4.37,3360157.42
TXN2771425,CUST72505,04-06-2015,IMPS,PRD0014,OD Facility,Rs.3189117.52,ATM,West Zone,punjab,Amit Patel,Failed,IMPS - OD Facility - Apr 2015,574041.15,252.87,2614823.5
TXN7908871,CUST50378,29-03-2019,  Transfer,PRD0002,Personal Loan,1943942.64,Internet Banking,EAST ZONE,Maharashtra,Lalita Devi,Pending,Transfer - Personal Loan - Mar 2019,349909.68,109.88,1593923.08
TXN7534181,CUST55075,19-09-2015,IMPS,PRD0009,Savings Account,1770068.78,PHONE BANKING,West Zone,Maharashtra,  Meena Iyer,Under Review,IMPS - Savings Account - Sep 2018,0,209.6,1769859.18
TXN5799540,CUST81658,04-06-2016,EMI Payment,PRD0007,loan against property,752262.48,POS,North Zone,Gujarat,Mohan Das,Reversed,EMI Payment - Loan Against Property - Apr 2016,0,228.29,752034.19
TXN5456105,CUST28117,26-06-2011,EMI Payment,PRD0009,Savings Account,4014020.03,  ATM,Central Zone,Karnataka,Amit Patel,Completed,EMI Payment - Savings Account - Jun 2011,0,273.02,4013747.01
TXN2398002,CUST25162,01-03-2025,Transfer,PRD0010,FIXED DEPOSIT,3400207.91,NEFT/RTGS,South Zone,Kerala,kavitha subramanian,Completed,Transfer - Fixed Deposit - Mar 2025,612037.42,297.86,2787872.63
TXN9064790,CUST46935,19-Feb-25,LOAN DISBURSAL,PRD0008,Credit Card,Rs.1454969.66,Branch,North Zone,MAHARASHTRA,RAMESH YADAV,Failed,Loan Disbursal - Credit Card - Feb 2025,261894.54,279.03,1192796.09
TXN6706466,CUST43619,07-01-2019,penalty charge,PRD0005,Education Loan,2884467.92,ATM,West Zone,TAMIL NADU,Priya Nair,Pending,Penalty Charge - Education Loan - Dec 2015,519204.23,154.18,2365109.51
TXN7385955,CUST48063,29-03-2025,IMPS,PRD0014,OD Facility,3970851.52,INTERNET BANKING,West Zone,Uttar Pradesh,Kavitha Subramanian,Failed,IMPS - OD Facility - Mar 2021,0,263.69,3970587.83
TXN5397757,CUST90117,26-Jan-14,Penalty Charge,PRD0009,Savings Account,953297.25,NEFT/RTGS,Central Zone,Andhra Pradesh,Amit Patel,Under Review,Penalty Charge - Savings Account - Jan 2014,171593.51,497.07,781206.67
TXN5811805,CUST77559,24-03-2014,EMI Payment,PRD0001,Home Loan,1284523.39,POS,Central Zone,Andhra Pradesh,Lalita Devi,Completed,EMI Payment - Home Loan - Dec 2025,231214.21,393.96,1052915.22
TXN1516968,CUST43408,26-Jan-13,Credit,PRD0002,Personal Loan,687733.75,Internet Banking,North Zone,WEST BENGAL,Arun Mehta,Completed,Credit - Personal Loan - Jan 2013,123792.07,343.96,563597.72
TXN7801991,CUST17458,10-07-2025,Debit,PRD0012,Mutual Fund,4924825.5,ATM,West Zone,MADHYA PRADESH,Sanjay Gupta,SUCCESS,Debit - Mutual Fund - Oct 2022,886468.59,105.36,4038251.55
TXN4998007,CUST83716,15-10-2024,UPI,PRD0001,Home Loan,3639704.27,Branch,West Zone,Odisha,Priya Nair,Completed,UPI - Home Loan - Oct 2024,655146.77,347.09,2984210.41
TXN9276201,CUST94008,27-11-2016,NEFT,PRD0009,SAVINGS ACCOUNT,918850.9,NEFT/RTGS,south zone,Kerala,Priya Nair,Under Review,NEFT - Savings Account - Nov 2016,165393.16,64.89,753392.85
TXN3304571,CUST60342,13-05-2013,  Cash Withdrawal,PRD0002,Personal Loan,2782569.1,ATM,West Zone,Rajasthan,mohan das,Failed,Cash Withdrawal - Personal Loan - May 2013,0,Rs.56.08,2782513.02
TXN1849198,CUST65236,09-01-2011,IMPS,PRD0011,Recurring Deposit,975002.55,POS,West Zone,Punjab,Meena Iyer,Reversed,IMPS - Recurring Deposit - Jan 2011,175500.46,17.96,799484.13
TXN6923011,CUST14555,26-Sep-13,interest credit,PRD0003,  Auto Loan,4036042.69,NEFT/RTGS,Central Zone,andhra pradesh,SHREYA JOSHI,Under Review,Interest Credit - Home Loan - Sep 2013,0,65.67,4035977.02
TXN6013866,CUST91490,06-02-2022,Transfer,PRD0013,Insurance,3338942.21,ATM,Central Zone,Andhra Pradesh,Rajesh Sharma,Pending,Transfer - Insurance - Feb 2022,601009.6,401.8,2737530.81
TXN7905410,CUST69151,07-07-2018,Interest Credit,PRD0011,Recurring Deposit,2304209.27,Internet Banking,NORTH ZONE,tamil nadu,Nitin Joshi,Reversed,Interest Credit - Recurring Deposit - Jul 2018,414757.67,140.86,1889310.74
TXN3332019,CUST43518,10-12-2018,Debit,PRD0014,OD Facility,3374922.44,pos,SOUTH ZONE,Tamil Nadu,AMIT PATEL,Failed,Debit - OD Facility - Oct 2018,Rs.607486.04,410.33,2767026.07
TXN5638453,CUST27495,12-06-2021,Credit,PRD0017,Auto Loan,4826824.88,Internet Banking,Central Zone,West Bengal,PRIYA NAIR,Pending,Credit - Auto Loan - Jun 2021,0,93.68,4826731.2
TXN4161130,CUST10820,12-09-2020,Penalty Charge,PRD0010,Fixed Deposit,330455.58,POS,west zone,Maharashtra,Kavitha Subramanian,Pending,Penalty Charge - Fixed Deposit - Mar 2022,59482,156.82,270816.76
TXN5810772,CUST13847,25-06-2023,  RTGS,PRD0004,gold loan,956546.24,  POS,Central Zone,Delhi,Rajesh Sharma,failed,RTGS - Gold Loan - Jun 2023,172178.32,361.79,784006.13
TXN8114035,CUST59528,10-12-2020,Interest Credit,PRD0002,Personal Loan,1211804.14,Mobile App,East Zone,Haryana,Meena Iyer,Under Review,Interest Credit - Personal Loan - Oct 2020,0,466.89,1211337.25
TXN3349329,CUST61697,03-11-2016,EMI Payment,PRD0012,Mutual Fund,3060269.82,BRANCH,South Zone,Gujarat,  Amit Patel,Under Review,EMI Payment - Mutual Fund - Jun 2012,0,356.23,3059913.59
TXN4145606,CUST95789,18-04-2018,Interest Credit,PRD0011,Recurring Deposit,1003605.95,Phone Banking,East Zone,kerala,Anita Bose,Reversed,Interest Credit - Recurring Deposit - Aug 2021,0,177.95,1003428
TXN9300007,CUST60326,01-07-2023,Cash Withdrawal,PRD0008,Credit Card,1534850.03,  ATM,Central Zone,Gujarat,Deepa Krishnan,Pending,Cash Withdrawal - Credit Card - Jul 2023,276273.01,391.87,1258185.15
TXN1047094,CUST70786,09-Jul-19,PENALTY CHARGE,PRD0004,Gold Loan,4212293.93,Internet Banking,Central Zone,Kerala,anita bose,Under Review,Penalty Charge - Gold Loan - Jul 2019,0,217.76,4212076.17
TXN1263927,CUST42487,15-09-2014,RTGS,PRD0002,Personal Loan,250918,Branch,East Zone,TAMIL NADU,Mohan Das,Completed,RTGS - Personal Loan - Jul 2015,0,82.55,205670.21
TXN5999053,CUST81654,13-10-2010,Debit,PRD0008,Credit Card,2563271.45,Internet Banking,East Zone,kerala,nitin joshi,Under Review,Debit - Credit Card - Oct 2010,461388.86,12.84,Rs.2101869.75
TXN5330944,CUST23555,09-11-2017,UPI,PRD0002,  Personal Loan,4850981.94,phone banking,East Zone,Madhya Pradesh,Arun Mehta,Under Review,UPI - Personal Loan - Nov 2017,0,341.82,3977463.37
TXN8866409,CUST25300,26-06-2013,penalty charge,PRD0017,Auto Loan,898164.48,neft/rtgs,WEST ZONE,madhya pradesh,Sanjay Gupta,Reversed,Penalty Charge - Auto Loan - Jun 2013,161669.61,458.66,736036.21
TXN2156659,CUST62797,25-04-2020,debit,PRD0009,Savings Account,1703794.51,Mobile App,South Zone,Telangana,amit patel,completed,Debit - Savings Account - Apr 2020,306683.01,103,1397008.5
TXN7074144,CUST69998,09-08-2019,Credit,PRD0017,auto loan,2078484.46,Mobile App,South Zone,West Bengal,ramesh yadav,Failed,Credit - Auto Loan - Feb 2016,374127.2,134.43,1704222.83
TXN9558933,CUST87303,14-Oct-17,Credit,PRD0008,Credit Card,3861690.12,Mobile App,East Zone,Telangana,Lalita Devi,Reversed,Credit - Credit Card - Oct 2017,0,263.46,3861426.66
TXN2962870,CUST59528,03-11-2016,Debit,PRD0013,insurance,3857585.56,Branch,West Zone,Tamil Nadu,Sanjay Gupta,Under Review,Debit - Insurance - Jun 2024,694365.4,380.37,3162839.79
TXN8372601,CUST34164,11-01-2022,EMI Payment,PRD0008,Credit Card,567124.54,POS,East Zone,Karnataka,  Vijay Kumar,Completed,EMI Payment - Credit Card - Aug 2013,102082.42,79.47,464962.65
TXN8373160,CUST49152,09-05-2023,Transfer,PRD0001,Home Loan,Rs.335544.09,atm,West Zone,ANDHRA PRADESH,Rajesh Sharma,Under Review,Transfer - Home Loan - Nov 2012,60397.94,439.63,274706.52
TXN3840862,CUST46935,31-Oct-24,IMPS,PRD0004,Gold Loan,1491353.54,Branch,Central Zone,Gujarat,kavitha subramanian,COMPLETED,IMPS - Gold Loan - Oct 2024,268443.64,440.06,1222469.84
TXN9311920,CUST12867,01-02-2018,Cash Withdrawal,PRD0001,Home Loan,3983241.54,POS,EAST ZONE,gujarat,Rajesh Sharma,Completed,Cash Withdrawal - Home Loan - Sep 2019,716983.48,48.73,3266209.33
TXN3967013,CUST28558,16-07-2019,EMI Payment,PRD0004,Gold Loan,2008301.82,Phone Banking,West Zone,Karnataka,Rajesh Sharma,Completed,EMI Payment - Gold Loan - Jul 2019,0,459.1,2007842.72
TXN4765820,CUST72394,18-03-2012,Loan Disbursal,PRD0007,Loan Against Property,1417145.87,internet banking,  Central Zone,Karnataka,  Meena Iyer,Completed,Loan Disbursal - Loan Against Property - Mar 2016,255086.26,187.5,1161872.11
TXN8565802,CUST72394,03-09-2016,Loan Disbursal,PRD0007,Loan Against Property,1417145.87,Internet Banking,South Zone,Karnataka,Meena Iyer,Completed,Loan Disbursal - Loan Against Property - Mar 2016,255086.26,187.5,1161872.11
TXN3209734,CUST62989,16-12-2020,Cash Withdrawal,PRD0008,Credit Card,525762.77,ATM,West Zone,Kerala,Nitin Joshi,Under Review,Cash Withdrawal - Credit Card - Dec 2020,94637.3,39.96,431085.51
TXN3744535,CUST62286,13-10-2016,  RTGS,PRD0010,Fixed Deposit,1907038.32,pos,West Zone,Karnataka,Sanjay Gupta,Failed,RTGS - Fixed Deposit - Oct 2016,0,40.36,1906997.96
TXN2420659,CUST83755,09-02-2017,IMPS,PRD0004,Gold Loan,709394.28,Mobile App,WEST ZONE,Odisha,Kavitha Subramanian,Pending,IMPS - Gold Loan - Sep 2017,0,498.36,708895.92
TXN1865914,CUST74922,02-06-2020,EMI Payment,PRD0012,mutual fund,717245.94,PHONE BANKING,West Zone,Telangana,  Sanjay Gupta,Under Review,EMI Payment - Mutual Fund - Jun 2020,129104.27,54.95,588086.72
TXN8100153,CUST73941,04-07-2020,Transfer,PRD0011,Recurring Deposit,Rs.1028205.4,Phone Banking,East Zone,Odisha,  Amit Patel,Completed,Transfer - Recurring Deposit - Jul 2020,0,242.19,4410442.72
TXN4023827,CUST60079,27-12-2019,Cash Withdrawal,PRD0004,gold loan,1956654.94,  Branch,Central Zone,Punjab,PRIYA NAIR,Completed,Cash Withdrawal - Gold Loan - Dec 2019,0,60.85,1956654.94
TXN6754456,CUST34164,10-Dec-21,UPI,PRD0012,mutual fund,1330219.83,Branch,south zone,Karnataka,Nitin Joshi,Completed,UPI - Mutual Fund - Dec 2021,239439.57,0,1090335.67
TXN4699242,CUST39355,08-01-2014,Loan Disbursal,PRD0004,Gold Loan,4778850.07,ATM,North Zone,Telangana,Vijay Kumar,Reversed,Loan Disbursal - Gold Loan - Jan 2014,860193.01,382.41,3918274.65
TXN6214569,CUST92203,09-07-2019,IMPS,PRD0014,OD Facility,2217604.28,mobile app,Central Zone,Delhi,Kavitha Subramanian,Pending,IMPS - OD Facility - Jul 2019,Rs.0,233.25,2217371.03
TXN1575574,CUST66371,03-03-2016,RTGS,PRD0002,PERSONAL LOAN,1363574.35,POS,SOUTH ZONE,Punjab,Sunita Rao,Under Review,RTGS - Personal Loan - Mar 2016,0,382.2,1363192.15
TXN1840682,CUST13385,04-06-2011,UPI,PRD0010,Fixed Deposit,4215299.66,Branch,Central Zone,Gujarat,SUNITA RAO,Reversed,UPI - Fixed Deposit - Jun 2011,758753.94,411.09,3456134.63
TXN4715777,CUST13385,06-04-2011,UPI,PRD0010,Fixed Deposit,4215299.66,Branch,East Zone,Gujarat,Sunita Rao,Completed,UPI - Fixed Deposit - Jun 2011,758753.94,411.09,3456134.63
TXN4237663,CUST31337,26-01-2011,UPI,PRD0013,Insurance,2357522.56,POS,West Zone,Haryana,Arun Mehta,Reversed,UPI - Insurance - Jan 2011,424354.06,193.66,1932974.84
TXN2319624,CUST95200,24-06-2021,rtgs,PRD0014,OD Facility,Rs.923690.56,MOBILE APP,Central Zone,Haryana,Rajesh Sharma,Reversed,RTGS - OD Facility - Jun 2021,0,35.83,923654.73
TXN9828783,CUST96200,06-06-2014,UPI,PRD0013,INSURANCE,158957.24,POS,West Zone,HARYANA,Sunita Rao,Reversed,UPI - Insurance - Jun 2014,0,461.5,158495.74
TXN2406648,CUST63197,12-03-2024,INTEREST CREDIT,PRD0011,Recurring Deposit,3503054.56,mobile app,East Zone,Karnataka,Mohan Das,Failed,Interest Credit - Recurring Deposit - Mar 2024,630549.82,256.5,2872248.24
TXN2678919,CUST61347,19-05-2010,  RTGS,PRD0066,  Fixed Deposit,4805231.69,branch,South Zone,Uttar Pradesh,Vijay Kumar,Failed,RTGS - Fixed Deposit - May 2010,0,87.52,3940202.47
TXN7617866,CUST77672,08-02-2018,Credit,PRD0004,Gold Loan,247315.65,POS,West Zone,Karnataka,Vijay Kumar,Completed,Credit - Gold Loan - Aug 2018,44516.82,308.41,202490.42
TXN4778553,CUST88956,09-May-19,UPI,PRD0011,Recurring Deposit,3235941.99,Internet Banking,West Zone,Delhi,Ramesh Yadav,Under Review,UPI - Recurring Deposit - May 2019,0,134.68,3235807.31
TXN3784695,CUST51151,02-09-2019,Interest Credit,PRD0011,RECURRING DEPOSIT,1333405.03,POS,North Zone,GUJARAT,Deepa Krishnan,Under Review,Interest Credit - Recurring Deposit - Sep 2019,240012.91,469.93,1092922.19
TXN1915751,CUST53911,11-09-2014,UPI,PRD0014,OD Facility,Rs.4916.62,  Internet Banking,West Zone,Maharashtra,Vijay Kumar,Pending,UPI - OD Facility - Sep 2018,0,466.6,4450.02
TXN9282453,CUST77672,15-03-2014,Credit,PRD0017,Auto Loan,4721282.6,NEFT/RTGS,North Zone,Telangana,Mohan Das,Reversed,Credit - Auto Loan - Mar 2014,849830.87,78.55,3871373.18
TXN9603430,CUST52384,26-01-2018,Credit,PRD0001,Home Loan,4737469.11,  ATM,East Zone,Odisha,Amit Patel,Under Review,Credit - Home Loan - Jan 2018,852744.44,256.47,3884468.2
TXN9889339,CUST22736,22-01-2020,NEFT,PRD0008,Credit Card,4546686.19,  ATM,East Zone,Odisha,Lalita Devi,Reversed,NEFT - Credit Card - Jan 2020,818403.51,371.59,3727911.09
TXN3472806,CUST59054,19-07-2019,Transfer,PRD0005,Education Loan,3186586.76,Internet Banking,East Zone,Telangana,rajesh sharma,Under Review,Transfer - Education Loan - Jul 2019,573585.62,102.98,2612898.16
TXN7374408,CUST58140,26-12-2016,Cash Withdrawal,PRD0008,Credit Card,Rs.3284275.07,atm,central zone,MAHARASHTRA,Deepa Krishnan,SUCCESS,Cash Withdrawal - Credit Card - Dec 2016,0,192.68,3284082.39
TXN9910427,CUST58140,26-12-2016,Cash Withdrawal,PRD0008,Credit Card,3284275.07,ATM,Central Zone,Maharashtra,Deepa Krishnan,Completed,Cash Withdrawal - Credit Card - Dec 2016,0,192.68,3284082.39
TXN9801111,CUST64651,29-Sep-20,Loan Disbursal,PRD0002,Personal Loan,1736133.14,Phone Banking,West Zone,Madhya Pradesh,Vijay Kumar,Reversed,Loan Disbursal - Personal Loan - Sep 2020,312503.97,172.24,1423456.93
TXN9347139,CUST24029,08-02-2022,EMI Payment,PRD0002,Personal Loan,379874.73,Phone Banking,South Zone,Andhra Pradesh,mohan das,Failed,EMI Payment - Personal Loan - Dec 2022,68377.45,0,311421.84
TXN2651512,CUST83755,29-04-2022,NEFT,PRD0006,Business Loan,1785014.86,POS,south zone,Andhra Pradesh,Priya Nair,Completed,NEFT - Business Loan - Apr 2022,321302.67,451.36,1463260.83
TXN9231491,CUST88561,03-Sep-12,IMPS,PRD0003,  Auto Loan,4882323.03,  Mobile App,Central Zone,HARYANA,Ramesh Yadav,SUCCESS,IMPS - Savings Account - Sep 2012,878818.15,400.7,4003104.18
TXN3805897,CUST88561,03-09-2012,IMPS,PRD0009,Savings Account,4882323.03,Mobile App,Central Zone,Haryana,Ramesh Yadav,Completed,IMPS - Savings Account - Sep 2012,878818.15,400.7,4003104.18
TXN6728773,CUST33206,09-Jul-25,  Debit,PRD0009,Savings Account,3398072.58,ATM,Central Zone,Uttar Pradesh,Deepa Krishnan,Under Review,Debit - Savings Account - Jul 2025,0,100.9,3397971.68
TXN9975865,CUST69998,02-02-2022,transfer,PRD0008,Credit Card,2849461.59,Internet Banking,West Zone,Maharashtra,Dhruv Rao,Under Review,Transfer - Credit Card - Feb 2022,0,285.48,2849176.11
TXN6224294,CUST68554,16-09-2024,Penalty Charge,PRD0012,Mutual Fund,3865726.56,NEFT/RTGS,  West Zone,Rajasthan,Lalita Devi,Failed,Penalty Charge - Mutual Fund - Sep 2024,0,168.99,3865557.57
TXN3132115,CUST21053,27-03-2016,Penalty Charge,PRD0003,  Auto Loan,3646885.82,neft/rtgs,South Zone,Madhya Pradesh,  Kavitha Subramanian,Failed,Penalty Charge - Loan Against Property - Mar 2016,656439.45,458.23,2989988.14
TXN4252251,CUST38329,22-01-2010,NEFT,PRD0008,Credit Card,4322654.31,POS,north zone,Kerala,priya pillai,Pending,NEFT - Credit Card - Jan 2010,0,251.71,4322402.6
TXN6544758,CUST30516,21-07-2016,IMPS,PRD0095,  Recurring Deposit,909071.27,ATM,South Zone,Telangana,NITIN JOSHI,Reversed,IMPS - Recurring Deposit - Jul 2016,163632.83,143.82,745294.62
TXN7362618,CUST91490,18-Jan-23,Loan Disbursal,PRD0010,Fixed Deposit,1365603.69,ATM,West Zone,Kerala,ARUN MEHTA,Completed,Loan Disbursal - Fixed Deposit - Jan 2023,245808.66,0,1119621.07
TXN3581378,CUST29215,29-06-2018,interest credit,PRD0002,  Personal Loan,1978934.42,Phone Banking,South Zone,  Gujarat,Arun Mehta,Reversed,Interest Credit - Personal Loan - Jun 2018,356208.2,78.4,Rs.1622647.82
TXN7869111,CUST37164,12-Aug-20,CASH WITHDRAWAL,PRD0006,Business Loan,4571673.46,MOBILE APP,Central Zone,Rajasthan,Meena Iyer,Failed,Cash Withdrawal - Business Loan - Aug 2020,0,494.34,4571179.12
TXN6539968,CUST74724,10-09-2011,EMI Payment,PRD0013,Insurance,3363940.23,Phone Banking,central zone,Punjab,Vijay Kumar,Pending,EMI Payment - Insurance - Nov 2015,0,110.87,3363829.36
TXN4866823,CUST20357,27-Jun-11,IMPS,PRD0008,Credit Card,628238.88,NEFT/RTGS,East Zone,Punjab,NITIN JOSHI,Completed,IMPS - Credit Card - Jun 2011,113083,360.48,514795.4
TXN7654502,CUST88956,13-May-24,Cash Withdrawal,PRD0002,PERSONAL LOAN,4320321.21,NEFT/RTGS,Central Zone,Maharashtra,Priya Nair,Completed,Cash Withdrawal - Personal Loan - May 2024,777657.82,378.41,3542284.98
TXN4564930,CUST24723,11-Feb-12,Cash Withdrawal,PRD0008,Credit Card,2578151.43,branch,East Zone,Madhya Pradesh,Arun Mehta,Under Review,Cash Withdrawal - Credit Card - Feb 2012,464067.26,479.85,2113604.32
TXN6725800,CUST77559,26-06-2014,IMPS,PRD0006,Business Loan,1020676.04,POS,EAST ZONE,Odisha,Sanjay Gupta,failed,IMPS - Business Loan - Jun 2014,183721.69,31.75,836922.6
TXN3248443,CUST54017,29-11-2020,IMPS,PRD0004,  Gold Loan,1324140.12,POS,North Zone,Tamil Nadu,Ramesh Yadav,Completed,IMPS - Gold Loan - Nov 2020,0,425.53,1323714.59
TXN1979776,CUST28350,31-07-2012,IMPS,PRD0017,Auto Loan,1099344.67,NEFT/RTGS,East Zone,Telangana,arun mehta,completed,IMPS - Auto Loan - Jul 2012,197882.04,435.6,901027.03
TXN8649012,CUST72505,11-11-2021,  Cash Withdrawal,PRD0013,INSURANCE,2943751.47,Internet Banking,North Zone,West Bengal,  Sunita Rao,Pending,Cash Withdrawal - Insurance - Nov 2021,529875.26,0,2413441.48
TXN3271332,CUST89405,01-03-2024,Transfer,PRD0011,Recurring Deposit,3904044.29,internet banking,North Zone,Telangana,sunita rao,Under Review,Transfer - Recurring Deposit - Feb 2023,0,Rs.17.45,3904026.84
TXN1163575,CUST19924,13-12-2015,  EMI Payment,PRD0005,education loan,3262648.39,Mobile App,East Zone,tamil nadu,Sanjay Gupta,Completed,EMI Payment - Education Loan - Dec 2015,0,79.46,3262568.93
TXN6868328,CUST60326,14-12-2018,rtgs,PRD0012,Mutual Fund,Rs.3770063.28,Mobile App,west zone,West Bengal,Deepa Krishnan,Failed,RTGS - Mutual Fund - Dec 2018,678611.39,86.45,3091365.44
TXN1869980,CUST58705,30-04-2020,cash withdrawal,PRD0005,Education Loan,1659965.61,Internet Banking,central zone,  Kerala,sanjay gupta,Pending,Cash Withdrawal - Education Loan - Apr 2020,0,166.83,1659798.78
TXN2822960,CUST31016,07-10-2014,INTEREST CREDIT,PRD0010,Fixed Deposit,4273324.9,Branch,West Zone,Karnataka,Deepa Krishnan,Under Review,Interest Credit - Fixed Deposit - Jul 2014,769198.48,455.51,Rs.3503670.91
TXN3367794,CUST69151,11-07-2024,Interest Credit,PRD0008,Credit Card,504274.39,POS,East Zone,Kerala,Kavitha Subramanian,completed,Interest Credit - Credit Card - Jul 2024,0,74.82,504199.57
TXN5537362,CUST59786,11-09-2015,upi,PRD0002,PERSONAL LOAN,4925334.77,ATM,south zone,Punjab,sunita rao,Pending,UPI - Personal Loan - Sep 2015,0,195.51,4925139.26
TXN8864520,CUST89802,06-11-2018,RTGS,PRD0009,savings account,Rs.4317161.56,POS,Central Zone,Haryana,PRIYA NAIR,Pending,RTGS - Savings Account - Mar 2018,0,351.96,4316809.6
TXN2930344,CUST89802,08-03-2018,RTGS,PRD0009,Savings Account,4317161.56,POS,Central Zone,Haryana,Priya Nair,Completed,RTGS - Savings Account - Mar 2018,0,351.96,4316809.6
TXN2937210,CUST23639,09-07-2012,Credit,PRD0007,Loan Against Property,4447087.39,POS,central zone,Maharashtra,Ramesh Yadav,Reversed,Credit - Loan Against Property - Jul 2012,800475.73,460.07,3646151.59
TXN2347759,CUST50812,26-Aug-23,credit,PRD0004,Gold Loan,4606759.13,Internet Banking,East Zone,Delhi,Meena Iyer,Pending,Credit - Gold Loan - Aug 2023,0,284.37,4606474.76
TXN7199694,CUST20874,01-07-2017,cash withdrawal,PRD0013,Insurance,3833765.49,NEFT/RTGS,West Zone,Maharashtra,Vijay Kumar,Under Review,Cash Withdrawal - Insurance - Jul 2017,Rs.690077.79,403.32,3143284.38
TXN4085378,CUST97852,13-02-2023,Interest Credit,PRD0002,Personal Loan,2385886.25,Internet Banking,North Zone,telangana,mohan das,Under Review,Interest Credit - Personal Loan - Feb 2023,429459.52,490.16,1955936.57
TXN8379028,CUST30152,06-06-2019,Transfer,PRD0014,OD Facility,1915847.02,  POS,North Zone,Andhra Pradesh,ANANYA VERMA,Pending,Transfer - OD Facility - Dec 2013,344852.46,466.95,1570527.61
TXN7974472,CUST64304,18-05-2013,Debit,PRD0011,Recurring Deposit,412392.56,Phone Banking,South Zone,Punjab,Lalita Devi,Pending,Debit - Recurring Deposit - Dec 2023,74230.66,281.81,337880.09
TXN2775865,CUST42441,04-07-2021,emi payment,PRD0008,Credit Card,1976461.24,  Branch,east zone,Andhra Pradesh,Anita Bose,Pending,EMI Payment - Credit Card - Jul 2021,355763.02,141.91,1620556.31
TXN7432117,CUST84873,23-06-2012,CASH WITHDRAWAL,PRD0017,Auto Loan,1638782.44,Mobile App,South Zone,DELHI,Priya Nair,Under Review,Cash Withdrawal - Auto Loan - Jun 2012,294980.84,224.23,1343577.37
TXN3140256,CUST81657,28-06-2025,Debit,PRD0009,Savings Account,1648901.74,Internet Banking,West Zone,  Delhi,arun mehta,Pending,Debit - Savings Account - Apr 2021,0,349.27,Rs.1648552.47
TXN8819165,CUST19924,01-02-2013,UPI,PRD0006,Business Loan,1207376.83,Branch,  West Zone,Telangana,Arun Mehta,Under Review,UPI - Business Loan - Jul 2019,217327.83,169.28,989879.72
TXN4079326,CUST75191,20-09-2021,Credit,PRD0013,Insurance,802021.34,Mobile App,East Zone,Madhya Pradesh,Ramesh Yadav,Pending,Credit - Insurance - Sep 2021,0,85.68,801935.66
TXN1256624,CUST92203,26-01-2022,RTGS,PRD0003,  Auto Loan,3238685.47,POS,East Zone,telangana,Priya Nair,Under Review,RTGS - Business Loan - Jan 2010,0,317.6,3238367.87
TXN7852811,CUST19743,10-09-2010,Loan Disbursal,PRD0007,loan against property,4561816.27,branch,West Zone,Maharashtra,Amit Patel,Pending,Loan Disbursal - Loan Against Property - Sep 2010,821126.93,83.59,3740605.75
TXN3907357,CUST53054,02-01-2021,CASH DEPOSIT,PRD0008,Credit Card,4663077.78,ATM,Central Zone,Andhra Pradesh,DEEPA KRISHNAN,Under Review,Cash Deposit - Credit Card - Jan 2021,839354,241.82,3823481.96
TXN1731258,CUST59786,06-12-2012,Debit,PRD0004,Gold Loan,Rs.1028205.4,  ATM,East Zone,West Bengal,Amit Patel,Under Review,Debit - Gold Loan - Dec 2012,0,136.23,1220317.22
TXN3621576,CUST45338,01-02-2016,Credit,PRD0006,Business Loan,3176591.95,  ATM,East Zone,Kerala,Amit Patel,Failed,Credit - Business Loan - Feb 2016,0,488.02,3176103.93
TXN4565754,CUST78742,04-05-2017,Credit,PRD0005,Education Loan,4163881.03,Internet Banking,EAST ZONE,Madhya Pradesh,Vijay Kumar,Reversed,Credit - Education Loan - Jul 2024,749498.59,405.32,3413977.12
TXN7347513,CUST78742,28-07-2024,Credit,PRD0005,Education Loan,4163881.03,Internet Banking,East Zone,Madhya Pradesh,Vijay Kumar,Completed,Credit - Education Loan - Jul 2024,749498.59,405.32,3413977.12
TXN5907531,CUST23159,05-08-2017,EMI Payment,PRD0008,Credit Card,36345.91,Branch,North Zone,Karnataka,Amit Patel,Under Review,EMI Payment - Credit Card - May 2017,0,444.94,35900.97
TXN4847736,CUST22492,27-Jan-15,  Transfer,PRD0012,Mutual Fund,1983338.85,Internet Banking,SOUTH ZONE,west bengal,Mohan Das,Under Review,Transfer - Mutual Fund - Jan 2015,0,428.85,1982910
TXN6381184,CUST94023,18-10-2014,Cash Withdrawal,PRD0011,Recurring Deposit,1755579.22,Branch,South Zone,Uttar Pradesh,Mohan Das,Under Review,Cash Withdrawal - Recurring Deposit - Oct 2014,316004.26,26.61,1439548.35
TXN1123770,CUST33458,26-08-2010,Debit,PRD0001,HOME LOAN,568960.78,POS,Central Zone,  Karnataka,Meena Iyer,Under Review,Debit - Home Loan - Aug 2010,102412.94,270.65,466277.19
TXN4605448,CUST80972,15-06-2013,Penalty Charge,PRD0009,SAVINGS ACCOUNT,Rs.4543935.54,Branch,  North Zone,Rajasthan,  Amit Patel,Pending,Penalty Charge - Savings Account - Jun 2013,817908.4,390.15,3725636.99
TXN5216709,CUST27451,11-04-2020,Credit,PRD0005,Education Loan,4066077.59,PHONE BANKING,North Zone,Haryana,Anita Bose,Under Review,Credit - Education Loan - Nov 2020,731893.97,0,3334099.01
TXN2825529,CUST33206,09-01-2022,transfer,PRD0001,Home Loan,2223584.46,NEFT/RTGS,Central Zone,West Bengal,Lalita Devi,Reversed,Transfer - Home Loan - Jan 2022,0,461.17,2223123.29
TXN4633872,CUST71875,14-06-2014,Cash Withdrawal,PRD0013,Insurance,4328312.4,NEFT/RTGS,Central Zone,  Haryana,Priya Nair,Under Review,Cash Withdrawal - Insurance - Jun 2014,779096.23,111.94,3549104.23
TXN4292548,CUST82357,26-11-2017,upi,PRD0017,Auto Loan,1440590.31,Branch,Central Zone,Gujarat,Arun Mehta,Reversed,UPI - Auto Loan - Oct 2015,0,294.61,1440295.7
TXN6950081,CUST55075,19-09-2015,RTGS,PRD0007,LOAN AGAINST PROPERTY,818374.85,Phone Banking,North Zone,Uttar Pradesh,ARUN MEHTA,SUCCESS,RTGS - Loan Against Property - Nov 2017,0,284.69,818090.16
TXN7257888,CUST34761,20-06-2013,penalty charge,PRD0014,OD Facility,202360.09,NEFT/RTGS,North Zone,ANDHRA PRADESH,Kavitha Subramanian,Pending ,Penalty Charge - OD Facility - Jun 2013,0,198.15,202161.94
TXN9033774,CUST48780,14-Sep-20,Cash Deposit,PRD0013,Insurance,2659341.46,Internet Banking,North Zone,Punjab,Priya Nair,Under Review,Cash Deposit - Insurance - Sep 2020,478681.46,Rs.120.21,2180539.79
TXN3395179,CUST13385,07-02-2015,Loan Disbursal,PRD0010,Fixed Deposit,3320481.11,Branch,North Zone,  Gujarat,Vijay Kumar,Reversed,Loan Disbursal - Fixed Deposit - Feb 2016,597686.6,282.97,2722511.54
TXN5180488,CUST58931,15-09-2014,  Cash Deposit,PRD0014,OD Facility,4158574.01,ATM,West Zone,Maharashtra,SUNITA RAO,Reversed,NEFT - OD Facility - Apr 2016,748543.32,392.73,3409637.96
TXN2856959,CUST49795,02-04-2011,CASH DEPOSIT,PRD0002,personal loan,4031457.78,Branch,south zone,Rajasthan,  Sunita Rao,Pending,Cash Deposit - Personal Loan - Apr 2011,725662.4,140.52,3305654.86
TXN7071093,CUST99226,05-12-2015,loan disbursal,PRD0014,  OD Facility,Rs.1746592.11,  Branch,central zone,Kerala,Meena Iyer,Failed,Loan Disbursal - OD Facility - Dec 2015,0,38.91,1746553.2
TXN3819192,CUST41925,24-04-2013,Cash Deposit,PRD0008,Credit Card,193028.31,Phone Banking,West Zone,West Bengal,Mohan Das,Pending,Cash Deposit - Credit Card - Apr 2013,0,234.62,192793.69
TXN4048225,CUST33458,17-03-2014,NEFT,PRD0008,Credit Card,53088.67,  ATM,South Zone,Delhi,Ramesh Yadav,Reversed,NEFT - Credit Card - Mar 2014,9555.96,41.85,43490.86
TXN3744941,CUST49152,05-Dec-23,Penalty Charge,PRD0006,Business Loan,3371657.96,Phone Banking,Central Zone,Kerala,Amit Patel,Reversed,Penalty Charge - Business Loan - Dec 2023,0,219.31,2764540.22
TXN3130219,CUST84455,29-02-2020,NEFT,PRD0010,Fixed Deposit,1626014.2,  Mobile App,East Zone,Uttar Pradesh,Deepa Krishnan,Under Review,NEFT - Fixed Deposit - Sep 2022,0,Rs.265.76,1625748.44
TXN6355819,CUST49152,18-10-2010,EMI PAYMENT,PRD0007,LOAN AGAINST PROPERTY,301145.52,pos,North Zone,Maharashtra,Mohan Das,Pending ,EMI Payment - Loan Against Property - Oct 2010,54206.19,345.28,246594.05
TXN7535951,CUST67065,03-03-2018,Debit,PRD0011,Recurring Deposit,2554012.24,phone banking,East Zone,Delhi,Meena Iyer,Completed,Debit - Recurring Deposit - Mar 2018,459722.2,151.53,2094138.51
TXN6434470,CUST79515,26-04-2025,TRANSFER,PRD0013,Insurance,740306.85,POS,north zone,Punjab,Amit Patel,Failed,Transfer - Insurance - Apr 2025,133255.23,411.94,606639.68
TXN1722494,CUST75251,15-02-2017,Transfer,PRD0014,OD Facility,4965062.13,ATM,central zone,Andhra Pradesh,Priya Nair,Pending,Transfer - OD Facility - Feb 2017,893711.18,118.7,4071232.25
TXN3388329,CUST17263,19-08-2019,cash deposit,PRD0014,OD Facility,3375463.08,Internet Banking,central zone,Telangana,Priya Nair,Reversed,Cash Deposit - OD Facility - May 2016,607583.35,4.83,2767874.9
TXN4908529,CUST50037,11-06-2022,neft,PRD0011,Recurring Deposit,2852603.27,Internet Banking,East Zone,West Bengal,Anita Bose,Pending,NEFT - Recurring Deposit - Jun 2022,513468.59,247.07,2338887.61
TXN9456637,CUST36013,30-Sep-25,Loan Disbursal,PRD0007,Loan Against Property,4900689.56,Phone Banking,NORTH ZONE,Andhra Pradesh,Nitin Joshi,Reversed,Loan Disbursal - Loan Against Property - Sep 2025,882124.12,212.75,4018352.69
TXN8586073,CUST77552,06-06-2019,Transfer,PRD0007,Loan Against Property,1968891.73,branch,Central Zone,Odisha,Priya Nair,Pending,Transfer - Loan Against Property - Nov 2011,0,449.66,1968442.07
TXN2305483,CUST16076,30-03-2011,Cash Deposit,PRD0014,OD Facility,183804.71,POS,North Zone,  Madhya Pradesh,Sunita Rao,Failed,Cash Deposit - OD Facility - Mar 2011,33084.85,47.11,150672.75
TXN2911862,CUST80686,20-03-2022,imps,PRD0008,credit card,4519969.34,Mobile App,South Zone,Delhi,Sanjay Gupta,Pending,IMPS - Credit Card - Aug 2014,813594.48,92.89,3706281.97
TXN5008652,CUST95789,12-04-2015,Interest Credit,PRD0003,  Auto Loan,312833.15,  ATM,North Zone,Punjab,Lalita Devi,Completed,Loan Disbursal - Credit Card - Dec 2015,56309.97,80.34,256442.84
TXN6238997,CUST33281,22-06-2023,  Cash Withdrawal,PRD0010,fixed deposit,2583347,Phone Banking,North Zone,GUJARAT,LALITA DEVI,Pending,Cash Withdrawal - Fixed Deposit - Jun 2023,465002.46,221.13,2118123.41
TXN8713157,CUST69566,06-02-2017,Cash Withdrawal,PRD0007,Loan Against Property,4151368.82,neft/rtgs,West Zone,Haryana,Vijay Kumar,Completed,Cash Withdrawal - Loan Against Property - Feb 2017,747246.39,258.14,3403864.29
TXN1339952,CUST97304,25-04-2010,NEFT,PRD0003,  Auto Loan,4680869.06,Internet Banking,South Zone,Tamil Nadu,Priya Nair,Completed,NEFT - Personal Loan - Nov 2015,842556.43,480.9,3837831.73
TXN4206806,CUST27284,11-Nov-14,EMI Payment,PRD0006,Business Loan,218876.44,pos,West Zone,Delhi,mohan das,Reversed,EMI Payment - Business Loan - Nov 2014,39397.76,0,179311.93
TXN5042085,CUST75350,27-02-2010,Transfer,PRD0007,Loan Against Property,176362.92,ATM,WEST ZONE,Andhra Pradesh,Priya Nair,Pending ,Transfer - Loan Against Property - Feb 2010,0,378.42,175984.5
TXN4727761,CUST23614,26-11-2017,Transfer,PRD0012,Mutual Fund,811294.49,Internet Banking,  West Zone,RAJASTHAN,Anita Bose,Completed,Transfer - Mutual Fund - Jun 2017,146033.01,446.29,664815.19
TXN7519287,CUST36186,14-02-2020,RTGS,PRD0008,CREDIT CARD,1284236.86,Phone Banking,North Zone,delhi,Amit Patel,Completed,RTGS - Credit Card - Feb 2020,231162.63,474.87,1052599.36
TXN2275865,CUST28117,08-Apr-18,IMPS,PRD0009,Savings Account,1424597.64,POS,South Zone,haryana,Lalita Devi,Under Review,IMPS - Savings Account - Apr 2018,0,220.42,1424377.22
TXN2516490,CUST58705,13-04-2013,Debit,PRD0096,  Mutual Fund,3933958.95,mobile app,South Zone,west bengal,Amit Patel,Pending,Debit - Mutual Fund - Apr 2013,708112.61,216.58,3225629.76
TXN1426422,CUST59528,03-11-2016,NEFT,PRD0006,BUSINESS LOAN,4226936.56,POS,North Zone,Haryana,Deepa Krishnan,Pending,NEFT - Business Loan - Aug 2024,760848.58,383.27,3465704.71
TXN4785212,CUST23555,09-02-2015,Cash Withdrawal,PRD0010,Fixed Deposit,1132451.49,Mobile App,SOUTH ZONE,Tamil Nadu,Priya Nair,Under Review,Penalty Charge - Fixed Deposit - Feb 2015,0,483.85,928126.37
TXN4657699,CUST81476,13-07-2012,Penalty Charge,PRD0010,Fixed Deposit,3474443.16,Branch,south zone,West Bengal,Sunita Rao,Under Review,Penalty Charge - Fixed Deposit - Jul 2012,625399.77,209.6,2848833.79
TXN8712239,CUST27428,04-07-2020,Interest Credit,PRD0007,Loan Against Property,3618617.81,Mobile App,Central Zone,Madhya Pradesh,Anita Bose,Pending,Interest Credit - Loan Against Property - Jan 2014,0,179.74,3618438.07
TXN5946604,CUST31705,25-Apr-22,Loan Disbursal,PRD0011,Recurring Deposit,403390.55,Phone Banking,South Zone,West Bengal,Rajesh Sharma,Under Review,EMI Payment - Recurring Deposit - Apr 2022,72610.3,277.32,330502.93
TXN8304204,CUST69151,14-May-18,NEFT,PRD0002,Personal Loan,2554547.28,NEFT/RTGS,North Zone,Punjab,Meena Iyer,Pending,NEFT - Personal Loan - May 2018,0,365.49,2554181.79
TXN9469851,CUST56990,09-04-2019,Credit,PRD0008,CREDIT CARD,4540547.93,Phone Banking,West Zone,Telangana,Amit Patel,COMPLETED,Credit - Credit Card - Sep 2021,0,21.3,4540526.63
TXN6838286,CUST75494,25-07-2016,Loan Disbursal,PRD0004,Gold Loan,2099052.45,Branch,South Zone,Madhya Pradesh,Amit Patel,Completed,Loan Disbursal - Gold Loan - Jul 2016,0,426.21,2098626.24
TXN5901883,CUST97304,22-11-2011,Cash Deposit,PRD0008,  Credit Card,1253246.18,  ATM,north zone,MAHARASHTRA,Ramesh Yadav,Pending,Cash Deposit - Credit Card - Nov 2011,0,279.74,1252966.44
TXN7117682,CUST85631,28-07-2016,IMPS,PRD0013,INSURANCE,4394992.05,branch,West Zone,Karnataka,DEEPA KRISHNAN,Pending,IMPS - Insurance - Jul 2016,0,179.23,4394812.82
TXN2020070,CUST76115,02-01-2020,Penalty Charge,PRD0011,Recurring Deposit,2123244.99,Mobile App,North Zone,delhi,sanjay gupta,failed,Penalty Charge - Recurring Deposit - Feb 2020,382184.1,242.69,1740818.2
TXN1017875,CUST67763,28-04-2024,CASH DEPOSIT,PRD0010,Fixed Deposit,230798.33,ATM,North Zone,Karnataka,Amit Patel,Pending,Cash Deposit - Fixed Deposit - Apr 2024,41543.7,78.11,189176.52
TXN2252435,CUST94008,22-03-2023,  Transfer,PRD0004,Gold Loan,3978306.98,MOBILE APP,North Zone,Madhya Pradesh,Mohan Das,Completed,Transfer - Gold Loan - Mar 2023,0,29.72,3978277.26
TXN5235105,CUST66925,27-09-2016,Debit,PRD0012,Mutual Fund,2674608.43,Mobile App,North Zone,Uttar Pradesh,Geeta Iyer,Reversed,Debit - Mutual Fund - Sep 2016,481429.52,351.88,2192827.03
TXN9636416,CUST87165,03-11-2023,Cash Withdrawal,PRD0005,education loan,1100749.5,PHONE BANKING,East Zone,West Bengal,Sunita Rao,Completed,Cash Withdrawal - Education Loan - Aug 2025,198134.91,0,902464.95
TXN8965769,CUST93472,30-May-15,Debit,PRD0005,Education Loan,3663022.87,atm,West Zone,Maharashtra,AMIT PATEL,Under Review,Debit - Education Loan - May 2015,Rs.0,496.92,3662525.95
TXN9642601,CUST49703,11-01-2013,Loan Disbursal,PRD0013,Insurance,3927941.86,PHONE BANKING,East Zone,Rajasthan,Nitin Joshi,completed,Loan Disbursal - Insurance - Jan 2013,707029.53,414.17,3220498.16
TXN3745082,CUST66959,19-05-2014,EMI Payment,PRD0009,Savings Account,2573246.64,Internet Banking,North Zone,KARNATAKA,SANJAY GUPTA,Completed,EMI Payment - Savings Account - May 2014,463184.4,0,2110054.48
TXN9428917,CUST24367,20-04-2022,Credit,PRD0010,FIXED DEPOSIT,3335116.28,  ATM,central zone,  West Bengal,Mohan Das,Reversed,Credit - Fixed Deposit - Apr 2022,0,252.18,3334864.1
TXN4402162,CUST80593,16-09-2012,Cash Deposit,PRD0009,Savings Account,1541251.32,Mobile App,East Zone,Telangana,SUNITA RAO,Completed,Cash Deposit - Savings Account - Sep 2012,0,134.02,1541117.3
TXN3782125,CUST17887,07-05-2020,Debit,PRD0017,Auto Loan,4334764.01,Phone Banking,North Zone,Delhi,Meena Iyer,Failed,Debit - Auto Loan - Jul 2020,780257.52,210.58,3554295.91
TXN2663202,CUST79681,14-Mar-21,UPI,PRD0001,Home Loan,4400469.54,NEFT/RTGS,Central Zone,Rajasthan,Anita Bose,Pending,UPI - Home Loan - Mar 2021,0,440.02,4400469.54
TXN2520002,CUST93284,03-05-2022,Cash Withdrawal,PRD0095,  Recurring Deposit,104265.41,INTERNET BANKING,South Zone,  Uttar Pradesh,Priya Nair,Completed,Cash Withdrawal - Recurring Deposit - Jun 2022,0,470.08,103795.33
TXN9601181,CUST23305,02-09-2013,Interest Credit,PRD0012,Mutual Fund,2246448.94,phone banking,east zone,Kerala,meena iyer,Pending,Interest Credit - Mutual Fund - Sep 2013,404360.81,484.9,1841603.23
TXN6079721,CUST75350,05-06-2017,RTGS,PRD0009,SAVINGS ACCOUNT,1889262.07,POS,Central Zone,ANDHRA PRADESH,VIJAY KUMAR,Reversed,RTGS - Savings Account - Mar 2024,340067.17,157.91,1549036.99
TXN4312340,CUST57002,02-01-2011,EMI Payment,PRD0009,Savings Account,4498099.14,Phone Banking,North Zone,haryana,Vijay Kumar,Completed,EMI Payment - Savings Account - Feb 2011,809657.85,303.52,3688137.77
TXN4775643,CUST90135,24-08-2023,Interest Credit,PRD0011,recurring deposit,509270.15,MOBILE APP,central zone,Rajasthan,Deepa Krishnan,Pending,Interest Credit - Recurring Deposit - Sep 2021,0,344.2,508925.95
TXN8675838,CUST84130,05-09-2015,Interest Credit,PRD0009,SAVINGS ACCOUNT,37244.92,BRANCH,West Zone,Telangana,Priya Nair,Reversed,Interest Credit - Savings Account - Nov 2010,6704.09,233.36,30307.47
TXN4532788,CUST86099,10-07-2015,DEBIT,PRD0014,OD Facility,4192738.25,POS,Central Zone,Punjab,Anita Bose,Failed,Debit - OD Facility - Jul 2015,754692.89,393.47,3437651.89
TXN2990606,CUST91830,24-02-2016,INTEREST CREDIT,PRD0004,Gold Loan,2174968.43,Internet Banking,NORTH ZONE,Uttar Pradesh,Priya Nair,Under Review,Interest Credit - Gold Loan - Feb 2016,391494.32,176.26,1783297.85
TXN8634019,CUST50378,06-05-2017,Penalty Charge,PRD0013,insurance,83409.05,Phone Banking,Central Zone,West Bengal,Rajesh Sharma,Reversed,Penalty Charge - Insurance - Feb 2022,15013.63,92.53,68302.89
TXN9834602,CUST19432,01-05-2010,CASH DEPOSIT,PRD0009,Savings Account,1678323.4,POS,Central Zone,Haryana,Lalita Devi,Failed,Cash Deposit - Savings Account - May 2010,0,368.82,1677954.58
TXN1131019,CUST96661,06-10-2014,IMPS,PRD0007,Loan Against Property,1804434.21,Mobile App,South Zone,Odisha,RAJESH SHARMA,Pending,IMPS - Loan Against Property - Oct 2014,324798.16,497.77,Rs.1479138.28
TXN7403979,CUST70786,29-01-2013,Cash Withdrawal,PRD0005,Education Loan,Rs.1028205.4,Mobile App,  Central Zone,Kerala,arun mehta,Pending ,Cash Withdrawal - Education Loan - May 2012,0,293.38,2018842.3
TXN2911193,CUST27705,24-Jun-15,cash withdrawal,PRD0005,Education Loan,1760748.77,POS,West Zone,Maharashtra,Priya Nair,Reversed,Cash Withdrawal - Education Loan - Jun 2015,0,125.03,1760623.74
TXN9567016,CUST94008,25-08-2018,  RTGS,PRD0011,Recurring Deposit,1959231.11,Internet Banking,West Zone,Kerala,Lalita Devi,Completed,RTGS - Recurring Deposit - Aug 2018,352661.6,263.27,1606306.24
TXN1940151,CUST62797,25-06-2011,LOAN DISBURSAL,PRD0006,Business Loan,766752.73,Branch,South Zone,Karnataka,Nitin Joshi,Failed,Loan Disbursal - Business Loan - Apr 2021,138015.49,96.11,628641.13
TXN2552434,CUST69839,24-03-2014,cash withdrawal,PRD0007,Loan Against Property,1867664.69,MOBILE APP,Central Zone,Tamil Nadu,SUNITA RAO,Reversed,Cash Withdrawal - Loan Against Property - Jun 2017,0,0,1867602.3
TXN3262285,CUST49703,17-03-2010,Loan Disbursal,PRD0011,recurring deposit,207502.36,POS,Central Zone,Andhra Pradesh,Nitin Joshi,Completed,Penalty Charge - Recurring Deposit - Mar 2010,0,261.82,207240.54
TXN6408258,CUST29356,21-12-2020,NEFT,PRD0006,Business Loan,269084.34,Phone Banking,Central Zone,Maharashtra,RAJESH SHARMA,Completed,NEFT - Business Loan - Dec 2020,48435.18,22.55,220626.61
TXN2917721,CUST17263,19-08-2019,UPI,PRD0010,Fixed Deposit,545409.61,Mobile App,Central Zone,TELANGANA,Sunita Rao,Failed,UPI - Fixed Deposit - May 2020,98173.73,407.21,446828.67
TXN6979909,CUST24832,22-Sep-22,UPI,PRD0004,Gold Loan,2700754.84,ATM,Central Zone,West Bengal,AMIT PATEL,Failed,UPI - Gold Loan - Sep 2022,486135.87,143.78,2214475.19
TXN1049499,CUST96169,22-Aug-21,NEFT,PRD0006,business loan,1972000.67,ATM,south zone,Haryana,Kavitha Subramanian,Under Review,NEFT - Business Loan - Aug 2021,354960.12,129.27,1616911.28
TXN6154905,CUST75494,05-Mar-19,NEFT,PRD0008,credit card,1294422.11,NEFT/RTGS,West Zone,Madhya Pradesh,Ramesh Yadav,Failed,NEFT - Credit Card - Mar 2019,232995.98,324.87,1061101.26
TXN2703953,CUST39762,14-02-2010,Cash Withdrawal,PRD0004,Gold Loan,1300312.3,Phone Banking,South Zone,karnataka,Mohan Das,Under Review,Cash Withdrawal - Gold Loan - Feb 2010,0,0,1299938.12
TXN8201139,CUST43330,19-09-2015,Penalty Charge,PRD0008,credit card,175613.11,ATM,North Zone,Rajasthan,Ananya Nair,Pending,Penalty Charge - Credit Card - Sep 2025,0,66.81,175546.3
TXN4916284,CUST63668,04-07-2023,  RTGS,PRD0007,  Loan Against Property,425836.15,pos,East Zone,Andhra Pradesh,Kavitha Subramanian,COMPLETED,RTGS - Loan Against Property - Jul 2023,76650.51,466.28,348719.36
TXN5496220,CUST29331,17-09-2011,NEFT,PRD0004,gold loan,2944812.05,Internet Banking,West Zone,Maharashtra,ramesh yadav,Under Review,NEFT - Gold Loan - Sep 2011,0,169.69,2944642.36
TXN4841175,CUST89802,06-11-2018,transfer,PRD0007,Loan Against Property,4737569.61,NEFT/RTGS,North Zone,Odisha,Vijay Kumar,COMPLETED,Transfer - Loan Against Property - Jul 2012,852762.53,0,3884371.66
TXN8647953,CUST31750,09-03-2021,EMI Payment,PRD0006,Business Loan,1486142.78,phone banking,North Zone,Delhi,Sanjay Gupta,Failed,EMI Payment - Business Loan - Oct 2018,267505.7,20.24,1218616.84
TXN9816662,CUST23413,21-Mar-16,Penalty Charge,PRD0013,Insurance,2109877.22,Branch,Central Zone,kerala,Sanjay Gupta,Reversed,Penalty Charge - Insurance - Mar 2016,0,400.5,2109476.72
TXN4385223,CUST86344,24-03-2014,NEFT,PRD0014,od facility,866159.31,ATM,North Zone,PUNJAB,Mohan Das,Completed,NEFT - OD Facility - Nov 2022,155908.68,373.71,709876.92
TXN2244748,CUST86344,22-11-2022,NEFT,PRD0014,OD Facility,866159.31,ATM,North Zone,Punjab,Mohan Das,Completed,NEFT - OD Facility - Nov 2022,155908.68,373.71,709876.92
TXN8821214,CUST75494,02-Feb-15,transfer,PRD0005,Education Loan,4351247.76,ATM,West Zone,Uttar Pradesh,  Arun Mehta,Reversed,Transfer - Education Loan - Feb 2015,0,172.23,3567850.93
TXN6773130,CUST31016,08-09-2021,Interest Credit,PRD0012,Mutual Fund,4267190.4,Internet Banking,South Zone,Telangana,Priya Nair,Under Review,Interest Credit - Mutual Fund - Aug 2021,768094.27,271.81,3498824.32
TXN1991236,CUST52550,08-Jul-19,neft,PRD0010,Fixed Deposit,3713118.92,Mobile App,South Zone,uttar pradesh,deepa krishnan,Completed,NEFT - Fixed Deposit - Jul 2019,0,300.99,Rs.3712817.93
TXN7088005,CUST37110,23-07-2014,RTGS,PRD0006,business loan,135210.1,Mobile App,  Central Zone,Karnataka,Anita Bose,Completed,RTGS - Business Loan - Jul 2014,0,353.23,134856.87
TXN3162130,CUST21069,25-11-2018,Transfer,PRD0012,MUTUAL FUND,2187482.4,atm,South Zone,West Bengal,  Sunita Rao,Pending,Transfer - Mutual Fund - Nov 2018,0,21.85,2187460.55
TXN2734992,CUST62751,28-06-2025,LOAN DISBURSAL,PRD0006,Business Loan,2359960.05,  Internet Banking,east zone,Rajasthan,Sunita Rao,Reversed,Loan Disbursal - Business Loan - Dec 2011,424792.81,98.04,1935069.2
TXN8745422,CUST95119,12-04-2013,UPI,PRD0009,Savings Account,4557798.14,neft/rtgs,SOUTH ZONE,RAJASTHAN,Sunita Rao,Reversed,UPI - Savings Account - Apr 2013,0,328.74,4557469.4
TXN3563055,CUST25572,18-01-2012,debit,PRD0005,Education Loan,4296066.96,BRANCH,north zone,Maharashtra,LALITA DEVI,Failed,Debit - Education Loan - Jan 2012,0,392.19,4295674.77
TXN2429842,CUST89954,18-12-2019,UPI,PRD0013,Insurance,3411593.27,Branch,West Zone,Andhra Pradesh,Vijay Kumar,SUCCESS,UPI - Insurance - Dec 2019,0,190.12,3411403.15
TXN1847438,CUST23555,02-Aug-14,Debit,PRD0002,Personal Loan,2524886.32,ATM,East Zone,  Andhra Pradesh,Rajesh Sharma,Completed,Debit - Personal Loan - Aug 2014,0,Rs.475.28,2524411.04
TXN1031090,CUST72505,13-10-2022,interest credit,PRD0017,Auto Loan,3950209.34,  ATM,South Zone,Uttar Pradesh,Priya Nair,Failed,Interest Credit - Auto Loan - May 2013,0,282.52,3949926.82
TXN4484407,CUST23751,20-12-2022,Cash Deposit,PRD0008,Credit Card,1050648.23,Internet Banking,West Zone,karnataka,  Sanjay Gupta,SUCCESS,Cash Deposit - Credit Card - Dec 2022,189116.68,Rs.282.38,861249.17
TXN3987014,CUST81657,10-01-2020,DEBIT,PRD0009,Savings Account,1782035.7,Mobile App,South Zone,west bengal,Sanjay Gupta,Under Review,Debit - Savings Account - Jan 2020,0,332.83,1781702.87
TXN1186808,CUST63914,13-05-2021,Cash Withdrawal,PRD0008,Credit Card,700015.86,phone banking,south zone,Kerala,Sanjay Gupta,Under Review,Cash Withdrawal - Credit Card - May 2021,0,486.49,699529.37
TXN3999502,CUST41925,23-09-2023,Credit,PRD0014,OD Facility,4901510.08,Mobile App,South Zone,Telangana,Rajesh Sharma,Failed,Credit - OD Facility - Sep 2023,882271.81,172.4,4019065.87
TXN1791916,CUST69566,28-03-2021,upi,PRD0006,Business Loan,1723973.97,  Branch,Central Zone,Rajasthan,meera nair,Reversed,Penalty Charge - Business Loan - Mar 2021,310315.31,246.53,1413412.13
TXN8666121,CUST33562,16-11-2012,NEFT,PRD0007,LOAN AGAINST PROPERTY,920266.88,POS,West Zone,WEST BENGAL,Lalita Devi,Under Review,NEFT - Loan Against Property - Nov 2012,165648.04,324.88,754293.96
TXN1376083,CUST28558,12-09-2020,Debit,PRD0006,BUSINESS LOAN,1195363.04,POS,East Zone,DELHI,Mohan Das,Under Review,Debit - Business Loan - Dec 2011,215165.35,227.32,979970.37
TXN1990615,CUST33562,07-01-2021,Credit,PRD0014,OD Facility,407731.96,Phone Banking,  North Zone,TELANGANA,RAMESH YADAV,Completed,Credit - OD Facility - Jan 2021,0,469.16,407262.8
TXN7749471,CUST74213,09-04-2019,UPI,PRD0004,Gold Loan,2952752.11,Mobile App,East Zone,Telangana,Priya Nair,Under Review,UPI - Gold Loan - Jul 2022,531495.38,0,2421004.69
TXN6863188,CUST84473,04-Oct-15,Interest Credit,PRD0003,  Auto Loan,4762077.62,Branch,South Zone,West Bengal,Nitin Joshi,Completed,Debit - Fixed Deposit - Oct 2015,0,107.07,4761970.55
TXN5619436,CUST35652,17-04-2017,Cash Withdrawal,PRD0006,Business Loan,4261162.71,ATM,Central Zone,Karnataka,Nitin Joshi,Failed,Cash Withdrawal - Business Loan - May 2011,767009.29,167.16,Rs.3493986.26
TXN1049569,CUST21359,12-10-2014,emi payment,PRD0017,Auto Loan,4021386.38,Phone Banking,West Zone,Andhra Pradesh,Deepa Krishnan,COMPLETED,EMI Payment - Auto Loan - Oct 2014,723849.55,184.28,3297352.55
TXN3933638,CUST31337,11-11-2024,upi,PRD0006,Business Loan,186366.25,Mobile App,CENTRAL ZONE,Karnataka,Sunita Rao,Under Review,Penalty Charge - Business Loan - Aug 2020,0,101.9,186264.35
TXN2196998,CUST81654,13-12-2010,Cash Deposit,PRD0017,Auto Loan,1615878.82,Mobile App,South Zone,Haryana,MOHAN DAS,Completed,Cash Deposit - Auto Loan - Dec 2010,0,471.02,1615407.8
TXN7511412,CUST53054,31-10-2015,Debit,PRD0002,personal loan,2237551.3,mobile app,West Zone,Madhya Pradesh,Ramesh Yadav,Failed,Debit - Personal Loan - May 2022,0,308.09,2237243.21
TXN5248891,CUST60326,08-May-11,Debit,PRD0017,AUTO LOAN,363243.01,Mobile App,West Zone,  Gujarat,Nitin Joshi,Reversed,Debit - Auto Loan - May 2011,65383.74,0,297652.19
TXN1004335,CUST75494,18-11-2010,Credit,PRD0001,Home Loan,4901798.62,phone banking,South Zone,Odisha,Sunita Rao,Completed,Credit - Home Loan - Nov 2010,882323.75,387.63,4019087.24
TXN8549295,CUST84393,06-02-2016,RTGS,PRD0010,Fixed Deposit,4731682.85,POS,North Zone,uttar pradesh,Meena Iyer,Under Review,RTGS - Fixed Deposit - Aug 2021,851702.91,111.65,3879868.29
TXN1302894,CUST58931,15-09-2014,RTGS,PRD0008,Credit Card,3786137.79,Internet Banking,North Zone,Karnataka,Sanjay Gupta,Reversed,RTGS - Credit Card - Dec 2024,681504.8,188.87,3104444.12
TXN5316963,CUST81654,17-08-2016,INTEREST CREDIT,PRD0002,personal loan,3995363.94,ATM,South Zone,Uttar Pradesh,SANJAY GUPTA,Reversed,Interest Credit - Personal Loan - Aug 2016,0,308.26,3995055.68
TXN4216010,CUST13847,20-03-2022,Cash Deposit,PRD0014,OD Facility,1986104.57,mobile app,South Zone,Odisha,KAVITHA SUBRAMANIAN,Reversed,Cash Deposit - OD Facility - Mar 2019,357498.82,123.85,1628481.9
TXN6578088,CUST69151,23-02-2012,Loan Disbursal,PRD0012,mutual fund,2624997.29,NEFT/RTGS,West Zone,maharashtra,Ramesh Yadav,Reversed,Loan Disbursal - Mutual Fund - Feb 2012,0,335.28,2624662.01
TXN7583938,CUST60342,29-02-2020,Loan Disbursal,PRD0010,Fixed Deposit,1786791.97,Internet Banking,Central Zone,Kerala,  Arun Mehta,Completed,Loan Disbursal - Fixed Deposit - Dec 2019,321622.55,383.38,1464786.04
TXN6389208,CUST44825,11-11-2020,Loan Disbursal,PRD0009,Savings Account,3028751.93,NEFT/RTGS,South Zone,Haryana,Kavitha Subramanian,Failed,Loan Disbursal - Savings Account - Nov 2020,545175.35,45.66,2483530.92
TXN8853954,CUST48780,30-05-2013,Loan Disbursal,PRD0012,Mutual Fund,3189070.82,Phone Banking,South Zone,Telangana,Amit Patel,Failed,Loan Disbursal - Mutual Fund - May 2013,0,340.43,2614697.64
TXN4354082,CUST64651,01-09-2022,CASH DEPOSIT,PRD0009,Savings Account,1732052.41,Branch,South Zone,Maharashtra,Mohan Das,Under Review,Cash Deposit - Savings Account - Sep 2022,0,25.99,1732026.42
TXN2195241,CUST17887,09-08-2021,Debit,PRD0002,PERSONAL LOAN,4596473.99,POS,East Zone,kerala,Arun Mehta,Pending ,Debit - Personal Loan - Aug 2021,0,499.24,4595974.75
TXN9755757,CUST26803,02-02-2013,CASH DEPOSIT,PRD0006,Business Loan,1276574.64,Phone Banking,South Zone,KERALA,Anita Bose,Reversed,Cash Deposit - Business Loan - Jul 2018,0,72.19,1276502.45
TXN3968617,CUST55224,15-Apr-25,Cash Withdrawal,PRD0002,personal loan,4832349.58,Branch,North Zone,Uttar Pradesh,Ramesh Yadav,SUCCESS,Cash Withdrawal - Personal Loan - Apr 2025,869822.92,121.11,Rs.3962405.55
TXN9743772,CUST80047,24-Jul-19,emi payment,PRD0066,  Fixed Deposit,2744209.95,POS,North Zone,West Bengal,Meena Iyer,Pending,EMI Payment - Fixed Deposit - Jul 2019,Rs.493957.79,257.17,2249994.99
TXN6853652,CUST48085,11-02-2017,Interest Credit,PRD0007,Loan Against Property,4711403.7,MOBILE APP,West Zone,Uttar Pradesh,Arun Mehta,Pending,Interest Credit - Loan Against Property - Feb 2017,Rs.0,332.84,4711070.86
TXN5480010,CUST41925,06-03-2012,DEBIT,PRD0004,Gold Loan,1147467.2,Internet Banking,south zone,Telangana,Deepa Krishnan,Pending,Debit - Gold Loan - Oct 2024,0,233.79,1147233.41
TXN1764864,CUST31237,30-12-2012,loan disbursal,PRD0011,Recurring Deposit,2884443.69,INTERNET BANKING,West Zone,Madhya Pradesh,  Sanjay Gupta,Pending,Loan Disbursal - Recurring Deposit - Nov 2011,519199.86,175.1,2365068.73
TXN9184219,CUST36911,18-Feb-13,RTGS,PRD0007,Loan Against Property,1066993.47,Internet Banking,South Zone,Rajasthan,Sunita Rao,Under Review,RTGS - Loan Against Property - Feb 2013,192058.82,369.92,874564.73
TXN6572554,CUST82089,28-Apr-14,Cash Withdrawal,PRD0017,AUTO LOAN,Rs.1028205.4,NEFT/RTGS,Central Zone,West Bengal,Nitin Joshi,Completed,Cash Withdrawal - Auto Loan - Apr 2014,0,254.22,4644824.77
TXN2582817,CUST42955,23-Jul-18,EMI Payment,PRD0002,Personal Loan,469717.07,Phone Banking,SOUTH ZONE,Telangana,Sunita Rao,Failed,EMI Payment - Personal Loan - Jul 2018,84549.07,276.94,384891.06
TXN6328101,CUST26144,20-07-2010,Cash Deposit,PRD0010,FIXED DEPOSIT,1567021.3,POS,East Zone,Gujarat,amit patel,Completed,Cash Deposit - Fixed Deposit - Jul 2010,282063.83,221.08,1284736.39
TXN4636591,CUST60342,16-Feb-21,Transfer,PRD0014,OD Facility,2531787.89,ATM,West Zone,West Bengal,Arun Mehta,Failed,Transfer - OD Facility - Feb 2021,455721.82,485.64,2075580.43
TXN5902298,CUST58804,24-06-2010,EMI Payment,PRD0011,Recurring Deposit,1212799.54,Phone Banking,North Zone,Odisha,Sunita Rao,Reversed,EMI Payment - Recurring Deposit - Jul 2016,0,135.41,Rs.1212664.13
TXN2998554,CUST13847,26-03-2013,Debit,PRD0017,Auto Loan,2800853.79,POS,south zone,Maharashtra,Ramesh Yadav,Completed,Debit - Auto Loan - Mar 2013,504153.68,31.84,2296668.27
TXN4973993,CUST19924,11-03-2012,penalty charge,PRD0013,  Insurance,2666929.33,POS,South Zone,odisha,Lalita Devi,Under Review,Penalty Charge - Insurance - Mar 2012,480047.28,423.91,2186458.14
TXN9129522,CUST74491,19-03-2012,CREDIT,PRD0009,Savings Account,4094751.04,Mobile App,  Central Zone,ODISHA,Kavitha Subramanian,Completed,Credit - Savings Account - Mar 2012,0,294.57,4094456.47
TXN4377699,CUST24367,22-11-2020,RTGS,PRD0013,Insurance,4551123.03,Phone Banking,North Zone,West Bengal,VIJAY KUMAR,Under Review,RTGS - Insurance - Nov 2010,819202.15,197.3,3731723.58
TXN2357676,CUST15546,01-02-2013,EMI Payment,PRD0004,Gold Loan,2788021.66,INTERNET BANKING,East Zone,Haryana,Kavitha Subramanian,Failed,EMI Payment - Gold Loan - Nov 2018,501843.9,35.42,2286142.34
TXN7934535,CUST26936,20-01-2019,  Cash Withdrawal,PRD0006,BUSINESS LOAN,4443459.5,Mobile App,  North Zone,  West Bengal,Sunita Rao,Pending,Cash Withdrawal - Business Loan - Jan 2019,0,210.67,4443248.83
TXN2083235,CUST22695,03-05-2022,Interest Credit,PRD0009,Savings Account,91948.57,NEFT/RTGS,South Zone,West Bengal,Rajesh Sharma,Reversed,Interest Credit - Savings Account - Nov 2023,16550.74,333.95,75063.88
TXN6039069,CUST36041,24-06-2010,UPI,PRD0001,Home Loan,1779515.57,ATM,South Zone,Gujarat,Rajesh Sharma,Under Review,UPI - Home Loan - Mar 2020,0,Rs.379.23,1779136.34
TXN6975680,CUST94008,02-08-2020,Transfer,PRD0008,Credit Card,1227496.06,Branch,North Zone,Tamil Nadu,Rajesh Sharma,Failed,Transfer - Credit Card - Feb 2020,0,188.97,1006357.8
TXN9117876,CUST76341,05-03-2013,NEFT,PRD0001,Home Loan,2416808.99,Internet Banking,  Central Zone,Tamil Nadu,Kavitha Subramanian,Pending,NEFT - Home Loan - May 2013,435025.62,95.88,1981687.49
TXN7134086,CUST83399,08-02-2022,IMPS,PRD0001,Home Loan,813649.33,NEFT/RTGS,South Zone,  Haryana,Sanjay Gupta,Completed,IMPS - Home Loan - Feb 2011,146456.88,472.64,666719.81
TXN7080625,CUST95200,08-08-2021,Cash Deposit,PRD0006,Business Loan,2139829.05,BRANCH,South Zone,Telangana,Arun Mehta,Completed,Cash Deposit - Business Loan - Aug 2021,385169.23,0,1754445.55
TXN7484637,CUST97755,11-02-2017,Cash Deposit,PRD0001,Home Loan,2046200.68,Branch,West Zone,Odisha,Sunita Rao,Pending,Transfer - Home Loan - Feb 2017,0,239.57,2045961.11
TXN7408677,CUST48085,01-12-2011,Debit,PRD0013,Insurance,1274517.02,mobile app,West Zone,PUNJAB,Mohan Das,Failed,Debit - Insurance - Dec 2011,229413.06,90.94,1045013.02
TXN8458185,CUST23639,25-Jun-23,EMI PAYMENT,PRD0010,Fixed Deposit,432508.05,Mobile App,Central Zone,Haryana,Nitin Joshi,Failed,EMI Payment - Fixed Deposit - Jun 2023,77851.45,139.65,354516.95
TXN4159327,CUST15965,17-05-2011,UPI,PRD0004,Gold Loan,3234614.02,Mobile App,West Zone,Andhra Pradesh,Mohan Das,Pending,UPI - Gold Loan - Apr 2019,582230.52,195.79,2652187.71
TXN8928592,CUST16450,29-Dec-14,Cash Deposit,PRD0004,Gold Loan,336480.23,Mobile App,west zone,Tamil Nadu,Sunita Rao,Completed,Cash Deposit - Gold Loan - Dec 2014,0,0,336154.37
TXN1106761,CUST94018,19-12-2013,EMI Payment,PRD0051,  Savings Account,3353920.59,  ATM,  North Zone,Tamil Nadu,MOHAN DAS,Pending,EMI Payment - Savings Account - Dec 2013,0,361.57,3353559.02
TXN1057153,CUST27389,09-06-2023,IMPS,PRD0001,Home Loan,4847967.05,ATM,North Zone,Gujarat,Lalita Devi,Under Review,IMPS - Home Loan - Jun 2023,0,495.16,4847471.89
TXN5126290,CUST93810,03-11-2016,Credit,PRD0004,Gold Loan,4283807.24,  ATM,North Zone,  Maharashtra,Lalita Devi,Completed,Credit - Gold Loan - Feb 2017,771085.3,246.01,3512475.93
TXN7790194,CUST62989,15-02-2024,Credit,PRD0012,mutual fund,1044816.58,Mobile App,East Zone,Tamil Nadu,Ramesh Yadav,Failed,Credit - Mutual Fund - Feb 2024,0,348.66,1044467.92
TXN4338865,CUST51116,09-04-2019,Transfer,PRD0007,Loan Against Property,1724267.39,  POS,CENTRAL ZONE,Punjab,Priya Nair,Completed,Transfer - Loan Against Property - Feb 2024,0,113.72,1724153.67
TXN8564772,CUST83566,12-09-2020,IMPS,PRD0012,Mutual Fund,1022105.16,neft/rtgs,North Zone,Karnataka,Meena Iyer,Failed,IMPS - Mutual Fund - Mar 2018,0,126.97,1021978.19
TXN6818891,CUST86273,08-05-2014,NEFT,PRD0008,Credit Card,569807.88,NEFT/RTGS,East Zone,Maharashtra,Sunita Rao,Under Review,NEFT - Credit Card - Aug 2014,102565.42,398.41,466844.05
TXN9248814,CUST70786,30-04-2025,neft,PRD0009,Savings Account,1982131.04,Branch,NORTH ZONE,Telangana,Amit Patel,Reversed,NEFT - Savings Account - Apr 2025,0,294.54,1981836.5
TXN8398378,CUST26936,17-05-2025,Cash Withdrawal,PRD0009,Savings Account,Rs.3980623.56,Internet Banking,Central Zone,delhi,sanjay gupta,Completed,Cash Withdrawal - Savings Account - Jan 2012,0,342.52,3980281.04
TXN1375636,CUST21728,18-11-2013,Cash Deposit,PRD0010,Fixed Deposit,4710914.61,NEFT/RTGS,South Zone,Tamil Nadu,vijay kumar,Failed,Cash Deposit - Fixed Deposit - Nov 2013,0,45.7,4710868.91
TXN8267369,CUST24316,10-06-2017,  Cash Deposit,PRD0017,Auto Loan,470585.25,Internet Banking,Central Zone,Haryana,RAJESH SHARMA,Completed,Cash Deposit - Auto Loan - Jun 2017,84705.35,64.65,385815.25
TXN8591182,CUST18694,03-01-2023,Loan Disbursal,PRD0013,Insurance,254003.7,ATM,West Zone,Haryana,Lalita Devi,Completed,Loan Disbursal - Insurance - Mar 2023,Rs.0,380.39,253623.31
TXN1119148,CUST82510,31-10-2015,debit,PRD0010,Fixed Deposit,3665232.29,ATM,North Zone,  Gujarat,Vijay Kumar,Under Review,Debit - Fixed Deposit - Feb 2024,0,310.28,3664922.01
TXN5090010,CUST17736,12-Oct-18,TRANSFER,PRD0012,Mutual Fund,3890424.62,Mobile App,  Central Zone,Karnataka,Ramesh Yadav,Completed,Transfer - Mutual Fund - Oct 2018,700276.43,497.75,Rs.3189650.44
TXN2894109,CUST25572,09-01-2017,Interest Credit,PRD0011,Recurring Deposit,2525049.23,internet banking,Central Zone,Tamil Nadu,Amit Patel,Reversed,Interest Credit - Recurring Deposit - Jan 2017,454508.86,233.11,2070307.26
TXN1556900,CUST73156,04-12-2018,RTGS,PRD0010,Fixed Deposit,3918197.34,  ATM,East Zone,Tamil Nadu,Mohan Das,Failed,RTGS - Fixed Deposit - Apr 2018,0,418.83,3917778.51
TXN1070933,CUST49838,26-01-2022,NEFT,PRD0013,  Insurance,4795059.7,ATM,West Zone,Madhya Pradesh,Meena Iyer,failed,NEFT - Insurance - Jul 2017,0,123.87,4794935.83
TXN1393526,CUST85631,10-02-2015,UPI,PRD0004,Gold Loan,1735700.4,Internet Banking,  South Zone,Punjab,Priya Nair,Reversed,UPI - Gold Loan - Apr 2014,0,6.75,1735693.65
TXN8273055,CUST21770,05-04-2022,EMI Payment,PRD0013,Insurance,2879318.89,  ATM,East Zone,Gujarat,SANJAY GUPTA,Failed,EMI Payment - Insurance - Apr 2022,518277.4,96.07,2360945.42
TXN2181351,CUST50166,17-02-2024,CASH DEPOSIT,PRD0008,Credit Card,3357317.48,Internet Banking,North Zone,Maharashtra,Rajesh Sharma,Pending,Transfer - Credit Card - Feb 2024,0,433.34,3356884.14
TXN2782434,CUST30730,03-06-2024,  Cash Withdrawal,PRD0017,AUTO LOAN,3973283.75,mobile app,WEST ZONE,kerala,RAMESH YADAV,Completed,Cash Withdrawal - Auto Loan - Jan 2010,0,312.86,3972970.89
TXN6243294,CUST90117,30-Jan-15,  Loan Disbursal,PRD0007,Loan Against Property,410446.69,Mobile App,CENTRAL ZONE,HARYANA,Amit Patel,Under Review,Loan Disbursal - Loan Against Property - Jan 2015,73880.4,437.56,336128.73
TXN7604356,CUST83399,08-02-2022,Credit,PRD0002,PERSONAL LOAN,3291362.32,Branch,North Zone,Odisha,Mohan Das,Reversed,Credit - Personal Loan - Apr 2016,0,115.6,2698801.5
TXN4379470,CUST65236,07-02-2017,Penalty Charge,PRD0002,Personal Loan,4976008.36,Mobile App,Central Zone,Haryana,Meena Iyer,Reversed,Penalty Charge - Personal Loan - Feb 2017,0,381.75,4975626.61
TXN1185375,CUST61347,07-02-2025,  IMPS,PRD0008,Credit Card,532.01,POS,Central Zone,delhi,Sanjay Gupta,Reversed,IMPS - Credit Card - Feb 2025,0,50.92,481.09
TXN4888586,CUST15546,02-12-2025,Penalty Charge,PRD0006,business loan,643750.35,neft/rtgs,  East Zone,Karnataka,Sunita Rao,Under Review,Penalty Charge - Business Loan - Dec 2025,115875.06,320.19,527555.1
TXN8966206,CUST34420,05-Jul-22,Cash Deposit,PRD0012,Mutual Fund,3484394.29,ATM,West Zone,Tamil Nadu,Deepa Krishnan,Completed,Cash Deposit - Mutual Fund - Jul 2022,627190.97,491.6,2856711.72
TXN5217856,CUST22695,19-06-2022,upi,PRD0010,Fixed Deposit,1785924.71,  POS,South Zone,West Bengal,deepa krishnan,Failed,UPI - Fixed Deposit - Jun 2022,321466.45,83.99,1464374.27
TXN9820642,CUST60326,27-Jun-15,Cash Deposit,PRD0004,  Gold Loan,2254386.12,Mobile App,East Zone,Tamil Nadu,vijay kumar,Reversed,Cash Deposit - Gold Loan - Jun 2015,0,439.54,2253946.58
TXN4156868,CUST81657,27-08-2013,Loan Disbursal,PRD0001,Home Loan,4545156.32,Branch,South Zone,Maharashtra,Priya Nair,Under Review,Loan Disbursal - Home Loan - Aug 2013,0,128.94,4545027.38
TXN2388680,CUST84912,22-10-2022,Credit,PRD0001,Home Loan,2812642.34,Mobile App,North Zone,Uttar Pradesh,Sunita Rao,Pending,Credit - Home Loan - May 2018,0,206.64,2812435.7
TXN3569699,CUST12048,18-09-2024,Cash Withdrawal,PRD0004,Gold Loan,1662587.34,MOBILE APP,West Zone,ANDHRA PRADESH,Sanjay Gupta,Reversed,Cash Withdrawal - Gold Loan - Sep 2024,0,232.04,1363089.58
TXN4979920,CUST54573,28-12-2021,cash deposit,PRD0009,Savings Account,3423294.2,ATM,South Zone,West Bengal,RAMESH YADAV,Completed,Cash Deposit - Savings Account - Dec 2021,0,68.61,3423225.59
TXN6148859,CUST48085,12-07-2025,UPI,PRD0008,Credit Card,1321383.64,internet banking,Central Zone,KARNATAKA,Deepa Krishnan,Under Review,UPI - Credit Card - Jul 2025,237849.06,67.87,1083466.71
TXN1108221,CUST69139,22-03-2023,Penalty Charge,PRD0009,Savings Account,205430.65,Mobile App,North Zone,  Punjab,Meena Iyer,Completed,Penalty Charge - Savings Account - Mar 2023,36977.52,263.83,168189.3
TXN9955595,CUST74724,10-09-2011,IMPS,PRD0096,  Mutual Fund,1252255.3,Phone Banking,south zone,Tamil Nadu,LALITA DEVI,Pending,IMPS - Mutual Fund - Nov 2015,0,119.63,1252135.67
TXN9712960,CUST89405,13-08-2016,Debit,PRD0075,  Education Loan,4891962.35,phone banking,South Zone,Delhi,Sunita Rao,Pending,Debit - Education Loan - Aug 2016,0,166.74,4891795.61
TXN6655117,CUST30286,13-10-2022,loan disbursal,PRD0006,business loan,4135888.05,Branch,South Zone,Punjab,Vijay Kumar,Failed,Loan Disbursal - Business Loan - Feb 2016,744459.85,277.68,3391150.52
TXN1002419,CUST30286,11-02-2016,Loan Disbursal,PRD0006,Business Loan,4135888.05,Branch,South Zone,Punjab,Vijay Kumar,Completed,Loan Disbursal - Business Loan - Feb 2016,744459.85,277.68,3391150.52
TXN7745307,CUST27284,22-02-2019,Cash Deposit,PRD0012,Mutual Fund,2370387.2,Branch,WEST ZONE,Rajasthan,Kavitha Subramanian,Completed,Cash Deposit - Mutual Fund - Feb 2019,426669.7,121.57,1943595.93
TXN1528016,CUST54017,11-08-2020,Interest Credit,PRD0010,Fixed Deposit,Rs.3468107.2,POS,south zone,Telangana,Ramesh Yadav,Pending,Interest Credit - Fixed Deposit - Aug 2020,0,437.27,Rs.3467669.93
TXN1313665,CUST40597,25-May-11,UPI,PRD0005,Education Loan,4365117.95,POS,Central Zone,Andhra Pradesh,Lalita Devi,Under Review,UPI - Education Loan - May 2011,785721.23,Rs.289.79,3579106.93
TXN7677978,CUST24832,02-10-2019,Transfer,PRD0003,  Auto Loan,1957705.06,Internet Banking,East Zone,Uttar Pradesh,arun mehta,completed,Transfer - Education Loan - Oct 2019,352386.91,139.37,1605178.78
TXN3919625,CUST56990,23-05-2010,Interest Credit,PRD0012,MUTUAL FUND,317962.27,POS,South Zone,Delhi,Deepa Krishnan,Completed,Interest Credit - Mutual Fund - May 2010,0,307.59,317654.68
TXN9501330,CUST19432,29-11-2012,imps,PRD0017,Auto Loan,2507307.34,NEFT/RTGS,south zone,Haryana,Priya Nair,Pending,IMPS - Auto Loan - Nov 2012,0,435.91,2506871.43
TXN1594237,CUST52584,01-01-2012,UPI,PRD0011,recurring deposit,2453402.62,internet banking,  North Zone,Delhi,Anita Bose,Completed,UPI - Recurring Deposit - Jan 2012,0,84.42,2453318.2
TXN8421906,CUST17355,12-10-2010,EMI Payment,PRD0002,personal loan,3180603.1,Mobile App,Central Zone,Maharashtra,Mohan Das,Reversed,EMI Payment - Personal Loan - Oct 2010,0,81.02,3180522.08
TXN7965959,CUST31660,10-03-2014,Transfer,PRD0014,OD Facility,4133233.9,Internet Banking,central zone,Delhi,Arun Mehta,Under Review,Transfer - OD Facility - Mar 2014,743982.1,8.99,3389242.81
TXN9752122,CUST30286,27-Jan-18,imps,PRD0005,Education Loan,244190.91,Phone Banking,West Zone,Uttar Pradesh,Anita Bose,Failed,IMPS - Education Loan - Jan 2018,43954.36,284.69,Rs.199951.86
TXN5327047,CUST16450,26-06-2024,Penalty Charge,PRD0014,OD Facility,1780254.45,  Internet Banking,Central Zone,Tamil Nadu,Deepa Krishnan,Failed,Penalty Charge - OD Facility - Aug 2021,320445.8,11.33,1459797.32
TXN6302823,CUST39933,26-08-2020,EMI Payment,PRD0012,Mutual Fund,Rs.1457321.83,Internet Banking,East Zone,West Bengal,Mohan Das,Under Review,EMI Payment - Mutual Fund - Aug 2020,0,311.13,Rs.1457010.7
TXN6200777,CUST86619,24-Jun-23,Debit,PRD0014,OD Facility,3860261.07,  POS,west zone,MADHYA PRADESH,Ramesh Yadav,Failed,Debit - OD Facility - Jun 2023,0,14.16,3860246.91
TXN5933748,CUST65685,30-12-2015,NEFT,PRD0001,Home Loan,1290092.19,Internet Banking,East Zone,andhra pradesh,  Deepa Krishnan,Reversed,NEFT - Home Loan - Dec 2015,0,429.22,1289662.97
TXN3354773,CUST84912,01-10-2020,Penalty Charge,PRD0010,Fixed Deposit,2449572.62,mobile app,west zone,Maharashtra,Sunita Rao,Pending,Penalty Charge - Fixed Deposit - Oct 2020,0,305.54,2449572.62
TXN8330045,CUST87165,03-08-2013,Transfer,PRD0006,Business Loan,4870967.39,NEFT/RTGS,South Zone,West Bengal,Meena Iyer,Under Review,Transfer - Business Loan - Mar 2013,0,490.85,4870476.54
TXN3143688,CUST49708,13-10-2022,Transfer,PRD0010,Fixed Deposit,2014538.91,Mobile App,Central Zone,Maharashtra,Ramesh Yadav,Under Review,Transfer - Fixed Deposit - Aug 2015,362617,488.96,1651432.95
TXN3675641,CUST16450,26-06-2024,Cash Withdrawal,PRD0010,fixed deposit,2749662.84,  Internet Banking,North Zone,Telangana,Nitin Joshi,Under Review,UPI - Fixed Deposit - Aug 2025,494939.31,203.39,2254520.14
TXN5060514,CUST33206,30-09-2021,Cash Withdrawal,PRD0075,  Education Loan,4987316.75,PHONE BANKING,Central Zone,West Bengal,  Amit Patel,Under Review,Cash Withdrawal - Education Loan - Sep 2021,897717.02,104.44,4089495.29
TXN5307181,CUST18993,28-09-2011,Transfer,PRD0017,Auto Loan,3462730.45,atm,North Zone,Madhya Pradesh,Mohan Das,Failed,Transfer - Auto Loan - Sep 2011,623291.48,64.3,3462730.45
TXN7101260,CUST75288,04-04-2011,Interest Credit,PRD0003,  Auto Loan,4593043.17,ATM,East Zone,  Gujarat,Sanjay Gupta,Reversed,Interest Credit - Auto Loan - Apr 2011,826747.77,302.13,Rs.3765993.27
TXN9036515,CUST19924,01-02-2013,Transfer,PRD0007,loan against property,4919123.64,ATM,NORTH ZONE,  Kerala,Priya Nair,Reversed,Transfer - Loan Against Property - Mar 2011,0,432.11,4918691.53
TXN2038119,CUST24134,11-07-2016,Interest Credit,PRD0001,Home Loan,2244765.88,POS,East Zone,DELHI,Anita Bose,Under Review,Interest Credit - Home Loan - Nov 2025,404057.86,0,1840360.98
TXN4951605,CUST88956,19-04-2025,Credit,PRD0017,AUTO LOAN,2004223.25,Branch,  Central Zone,Odisha,Vijay Kumar,Pending,Credit - Auto Loan - Apr 2025,0,223.5,2003999.75
TXN8611089,CUST37164,26-10-2024,Transfer,PRD0014,OD Facility,4635320.4,NEFT/RTGS,EAST ZONE,Gujarat,PRIYA NAIR,Failed,Transfer - OD Facility - Oct 2024,834357.67,463.34,3800499.39
TXN1460110,CUST60194,11-10-2010,NEFT,PRD0004,Gold Loan,199662.04,Phone Banking,central zone,  Maharashtra,Rajesh Sharma,Under Review,NEFT - Gold Loan - Jan 2018,35939.17,138.4,163584.47
TXN7640682,CUST66346,10-01-2016,Penalty Charge,PRD0012,Mutual Fund,927168.58,mobile app,NORTH ZONE,Haryana,Rajesh Sharma,Pending ,Penalty Charge - Mutual Fund - Jan 2016,166890.34,473.63,759804.61
TXN2897472,CUST24367,22-11-2020,RTGS,PRD0007,LOAN AGAINST PROPERTY,691907.09,Branch,CENTRAL ZONE,Madhya Pradesh,Deepa Krishnan,Under Review,RTGS - Loan Against Property - Aug 2019,124543.28,425.9,566937.91
TXN5703796,CUST24367,25-Aug-19,RTGS,PRD0007,Loan Against Property,691907.09,Branch,Central Zone,Madhya Pradesh,Deepa Krishnan,Completed,RTGS - Loan Against Property - Aug 2019,124543.28,425.9,566937.91
TXN4704877,CUST89761,03-11-2018,RTGS,PRD0017,Auto Loan,2703785.59,Phone Banking,North Zone,Rajasthan,Rajesh Sharma,Reversed,RTGS - Auto Loan - Nov 2018,0,56.15,2703729.44
TXN1692909,CUST89761,11-03-2018,RTGS,PRD0017,Auto Loan,2703785.59,Phone Banking,North Zone,Rajasthan,Rajesh Sharma,Completed,RTGS - Auto Loan - Nov 2018,0,56.15,2703729.44
TXN3839774,CUST95649,10-07-2025,Cash Deposit,PRD0011,Recurring Deposit,410219.92,Branch,SOUTH ZONE,Karnataka,Anita Bose,Completed,Cash Deposit - Recurring Deposit - Jan 2024,0,230.68,409989.24
TXN3562722,CUST23305,12-02-2010,UPI,PRD0006,Business Loan,2488566.77,NEFT/RTGS,  East Zone,ANDHRA PRADESH,Rajesh Sharma,Failed,UPI - Business Loan - Dec 2010,0,232.33,2488334.44
TXN1093215,CUST97755,24-02-2012,transfer,PRD0006,Business Loan,4810608.36,pos,Central Zone,  Andhra Pradesh,Kavitha Subramanian,Completed,Transfer - Business Loan - Feb 2012,Rs.865909.5,257.89,3944440.97
TXN2846511,CUST82510,25-09-2017,UPI,PRD0010,FIXED DEPOSIT,2180050.98,Phone Banking,NORTH ZONE,Punjab,Rajesh Sharma,Failed,UPI - Fixed Deposit - Sep 2017,0,254.84,2179796.14
TXN8362696,CUST49634,03-11-2019,Debit,PRD0014,od facility,376542.26,Phone Banking,South Zone,Rajasthan,Anita Bose,Failed,Debit - OD Facility - Nov 2019,0,420.62,376121.64
TXN3353588,CUST28558,08-02-2018,  Interest Credit,PRD0010,Fixed Deposit,Rs.4118378.81,Branch,Central Zone,Rajasthan,Nitin Joshi,Pending,Interest Credit - Fixed Deposit - Feb 2018,741308.19,70.62,3377000
TXN7895498,CUST50166,13-Mar-18,  UPI,PRD0008,Credit Card,4582041.22,INTERNET BANKING,WEST ZONE,MAHARASHTRA,Sanjay Gupta,COMPLETED,UPI - Credit Card - Mar 2018,0,210.21,4581831.01
TXN5698391,CUST23639,15-02-2010,IMPS,PRD0008,CREDIT CARD,1016631.83,Mobile App,West Zone,Punjab,nitin joshi,Failed,IMPS - Credit Card - Feb 2010,182993.73,126.97,833511.13
TXN5471061,CUST50812,16-09-2025,Loan Disbursal,PRD0010,Fixed Deposit,4676276.02,NEFT/RTGS,WEST ZONE,Telangana,Rajesh Sharma,Reversed,Loan Disbursal - Fixed Deposit - Sep 2025,841729.68,140.53,3834405.81
TXN2749186,CUST48063,11-12-2019,EMI Payment,PRD0014,OD Facility,2979781.53,pos,North Zone,Maharashtra,  Ramesh Yadav,Reversed,EMI Payment - OD Facility - Dec 2019,536360.68,162.38,2443258.47
TXN8678631,CUST48063,20-09-2022,Cash Deposit,PRD0007,Loan Against Property,1441698.64,ATM,North Zone,West Bengal,Anita Bose,Reversed,Cash Deposit - Loan Against Property - Sep 2022,0,130.05,1441568.59
TXN7168825,CUST83755,15-09-2015,UPI,PRD0014,OD Facility,2483783.6,POS,East Zone,Telangana,MOHAN DAS,Failed,UPI - OD Facility - Sep 2015,447081.05,330.19,2036372.36
TXN8524604,CUST61964,27-Nov-24,interest credit,PRD0006,Business Loan,Rs.3413837.05,ATM,North Zone,Gujarat,vijay kumar,Failed,Interest Credit - Business Loan - Nov 2024,0,221.04,3413616.01
TXN6205912,CUST74213,14-Dec-19,cash withdrawal,PRD0006,Business Loan,592027.1,  Phone Banking,South Zone,  Gujarat,Mohan Das,Pending,Cash Withdrawal - Business Loan - Dec 2019,106564.88,422.68,485039.54
TXN6245989,CUST75191,15-May-20,EMI Payment,PRD0009,Savings Account,2645274.1,Phone Banking,East Zone,rajasthan,Ramesh Yadav,Reversed,EMI Payment - Savings Account - May 2020,476149.34,292.51,2168832.25
TXN5949135,CUST66431,11-09-2020,Penalty Charge,PRD0006,business loan,3000957.35,NEFT/RTGS,West Zone,Karnataka,Meena Iyer,COMPLETED,Penalty Charge - Business Loan - Nov 2020,0,129.29,3000957.35
TXN6360499,CUST74213,27-Jan-25,CREDIT,PRD0004,Gold Loan,4622986.88,Phone Banking,Central Zone,PUNJAB,Ramesh Yadav,Reversed,Credit - Gold Loan - Jan 2025,832137.64,299.41,3790549.83
TXN9090712,CUST28659,05-12-2018,UPI,PRD0017,auto loan,3273391.81,Phone Banking,West Zone,Gujarat,Vijay Kumar,completed,UPI - Auto Loan - Dec 2018,0,420.08,Rs.3272971.73
TXN3362497,CUST69921,09-May-16,Credit,PRD0001,Home Loan,3961327.33,Internet Banking,  North Zone,Delhi,Sanjay Gupta,Reversed,Credit - Home Loan - May 2016,713038.92,25.86,Rs.3248262.55
TXN3431669,CUST20040,30-08-2022,RTGS,PRD0006,business loan,776493.92,NEFT/RTGS,Central Zone,Rajasthan,Meena Iyer,Pending,RTGS - Business Loan - Jan 2023,0,385.5,776108.42
TXN8037580,CUST11209,04-06-2016,Transfer,PRD0012,mutual fund,1502369.78,POS,west zone,Kerala,Meena Iyer,Under Review,Transfer - Mutual Fund - Jun 2016,0,82.75,1502287.03
TXN6017426,CUST96752,17-07-2025,Interest Credit,PRD0002,  Personal Loan,701228.76,NEFT/RTGS,East Zone,Madhya Pradesh,mohan das,Completed,Interest Credit - Personal Loan - Jul 2025,126221.18,21.31,574986.27
TXN6119884,CUST31750,26-11-2011,  Penalty Charge,PRD0001,HOME LOAN,1312507.96,NEFT/RTGS,South Zone,Rajasthan,  Meena Iyer,Completed,Penalty Charge - Home Loan - Nov 2011,236251.43,362.38,1075894.15
TXN3199482,CUST69139,25-06-2011,Loan Disbursal,PRD0011,Recurring Deposit,2139672.13,Mobile App,Central Zone,tamil nadu,Ramesh Yadav,Pending,Transfer - Recurring Deposit - Oct 2013,0,142.78,2139529.35
TXN5735392,CUST33458,10-10-2019,Cash Withdrawal,PRD0009,Savings Account,3523777.81,Phone Banking,CENTRAL ZONE,Gujarat,  Rajesh Sharma,Under Review,Cash Withdrawal - Savings Account - Oct 2019,0,289.36,3523488.45
TXN5577461,CUST86344,24-03-2014,cash withdrawal,PRD0007,Loan Against Property,25077.9,ATM,NORTH ZONE,Odisha,arun mehta,Under Review,Cash Withdrawal - Loan Against Property - Aug 2014,4514.02,442.78,20121.1
TXN4829685,CUST86344,15-Aug-14,Cash Withdrawal,PRD0007,Loan Against Property,25077.9,ATM,North Zone,Odisha,Arun Mehta,Completed,Cash Withdrawal - Loan Against Property - Aug 2014,4514.02,442.78,20121.1
TXN5982549,CUST55220,06-06-2024,EMI Payment,PRD0002,Personal Loan,4228984.33,Internet Banking,Central Zone,Rajasthan,deepa krishnan,Under Review,EMI Payment - Personal Loan - Jun 2024,761217.18,415.42,3467351.73
TXN3232004,CUST43619,13-Feb-18,EMI Payment,PRD0008,Credit Card,3752799.52,POS,Central Zone,Karnataka,Anita Bose,Failed,EMI Payment - Credit Card - Feb 2018,675503.91,281.8,3077013.81
TXN9207327,CUST66346,09-03-2016,RTGS,PRD0014,od facility,2592919.91,NEFT/RTGS,north zone,Gujarat,Lalita Devi,Completed,RTGS - OD Facility - Sep 2016,0,Rs.83.53,2592836.38
TXN4807179,CUST75494,03-06-2018,UPI,PRD0008,CREDIT CARD,4389160.39,ATM,  North Zone,andhra pradesh,SUNITA RAO,Completed,UPI - Credit Card - Mar 2018,790048.87,3.35,3599108.17
TXN4146623,CUST30517,01-05-2024,Transfer,PRD0004,Gold Loan,1035565.61,Phone Banking,north zone,Karnataka,Rajesh Sharma,Under Review,Transfer - Gold Loan - Jan 2024,186401.81,418.61,848745.19
TXN5272546,CUST59054,04-09-2020,Loan Disbursal,PRD0008,Credit Card,Rs.1028205.4,POS,south zone,Haryana,sunita rao,SUCCESS,Loan Disbursal - Credit Card - Apr 2020,0,198.6,3777628.96
TXN3668651,CUST97852,09-07-2012,EMI Payment,PRD0007,Loan Against Property,1509992.65,internet banking,NORTH ZONE,Madhya Pradesh,Amit Patel,Completed,EMI Payment - Loan Against Property - Sep 2012,0,211.58,1509781.07
TXN5846629,CUST84873,30-08-2022,Penalty Charge,PRD0009,Savings Account,Rs.3442151.91,Mobile App,  West Zone,Odisha,kavitha subramanian,Pending,Penalty Charge - Savings Account - Mar 2025,619587.34,198.62,2822365.95
TXN3004982,CUST69198,02-11-2016,CASH WITHDRAWAL,PRD0013,insurance,2084420.18,Internet Banking,SOUTH ZONE,Punjab,Priya Nair,Failed,Cash Withdrawal - Insurance - Nov 2016,375195.63,Rs.368.32,Rs.1708856.23
TXN9647277,CUST88561,05-06-2017,interest credit,PRD0005,Education Loan,2679636.18,MOBILE APP,South Zone,Uttar Pradesh,Aarav Rao,Under Review,Interest Credit - Education Loan - Jul 2017,482334.51,46.38,2197255.29
TXN2075235,CUST68837,07-08-2025,Interest Credit,PRD0014,OD Facility,4443107.99,atm,North Zone,Tamil Nadu,Nitin Joshi,Under Review,Interest Credit - OD Facility - Aug 2025,0,398.84,4442709.15
TXN6961256,CUST48780,18-Nov-20,Credit,PRD0014,OD Facility,833213.52,POS,Central Zone,Kerala,Rajesh Sharma,failed,Credit - OD Facility - Nov 2020,149978.43,177.02,683058.07
TXN9213888,CUST14555,25-04-2023,IMPS,PRD0004,Gold Loan,4419601.21,Phone Banking,West Zone,Delhi,Ramesh Yadav,Under Review,IMPS - Gold Loan - Apr 2023,0,171.08,4419430.13
TXN1536392,CUST79932,15-Nov-23,upi,PRD0008,credit card,2615910.38,ATM,North Zone,ANDHRA PRADESH,Sunita Rao,Under Review,UPI - Credit Card - Nov 2023,0,303.84,2144742.67
TXN2438761,CUST52413,01-Feb-23,  RTGS,PRD0012,Mutual Fund,399763.89,Branch,East Zone,Andhra Pradesh,Nitin Joshi,Under Review,RTGS - Mutual Fund - Feb 2023,71957.5,396.36,327410.03
TXN3596819,CUST57131,31-01-2012,cash withdrawal,PRD0009,Savings Account,4403854.21,NEFT/RTGS,West Zone,Delhi,Anita Bose,SUCCESS,Cash Withdrawal - Savings Account - Jan 2012,792693.76,393.79,3610766.66
TXN9280327,CUST17887,26-Jul-20,Loan Disbursal,PRD0006,BUSINESS LOAN,3301097.47,POS,North Zone,Uttar Pradesh,Deepa Krishnan,completed,Loan Disbursal - Business Loan - Jul 2020,594197.54,268.92,2706631.01
TXN9852910,CUST89761,18-08-2013,cash deposit,PRD0004,Gold Loan,2322651.07,Mobile App,Central Zone,Delhi,Ramesh Yadav,Completed,Cash Deposit - Gold Loan - Aug 2013,0,483.56,2322167.51
TXN4714383,CUST76787,03-Nov-19,EMI Payment,PRD0006,Business Loan,4726568.32,Mobile App,East Zone,Andhra Pradesh,Meena Iyer,Pending,EMI Payment - Business Loan - Nov 2019,Rs.850782.3,266.52,3875519.5
TXN8946040,CUST62989,31-Dec-14,Transfer,PRD0017,Auto Loan,2400946.73,ATM,West Zone,Andhra Pradesh,Amit Patel,Under Review,Transfer - Auto Loan - Dec 2014,432170.41,424.52,1968351.8
TXN6985503,CUST26547,01-03-2024,LOAN DISBURSAL,PRD0001,Home Loan,3111233.53,pos,North Zone,West Bengal,Rohan Iyer,Reversed,Loan Disbursal - Home Loan - Nov 2022,560022.04,344.42,2550867.07
TXN7502391,CUST61697,13-Oct-19,EMI Payment,PRD0009,Savings Account,236886.75,POS,south zone,Telangana,mohan das,Completed,EMI Payment - Savings Account - Oct 2019,42639.61,152,236886.75
TXN1706957,CUST41925,06-03-2012,IMPS,PRD0005,Education Loan,1451376.79,Branch,Central Zone,Andhra Pradesh,Rohan Pillai,Reversed,IMPS - Education Loan - May 2020,261247.82,282.2,1189846.77
TXN7292522,CUST50378,06-05-2017,RTGS,PRD0004,Gold Loan,3194665.74,POS,East Zone,Andhra Pradesh,Amit Patel,Reversed,RTGS - Gold Loan - Aug 2021,575039.83,296.59,2619329.32
TXN6383390,CUST98488,25-06-2020,neft,PRD0003,  Auto Loan,2928342.85,  Phone Banking,Central Zone,Haryana,Mohan Das,Under Review,NEFT - Recurring Deposit - Sep 2017,0,118.49,2928224.36
TXN8645540,CUST63093,09-04-2021,interest credit,PRD0013,Insurance,1447356.79,Mobile App,Central Zone,tamil nadu,Rajesh Sharma,Under Review,Interest Credit - Insurance - May 2018,260524.22,418.61,1186413.96
TXN6989565,CUST46915,24-04-2014,emi payment,PRD0013,Insurance,3145077.67,NEFT/RTGS,West Zone,Telangana,Arun Mehta,Reversed,EMI Payment - Insurance - Apr 2014,0,60.61,3145017.06
TXN4002161,CUST27389,07-11-2013,Cash Withdrawal,PRD0007,Loan Against Property,349622.35,INTERNET BANKING,North Zone,Madhya Pradesh,vijay kumar,Pending,Cash Withdrawal - Loan Against Property - Jun 2015,62932.02,1.37,286688.96
TXN6174796,CUST70036,15-03-2024,  EMI Payment,PRD0007,loan against property,Rs.2143763.98,Mobile App,Central Zone,Tamil Nadu,Amit Patel,Reversed,IMPS - Loan Against Property - Mar 2024,0,179.5,2143584.48
TXN9076957,CUST69566,13-08-2020,  Credit,PRD0009,SAVINGS ACCOUNT,1521888.2,ATM,West Zone,RAJASTHAN,Anita Bose,failed,Credit - Savings Account - Aug 2020,0,324.59,1521563.61
TXN5097355,CUST78116,10-02-2015,RTGS,PRD0009,Savings Account,2839369.94,Branch,West Zone,Rajasthan,Nitin Joshi,Under Review,RTGS - Savings Account - Oct 2011,511086.59,408.62,2327874.73
TXN8099132,CUST31337,11-11-2024,PENALTY CHARGE,PRD0012,Mutual Fund,587760.04,Internet Banking,NORTH ZONE,  Maharashtra,  Nitin Joshi,Completed,Penalty Charge - Mutual Fund - Aug 2015,0,144.66,481818.57
TXN8710575,CUST12050,28-08-2022,UPI,PRD0007,Loan Against Property,4810897.68,NEFT/RTGS,East Zone,Kerala,Sunita Rao,Failed,UPI - Loan Against Property - Aug 2022,0,354.55,4810543.13
TXN6883878,CUST58140,04-11-2010,UPI,PRD0010,Fixed Deposit,2350994.46,Branch,Central Zone,Andhra Pradesh,Ramesh Yadav,Completed,UPI - Fixed Deposit - Nov 2010,423179,Rs.331.88,1927483.58
TXN4855658,CUST61964,08-05-2025,upi,PRD0013,insurance,3144992.96,Phone Banking,West Zone,Haryana,Nitin Joshi,Pending,UPI - Insurance - May 2025,566098.73,56.69,2578837.54
TXN9841891,CUST34673,13-11-2014,LOAN DISBURSAL,PRD0004,Gold Loan,4399289.72,Mobile App,South Zone,Punjab,sunita rao,Failed,Loan Disbursal - Gold Loan - Nov 2014,791872.15,72.69,3607344.88
TXN2763423,CUST30730,03-06-2024,UPI,PRD0004,  Gold Loan,4179414.43,NEFT/RTGS,West Zone,Haryana,Kavitha Subramanian,Under Review,UPI - Gold Loan - Dec 2017,Rs.0,477.74,4178936.69
TXN1206663,CUST49703,11-10-2017,EMI Payment,PRD0011,recurring deposit,1999540.91,POS,central zone,Kerala,Deepa Krishnan,Pending,EMI Payment - Recurring Deposit - Oct 2017,359917.36,258.15,1639365.4
TXN6501088,CUST23159,30-07-2015,Cash Deposit,PRD0001,Home Loan,2774195.5,Phone Banking,North Zone,Rajasthan,Nitin Joshi,Under Review,Cash Deposit - Home Loan - Jul 2015,0,265.08,2773930.42
TXN1608730,CUST91167,18-02-2014,NEFT,PRD0009,Savings Account,4964524.68,mobile app,Central Zone,Rajasthan,SANJAY GUPTA,Under Review,NEFT - Savings Account - Feb 2014,0,423.96,4964100.72
TXN6446885,CUST89098,08-Jan-19,Loan Disbursal,PRD0017,Auto Loan,3761472.28,ATM,Central Zone,RAJASTHAN,Lalita Devi,Completed,Loan Disbursal - Auto Loan - Jan 2019,0,347.59,3084059.68
TXN2205715,CUST60407,18-10-2022,Interest Credit,PRD0006,Business Loan,4614858.66,Branch,West Zone,Karnataka,Ramesh Yadav,Reversed,Interest Credit - Business Loan - Oct 2022,0,69.09,4614789.57
TXN6029412,CUST51151,29-09-2013,Interest Credit,PRD0010,Fixed Deposit,Rs.1028205.4,ATM,East Zone,Kerala,Arun Mehta,Failed,Interest Credit - Fixed Deposit - Sep 2013,0,120.26,3012254.86
TXN1455991,CUST25461,06-06-2025,RTGS,PRD0012,Mutual Fund,4054358.75,Internet Banking,East Zone,andhra pradesh,Arun Mehta,Under Review,RTGS - Mutual Fund - Jun 2025,0,482.44,4053876.31
TXN5477911,CUST86957,27-Jan-20,debit,PRD0007,loan against property,Rs.1028205.4,POS,Central Zone,Madhya Pradesh,Anita Bose,Failed,Debit - Loan Against Property - Jan 2020,552600.3,451.14,2516950.25
TXN8375965,CUST17355,29-09-2024,RTGS,PRD0013,Insurance,3739110.25,POS,  West Zone,Punjab,Ramesh Yadav,Under Review,RTGS - Insurance - Sep 2024,673039.84,239.56,3065830.85
TXN4954862,CUST58931,05-06-2020,Cash Deposit,PRD0014,OD Facility,999568.23,internet banking,East Zone,Andhra Pradesh,Vijay Kumar,SUCCESS,Cash Deposit - OD Facility - Jun 2020,179922.28,367.88,819278.07
TXN7841405,CUST70810,25-07-2016,transfer,PRD0005,Education Loan,4051152.55,ATM,Central Zone,GUJARAT,nitin joshi,Reversed,Transfer - Education Loan - Jul 2016,0,194.07,4050958.48
TXN7775266,CUST93472,03-11-2023,NEFT,PRD0013,Insurance,244078.89,BRANCH,  Central Zone,Maharashtra,Rajesh Sharma,Under Review,Transfer - Insurance - Mar 2023,43934.2,335.98,199808.71
TXN1150838,CUST13109,26-01-2022,  Loan Disbursal,PRD0008,Credit Card,709962.32,NEFT/RTGS,SOUTH ZONE,Tamil Nadu,MOHAN DAS,Pending,Loan Disbursal - Credit Card - Feb 2018,127793.22,284.52,581884.58
TXN6398998,CUST77552,17-Mar-19,NEFT,PRD0004,Gold Loan,3811873.14,  Phone Banking,central zone,delhi,Ramesh Yadav,Failed,NEFT - Gold Loan - Mar 2019,0,195.39,3125540.58
TXN3791335,CUST12933,24-Feb-19,Loan Disbursal,PRD0009,Savings Account,2267885.85,Internet Banking,north zone,Gujarat,Priya Nair,Pending,Loan Disbursal - Savings Account - Feb 2019,0,113.24,2267772.61
TXN3453244,CUST63093,04-11-2012,Transfer,PRD0011,Recurring Deposit,4149916.34,branch,South Zone,HARYANA,Ramesh Yadav,Pending,Transfer - Recurring Deposit - Apr 2012,746984.94,455.09,3402476.31
TXN5251480,CUST34896,02-02-2022,Credit,PRD0001,Home Loan,2012142.65,  NEFT/RTGS,East Zone,Madhya Pradesh,Kavitha Subramanian,Under Review,Credit - Home Loan - Feb 2022,0,168.25,1649788.72
TXN3777209,CUST47416,06-Jan-12,RTGS,PRD0001,HOME LOAN,2444511.57,Internet Banking,South Zone,Haryana,Nitin Joshi,Completed,RTGS - Home Loan - Jan 2012,0,216.6,2004282.89
TXN6727249,CUST20357,31-10-2013,CREDIT,PRD0004,Gold Loan,3662390.36,POS,South Zone,Haryana,lalita devi,Completed,Interest Credit - Gold Loan - Oct 2013,0,27.52,Rs.3662362.84
TXN5882540,CUST87303,31-10-2015,IMPS,PRD0004,Gold Loan,1132191.93,  NEFT/RTGS,Central Zone,rajasthan,Amit Patel,Pending,IMPS - Gold Loan - Aug 2010,203794.55,261.11,928136.27
TXN2765955,CUST29162,14-06-2023,UPI,PRD0017,Auto Loan,2003480.26,Mobile App,East Zone,gujarat,Rajesh Sharma,Completed,UPI - Auto Loan - Jun 2023,360626.45,138.25,1642715.56
TXN6531723,CUST27428,30-03-2019,Credit,PRD0014,OD Facility,3153191.94,NEFT/RTGS,EAST ZONE,West Bengal,Deepa Krishnan,Under Review,Credit - OD Facility - Mar 2019,0,476.34,3152715.6
TXN3655155,CUST12933,24-10-2025,Cash Withdrawal,PRD0013,Insurance,31810.37,Branch,Central Zone,West Bengal,sanjay gupta,Reversed,Cash Withdrawal - Insurance - Oct 2025,5725.87,90.37,25994.13
TXN3660196,CUST17887,29-04-2018,RTGS,PRD0005,Education Loan,1048567.26,ATM,North Zone,  Kerala,Amit Patel,Failed,RTGS - Education Loan - Apr 2018,0,258.04,1048309.22
TXN7566087,CUST44825,27-09-2020,CASH DEPOSIT,PRD0014,od facility,4735639.17,Branch,South Zone,West Bengal,Anita Bose,Reversed,Cash Deposit - OD Facility - Sep 2020,0,38.23,4735600.94
TXN4859719,CUST44825,27-Sep-20,Cash Deposit,PRD0014,OD Facility,4735639.17,Branch,South Zone,West Bengal,Anita Bose,Completed,Cash Deposit - OD Facility - Sep 2020,0,38.23,4735600.94
TXN1175953,CUST51116,12-Apr-22,Cash Withdrawal,PRD0010,Fixed Deposit,3291979.6,ATM,South Zone,Karnataka,Priya Nair,Pending,UPI - Fixed Deposit - Apr 2022,0,Rs.158.66,Rs.2699264.61
TXN6716809,CUST90117,31-08-2013,NEFT,PRD0001,Home Loan,3037596.98,POS,  South Zone,  Haryana,sanjay gupta,Reversed,NEFT - Home Loan - Aug 2013,546767.46,Rs.376.11,2490453.41
TXN2785481,CUST43357,18-04-2018,EMI Payment,PRD0009,Savings Account,122346.3,INTERNET BANKING,North Zone,Haryana,Rajesh Sharma,Pending,EMI Payment - Savings Account - May 2012,22022.33,384.76,99939.21
TXN3148099,CUST60079,06-11-2018,Transfer,PRD0001,Home Loan,3817581.87,POS,East Zone,Uttar Pradesh,Priya Nair,Failed,Transfer - Home Loan - Mar 2022,0,41.32,3817540.55
TXN9793962,CUST88956,05-Apr-14,IMPS,PRD0008,CREDIT CARD,684943.77,MOBILE APP,North Zone,Gujarat,nitin joshi,Under Review,IMPS - Credit Card - Apr 2014,123289.88,216.69,561437.2
TXN5604729,CUST19952,31-Jan-24,Loan Disbursal,PRD0011,Recurring Deposit,2629210.03,Mobile App,West Zone,Madhya Pradesh,Mohan Das,Completed,RTGS - Recurring Deposit - Jan 2024,0,492.75,2628717.28
TXN8024233,CUST45989,22-06-2015,Penalty Charge,PRD0003,  Auto Loan,517770.85,POS,west zone,Andhra Pradesh,Nitin Joshi,Failed,Penalty Charge - OD Facility - Jun 2015,0,361.01,517409.84
TXN9232050,CUST76115,21-12-2011,Transfer,PRD0004,Gold Loan,4325114.45,NEFT/RTGS,North Zone,Karnataka,Arun Mehta,SUCCESS,Transfer - Gold Loan - Dec 2011,0,365.94,4324748.51
TXN4571118,CUST97755,28-09-2018,transfer,PRD0002,Personal Loan,3707596.04,mobile app,Central Zone,Rajasthan,Ananya Das,Reversed,Transfer - Personal Loan - Sep 2018,667367.29,355.65,3039873.1
TXN4746124,CUST51032,30-03-2015,Transfer,PRD0005,Education Loan,2758652.26,Branch,North Zone,Odisha,  Arun Mehta,Pending,Transfer - Education Loan - Dec 2016,0,410.72,2758241.54
TXN5719567,CUST30730,03-06-2024,IMPS,PRD0017,Auto Loan,2335593.62,POS,East Zone,Rajasthan,Ramesh Yadav,Reversed,IMPS - Auto Loan - May 2019,420406.85,138.05,1915048.72
TXN1365747,CUST81732,05-12-2015,NEFT,PRD0002,Personal Loan,1060666,Mobile App,east zone,delhi,lalita devi,Completed,NEFT - Personal Loan - May 2015,190919.88,369.57,Rs.869376.55
TXN1187799,CUST64415,11-11-2024,interest credit,PRD0002,Personal Loan,1680488.34,POS,North Zone,delhi,priya nair,Reversed,Interest Credit - Personal Loan - Jan 2025,0,0,1680440.05
TXN1710985,CUST91490,15-Apr-14,Credit,PRD0011,RECURRING DEPOSIT,2914801.76,Internet Banking,south zone,MADHYA PRADESH,Meena Iyer,Under Review,Credit - Recurring Deposit - Apr 2014,524664.32,51.72,2390085.72
TXN1557090,CUST64415,11-08-2022,Debit,PRD0002,Personal Loan,4101731.61,  Internet Banking,East Zone,West Bengal,Rajesh Sharma,Completed,Debit - Personal Loan - Aug 2022,738311.69,393.92,3363026
TXN4492924,CUST87165,19-Feb-13,DEBIT,PRD0013,Insurance,1868269.56,neft/rtgs,North Zone,Kerala,Lalita Devi,Under Review,Debit - Insurance - Feb 2013,336288.52,87.61,1531893.43
TXN7224289,CUST39355,09-05-2023,Penalty Charge,PRD0017,Auto Loan,3479802.35,internet banking,EAST ZONE,  Odisha,Arun Mehta,Pending,Penalty Charge - Auto Loan - Aug 2019,Rs.0,203.23,3479599.12
TXN4523676,CUST80972,09-05-2023,Penalty Charge,PRD0004,Gold Loan,1628788.95,  ATM,east zone,Rajasthan,Priya Nair,Pending,Penalty Charge - Gold Loan - Feb 2022,0,62.19,1628726.76
TXN3977009,CUST23614,09-Oct-12,EMI PAYMENT,PRD0011,Recurring Deposit,3266333.5,Phone Banking,East Zone,Tamil Nadu,Priya Nair,Pending,EMI Payment - Recurring Deposit - Oct 2012,587940.03,389.52,Rs.2678003.95
TXN6774311,CUST83716,13-Mar-24,Debit,PRD0003,  Auto Loan,3066986.19,Internet Banking,West Zone,odisha,Rajesh Sharma,Pending,Debit - Gold Loan - Mar 2024,552057.51,276.51,2514652.17
TXN9435225,CUST74174,23-01-2022,Cash Deposit,PRD0010,Fixed Deposit,4487675.71,NEFT/RTGS,west zone,Madhya Pradesh,Vijay Kumar,Reversed,Cash Deposit - Fixed Deposit - Jan 2022,807781.63,40.14,3679853.94
TXN6876376,CUST83716,05-08-2013,NEFT,PRD0013,Insurance,4292638.31,MOBILE APP,North Zone,West Bengal,LALITA DEVI,Completed,NEFT - Insurance - May 2013,0,465.02,4292173.29
TXN1437496,CUST78740,08-06-2021,NEFT,PRD0005,Education Loan,4257738.07,Phone Banking,NORTH ZONE,Andhra Pradesh,sanjay gupta,Completed,NEFT - Education Loan - Jun 2021,0,408.25,4257329.82
TXN6006926,CUST23751,04-Mar-16,Penalty Charge,PRD0005,Education Loan,2200729.5,Branch,Central Zone,Madhya Pradesh,mohan das,Failed,Penalty Charge - Education Loan - Mar 2016,0,156.67,2200572.83
TXN5428442,CUST83872,09-07-2016,Debit,PRD0017,Auto Loan,2670500.6,Phone Banking,South Zone,Karnataka,Sanjay Gupta,Reversed,Debit - Auto Loan - Jul 2016,480690.11,21.6,2189788.89
TXN8233881,CUST76935,23-11-2022,Cash Deposit,PRD0017,Auto Loan,4741209.08,ATM,central zone,Kerala,deepa krishnan,Reversed,Cash Deposit - Auto Loan - Nov 2022,853417.63,335.34,3887456.11
TXN3418332,CUST82089,07-Jan-10,Penalty Charge,PRD0013,insurance,98650.92,POS,Central Zone,Maharashtra,Mohan Das,Reversed,Penalty Charge - Insurance - Jan 2010,17757.17,400.69,80493.06
TXN2691686,CUST58140,20-09-2011,Transfer,PRD0017,Auto Loan,Rs.2144001.96,INTERNET BANKING,North Zone,Madhya Pradesh,Rajesh Sharma,Pending,Transfer - Auto Loan - Sep 2011,0,464.13,2143537.83
TXN2374208,CUST64396,17-09-2016,Debit,PRD0017,AUTO LOAN,2361882.65,  NEFT/RTGS,North Zone,Maharashtra,Amit Patel,completed,Debit - Auto Loan - Mar 2020,0,117.72,1936626.05
TXN2749984,CUST58705,26-07-2014,IMPS,PRD0009,savings account,3241066.84,Branch,North Zone,Haryana,VIJAY KUMAR,failed,IMPS - Savings Account - Jul 2014,583392.03,0,2657587.46
TXN4895665,CUST32273,12-02-2014,Cash Deposit,PRD0007,LOAN AGAINST PROPERTY,3446320.36,NEFT/RTGS,north zone,TAMIL NADU,Meena Iyer,Pending,Cash Deposit - Loan Against Property - Feb 2014,620337.66,287.78,2825694.92
TXN4407235,CUST46935,10-06-2025,Cash Deposit,PRD0013,Insurance,4424715.62,Phone Banking,West Zone,Gujarat,  Ramesh Yadav,Under Review,Cash Deposit - Insurance - Jun 2015,796448.81,4.79,3628262.02
TXN7757132,CUST29356,23-12-2017,IMPS,PRD0008,Credit Card,1689421.67,Internet Banking,East Zone,Tamil Nadu,Ramesh Yadav,Completed,IMPS - Credit Card - Dec 2017,0,230.26,1689191.41
TXN2941247,CUST59689,27-11-2020,Transfer,PRD0005,EDUCATION LOAN,2798194.51,Mobile App,East Zone,Odisha,Nitin Joshi,Pending,Transfer - Education Loan - Nov 2020,0,277.52,2797916.99
TXN5198924,CUST41696,09-01-2020,upi,PRD0004,GOLD LOAN,759429.48,Mobile App,South Zone,  Haryana,Meena Iyer,Under Review,UPI - Gold Loan - Jan 2020,0,255.02,759174.46
TXN6943075,CUST87303,31-10-2015,Transfer,PRD0007,Loan Against Property,Rs.1028205.4,Mobile App,East Zone,Telangana,LALITA DEVI,Failed,Transfer - Loan Against Property - Sep 2018,0,330.09,1986161.7
TXN5802162,CUST58931,14-01-2016,NEFT,PRD0009,Savings Account,4503352.45,ATM,West Zone,Odisha,Nitin Joshi,Failed,NEFT - Savings Account - Jan 2016,810603.44,280.84,3692468.17
TXN5716811,CUST89098,21-11-2021,Penalty Charge,PRD0004,Gold Loan,1929832.8,Phone Banking,south zone,karnataka,arun mehta,Completed,Penalty Charge - Gold Loan - Nov 2021,0,0,Rs.1929793.38
TXN2437515,CUST45501,16-02-2014,emi payment,PRD0013,Insurance,879553.72,branch,West Zone,Telangana,  Anita Bose,Reversed,EMI Payment - Insurance - Feb 2014,158319.67,342.22,720891.83
TXN8957515,CUST60079,07-12-2025,Cash Deposit,PRD0011,Recurring Deposit,3638307.41,Branch,South Zone,KERALA,Sanjay Gupta,SUCCESS,Cash Deposit - Recurring Deposit - Dec 2025,Rs.654895.33,151.94,2983260.14
TXN2786428,CUST31093,10-07-2022,Penalty Charge,PRD0009,Savings Account,3873538.84,Internet Banking,South Zone,Kerala,RAMESH YADAV,Pending,Penalty Charge - Savings Account - Jul 2022,0,486.92,3873051.92
TXN5595675,CUST93634,16-05-2011,UPI,PRD0007,Loan Against Property,1440981.83,Branch,north zone,Haryana,anita bose,Pending,UPI - Loan Against Property - Dec 2020,0,57.02,1440924.81
TXN1111394,CUST84455,29-02-2020,Interest Credit,PRD0011,Recurring Deposit,544097.42,phone banking,  North Zone,Madhya Pradesh,Meena Iyer,SUCCESS,Interest Credit - Recurring Deposit - Mar 2020,0,180.56,543916.86
TXN9025787,CUST84455,29-02-2020,Interest Credit,PRD0011,Recurring Deposit,544097.42,Phone Banking,North Zone,Madhya Pradesh,Meena Iyer,Completed,Interest Credit - Recurring Deposit - Mar 2020,0,180.56,543916.86
TXN3445593,CUST90868,05-07-2018,Cash Withdrawal,PRD0004,Gold Loan,2861789.93,Mobile App,south zone,Karnataka,ramesh yadav,Reversed,Cash Withdrawal - Gold Loan - May 2018,0,209.55,2861580.38
TXN4577667,CUST26961,13-06-2012,Loan Disbursal,PRD0005,Education Loan,3410801.16,phone banking,Central Zone,ANDHRA PRADESH,Deepa Krishnan,Failed,Credit - Education Loan - Jun 2012,613944.21,264.94,2796592.01
TXN1681743,CUST86957,02-08-2012,NEFT,PRD0011,Recurring Deposit,4788982.21,POS,North Zone,andhra pradesh,Kavitha Subramanian,Under Review,NEFT - Recurring Deposit - Aug 2012,Rs.0,387.83,Rs.4788594.38
TXN4070299,CUST27295,11-10-2024,loan disbursal,PRD0008,Credit Card,574880.69,INTERNET BANKING,East Zone,Karnataka,Mohan Das,Pending,Loan Disbursal - Credit Card - Oct 2024,103478.52,0.49,471401.68
TXN5059191,CUST27295,11-10-2024,Loan Disbursal,PRD0008,Credit Card,574880.69,Internet Banking,East Zone,Karnataka,Mohan Das,Completed,Loan Disbursal - Credit Card - Oct 2024,103478.52,0.49,471401.68
TXN8359854,CUST63093,09-04-2021,  Interest Credit,PRD0009,Savings Account,Rs.2680530.0,neft/rtgs,CENTRAL ZONE,KARNATAKA,Lalita Devi,Pending,Interest Credit - Savings Account - Aug 2015,0,474.32,2680055.68
TXN6673055,CUST84393,04-08-2014,IMPS,PRD0012,Mutual Fund,4051979.8,INTERNET BANKING,North Zone,Punjab,amit patel,Reversed,IMPS - Mutual Fund - Aug 2014,729356.36,165.52,3322457.92
TXN9486285,CUST95235,08-04-2020,RTGS,PRD0011,Recurring Deposit,4328070.94,Internet Banking,South Zone,West Bengal,Amit Patel,Completed,RTGS - Recurring Deposit - Apr 2020,0,21.3,3548996.87
TXN7387250,CUST47594,09-05-2023,IMPS,PRD0017,Auto Loan,3030143.04,POS,South Zone,Karnataka,nitin joshi,Pending,IMPS - Auto Loan - Aug 2018,545425.75,160.14,2484557.15
TXN6639439,CUST23751,27-Aug-15,Loan Disbursal,PRD0007,loan against property,3071219.33,NEFT/RTGS,East Zone,HARYANA,Ramesh Yadav,Pending,Loan Disbursal - Loan Against Property - Aug 2015,552819.48,90.38,2518309.47
TXN3436508,CUST17887,05-02-2023,LOAN DISBURSAL,PRD0006,  Business Loan,4388368,  Mobile App,  South Zone,Odisha,Deepa Krishnan,Pending,Loan Disbursal - Business Loan - Feb 2023,789906.24,341.4,3598120.36
TXN7192186,CUST27840,18-03-2012,IMPS,PRD0009,Savings Account,4001753.27,ATM,SOUTH ZONE,PUNJAB,Arun Mehta,Completed,Cash Deposit - Savings Account - Jan 2013,720315.59,407.74,3281029.94
TXN2815916,CUST45501,22-08-2025,Credit,PRD0012,Mutual Fund,1679874.67,NEFT/RTGS,east zone,Andhra Pradesh,priya nair,Reversed,Credit - Mutual Fund - Jun 2014,302377.44,481.6,1377015.63
TXN1160809,CUST31534,27-11-2015,EMI Payment,PRD0011,Recurring Deposit,1008654.1,Phone Banking,East Zone,Madhya Pradesh,Arun Mehta,Reversed,EMI Payment - Recurring Deposit - Nov 2015,0,9.47,1008644.63
TXN3328830,CUST31534,18-04-2018,EMI Payment,PRD0011,Recurring Deposit,1008654.1,Phone Banking,East Zone,Madhya Pradesh,Arun Mehta,Completed,EMI Payment - Recurring Deposit - Nov 2015,0,9.47,1008644.63
TXN7126472,CUST76935,04-May-25,Debit,PRD0010,Fixed Deposit,2893663.05,Branch,West Zone,GUJARAT,Deepa Krishnan,Reversed,Debit - Fixed Deposit - May 2025,520859.35,129.09,2372674.61
TXN7090889,CUST83308,10-02-2015,interest credit,PRD0007,loan against property,4792148.13,Internet Banking,Central Zone,Delhi,ramesh yadav,Pending ,Interest Credit - Loan Against Property - May 2024,0,35.95,4792112.18
TXN9255743,CUST26144,25-06-2011,Loan Disbursal,PRD0003,  Auto Loan,3954642.81,POS,West Zone,Punjab,kavitha subramanian,Pending,Loan Disbursal - Business Loan - Apr 2010,711835.71,416.72,3242390.38
TXN5985648,CUST20127,13-10-2022,Credit,PRD0002,PERSONAL LOAN,108871.96,pos,North Zone,Andhra Pradesh,Vijay Kumar,Pending,Credit - Personal Loan - Nov 2024,0,182.06,108689.9
TXN7320098,CUST28659,25-02-2020,NEFT,PRD0006,business loan,134065.61,ATM,West Zone,Haryana,NITIN JOSHI,Reversed,NEFT - Business Loan - Feb 2020,0,57.46,134008.15
TXN1949406,CUST39762,07-09-2015,Interest Credit,PRD0006,Business Loan,3296899.67,Mobile App,North Zone,Odisha,Ramesh Yadav,Completed,Interest Credit - Business Loan - Jul 2015,593441.94,42.95,2703414.78
TXN8757809,CUST51116,09-04-2019,Cash Deposit,PRD0011,Recurring Deposit,806854.85,Mobile App,East Zone,Uttar Pradesh,Lalita Devi,Completed,Cash Deposit - Recurring Deposit - May 2012,0,411.56,806443.29
TXN8213895,CUST75251,18-06-2010,  Interest Credit,PRD0005,Education Loan,2058133.47,Phone Banking,Central Zone,Madhya Pradesh,Sanjay Gupta,Under Review,Interest Credit - Education Loan - Jun 2010,0,333.58,2057799.89
TXN2887358,CUST93472,25-May-17,transfer,PRD0009,Savings Account,159820.58,NEFT/RTGS,West Zone,Odisha,Ramesh Yadav,Under Review,Transfer - Savings Account - May 2017,28767.7,89.61,130963.27
TXN7334518,CUST43357,23-06-2018,debit,PRD0004,gold loan,4570284.6,Mobile App,South Zone,Telangana,Deepa Krishnan,Completed,Debit - Gold Loan - Jun 2018,0,276.88,4570007.72
TXN2206773,CUST29482,03-09-2014,Credit,PRD0013,insurance,4408373.43,  Mobile App,CENTRAL ZONE,Tamil Nadu,Deepa Krishnan,Failed,Credit - Insurance - Sep 2014,0,40.63,4408332.8
TXN3638672,CUST61992,11-08-2019,Interest Credit,PRD0011,Recurring Deposit,1423100.04,Branch,West Zone,Uttar Pradesh,Deepa Krishnan,Failed,Interest Credit - Recurring Deposit - Aug 2019,256158.01,497.42,1166444.61
TXN2145016,CUST33206,23-10-2023,Transfer,PRD0007,LOAN AGAINST PROPERTY,4127076.18,internet banking,North Zone,Haryana,Lalita Devi,Reversed,Transfer - Loan Against Property - Aug 2023,0,319,4126757.18
TXN9082989,CUST86273,18-09-2014,EMI Payment,PRD0012,Mutual Fund,Rs.4689211.51,NEFT/RTGS,East Zone,Delhi,Deepa Krishnan,Completed,EMI Payment - Mutual Fund - Sep 2014,0,417.36,4688794.15
TXN3779008,CUST18807,14-07-2018,Cash Withdrawal,PRD0009,Savings Account,2172451.44,NEFT/RTGS,North Zone,ANDHRA PRADESH,Lalita Devi,Failed,Cash Withdrawal - Savings Account - Sep 2017,Rs.0,187.83,2172263.61
TXN4521251,CUST14791,23-10-2013,IMPS,PRD0096,  Mutual Fund,2627838.69,BRANCH,West Zone,delhi,Priya Nair,Failed,IMPS - Mutual Fund - Oct 2013,473010.96,344.91,2154482.82
TXN2535917,CUST30516,17-Jul-11,EMI Payment,PRD0012,Mutual Fund,704986.21,Internet Banking,North Zone,Punjab,Lalita Devi,Reversed,EMI Payment - Mutual Fund - Jul 2011,0,0,704669.36
TXN2390357,CUST78116,20-02-2015,neft,PRD0014,OD FACILITY,4018460.14,NEFT/RTGS,South Zone,Haryana,Kavitha Subramanian,Under Review,NEFT - OD Facility - Feb 2015,723322.83,4.26,Rs.3295133.05
TXN8466807,CUST61697,09-06-2021,Debit,PRD0007,loan against property,1524943.63,NEFT/RTGS,EAST ZONE,MAHARASHTRA,Ramesh Yadav,Failed,Debit - Loan Against Property - Jun 2021,274489.85,145.77,1250308.01
TXN6818615,CUST58931,28-08-2016,EMI Payment,PRD0008,Credit Card,343646.49,NEFT/RTGS,Central Zone,rajasthan,Nitin Joshi,Completed,EMI Payment - Credit Card - Aug 2016,61856.37,8.1,Rs.281782.02
TXN1067007,CUST61964,05-10-2019,neft,PRD0012,mutual fund,4903493.48,Branch,  East Zone,Delhi,Anita Bose,Completed,NEFT - Mutual Fund - Oct 2019,882628.83,436.31,4020428.34
TXN7830008,CUST22108,26-06-2013,UPI,PRD0002,Personal Loan,1404620.3,POS,North Zone,Telangana,LALITA DEVI,Failed,UPI - Personal Loan - Jun 2013,252831.65,300.17,1151488.48
TXN9074923,CUST45338,13-07-2010,NEFT,PRD0008,Credit Card,1265491.47,Branch,EAST ZONE,odisha,lalita devi,Under Review,NEFT - Credit Card - Jul 2010,227788.46,498.03,1037204.98
TXN9140377,CUST62751,08-12-2017,TRANSFER,PRD0001,Home Loan,626061.1,neft/rtgs,Central Zone,Haryana,Ramesh Yadav,Reversed,Transfer - Home Loan - Dec 2017,112691,448.86,512921.24
TXN8169385,CUST50166,09-04-2021,Penalty Charge,PRD0002,Personal Loan,93978.62,POS,South Zone,Maharashtra,NITIN JOSHI,Failed,Penalty Charge - Personal Loan - Mar 2016,16916.15,375.47,93978.62
TXN8773367,CUST60079,23-10-2023,EMI PAYMENT,PRD0004,Gold Loan,4252902.2,Mobile App,Central Zone,kerala,  Mohan Das,Pending,EMI Payment - Gold Loan - Oct 2023,0,151.96,4252750.24
TXN6158517,CUST16076,01-11-2024,INTEREST CREDIT,PRD0005,EDUCATION LOAN,272594.98,NEFT/RTGS,Central Zone,Odisha,Vijay Kumar,SUCCESS,Interest Credit - Education Loan - Nov 2024,0,375.55,272219.43
TXN3886070,CUST65685,22-07-2019,Debit,PRD0075,  Education Loan,1374745.27,Phone Banking,North Zone,Madhya Pradesh,Sunita Rao,Reversed,Debit - Education Loan - Jul 2019,0,286.95,1374458.32
TXN1120852,CUST54017,25-06-2017,Penalty Charge,PRD0013,  Insurance,2735794.81,Branch,North Zone,Rajasthan,SUNITA RAO,Reversed,Penalty Charge - Insurance - Jun 2017,0,79.54,2735715.27
TXN7892581,CUST47982,11-01-2022,Cash Deposit,PRD0008,Credit Card,3592333.91,  POS,central zone,Karnataka,  Anita Bose,Reversed,Cash Deposit - Credit Card - Sep 2021,0,129.47,3592204.44
TXN7522853,CUST69892,01-03-2024,UPI,PRD0007,Loan Against Property,819434.25,Mobile App,Central Zone,Maharashtra,arun mehta,Failed,UPI - Loan Against Property - Mar 2020,147498.17,141.63,671794.45
TXN9583613,CUST78742,05-02-2012,EMI Payment,PRD0006,Business Loan,1257498.27,branch,North Zone,Delhi,KAVITHA SUBRAMANIAN,Completed,EMI Payment - Business Loan - May 2012,226349.69,85.32,1031063.26
TXN7415319,CUST62286,30-08-2022,credit,PRD0003,  Auto Loan,565685.34,POS,East Zone,telangana,Rajesh Sharma,Pending,Credit - Insurance - Apr 2018,101823.36,134.47,463727.51
TXN7418463,CUST74437,01-03-2010,Debit,PRD0004,Gold Loan,2913476.74,POS,SOUTH ZONE,Kerala,Kavitha Subramanian,Completed,Debit - Gold Loan - Jan 2010,524425.81,365.04,2388685.89
TXN9425305,CUST24134,11-07-2016,Penalty Charge,PRD0017,Auto Loan,1285063,Mobile App,Central Zone,punjab,Amit Patel,Completed,Penalty Charge - Auto Loan - Jul 2021,231311.34,165.04,1285063
TXN7668623,CUST33206,30-12-2025,Penalty Charge,PRD0011,Recurring Deposit,1712134.37,  ATM,central zone,Kerala,Arun Mehta,Reversed,Penalty Charge - Recurring Deposit - Dec 2025,308184.19,2.07,Rs.1403948.11
TXN9684376,CUST22050,24-08-2023,Cash Withdrawal,PRD0017,Auto Loan,285669.75,Phone Banking,Central Zone,Maharashtra,Arun Mehta,Under Review,Cash Withdrawal - Auto Loan - Sep 2025,51420.56,416.63,233832.56
TXN2225008,CUST49302,03-11-2016,Loan Disbursal,PRD0007,Loan Against Property,185353.6,NEFT/RTGS,south zone,Karnataka,Lalita Devi,Failed,Loan Disbursal - Loan Against Property - Sep 2015,0,57.31,185296.29
TXN8966567,CUST53420,07-May-24,Cash Withdrawal,PRD0013,Insurance,Rs.591058.4,Branch,North Zone,Maharashtra,Anita Bose,Reversed,Cash Withdrawal - Insurance - May 2024,0,49.17,591009.23
TXN3183886,CUST38748,04-Feb-14,Interest Credit,PRD0005,Education Loan,15493.62,ATM,East Zone,Delhi,Sunita Rao,Failed,Interest Credit - Education Loan - Feb 2014,2788.85,279.99,12424.78
TXN6016545,CUST51116,01-04-2010,Transfer,PRD0013,Insurance,2241533.54,Branch,Central Zone,TAMIL NADU,Mohan Das,Completed,Transfer - Insurance - Jan 2010,0,98.69,2241434.85
TXN3441601,CUST72505,17-08-2024,NEFT,PRD0009,Savings Account,3927478.02,INTERNET BANKING,West Zone,Uttar Pradesh,PRIYA NAIR,Pending,NEFT - Savings Account - Aug 2024,0,196.67,3927281.35
TXN3715349,CUST50378,07-10-2023,Credit,PRD0012,Mutual Fund,1683725.24,POS,West Zone,WEST BENGAL,Rajesh Sharma,Pending,Credit - Mutual Fund - Oct 2023,303070.54,Rs.154.16,1380500.54
TXN9360583,CUST52413,14-04-2021,Loan Disbursal,PRD0009,savings account,401003.62,Internet Banking,SOUTH ZONE,Rajasthan,Anita Bose,Pending,Loan Disbursal - Savings Account - Apr 2021,0,169.64,400833.98
TXN8813291,CUST26936,17-05-2025,LOAN DISBURSAL,PRD0010,Fixed Deposit,2504446.85,POS,East Zone,gujarat,Meena Iyer,Reversed,Loan Disbursal - Fixed Deposit - Feb 2024,450800.43,259.77,2053386.65
TXN1536647,CUST76787,25-08-2021,Cash Deposit,PRD0009,Savings Account,2785215.82,NEFT/RTGS,Central Zone,  Rajasthan,Deepa Krishnan,Under Review,Cash Deposit - Savings Account - Aug 2021,0,217.15,2784998.67
TXN4656455,CUST19924,30-01-2015,RTGS,PRD0007,loan against property,4353852.51,Branch,SOUTH ZONE,Rajasthan,Deepa Krishnan,Completed,RTGS - Loan Against Property - Jan 2015,0,276.4,4353576.11
TXN5118204,CUST83755,10-06-2023,penalty charge,PRD0004,Gold Loan,3496690.79,Mobile App,South Zone,Delhi,Mohan Patel,Pending,Penalty Charge - Gold Loan - Jun 2023,629404.34,366.34,2866920.11
TXN1258829,CUST34600,18-10-2014,interest credit,PRD0001,Home Loan,4957030.78,PHONE BANKING,east zone,Delhi,Deepa Krishnan,Completed,Interest Credit - Home Loan - Oct 2014,0,240.11,4956790.67
TXN3958337,CUST94008,04-07-2020,Penalty Charge,PRD0011,Recurring Deposit,1659228.72,Mobile App,East Zone,Maharashtra,Mohan Das,Completed,Penalty Charge - Recurring Deposit - May 2021,298661.17,123.57,1360443.98
TXN2479299,CUST19658,13-04-2013,Transfer,PRD0007,loan against property,1777387.11,  ATM,North Zone,Punjab,Anita Bose,Pending,Transfer - Loan Against Property - Apr 2013,319929.68,311.37,1457146.06
TXN6165672,CUST64415,02-10-2013,UPI,PRD0002,Personal Loan,44636.96,NEFT/RTGS,West Zone,haryana,Rohan Patel,COMPLETED,UPI - Personal Loan - Oct 2013,0,402.83,44234.13
TXN9418335,CUST43330,18-01-2019,TRANSFER,PRD0006,Business Loan,4181217.34,ATM,Central Zone,Telangana,rajesh sharma,Failed,Transfer - Business Loan - Jan 2019,752619.12,404.32,3428193.9
TXN2544816,CUST89954,16-Oct-16,Cash Withdrawal,PRD0006,Business Loan,4891807.74,BRANCH,west zone,Uttar Pradesh,mohan das,Reversed,Cash Withdrawal - Business Loan - Oct 2016,880525.39,230.19,4011052.16
TXN1968561,CUST29356,14-09-2024,cash withdrawal,PRD0017,Auto Loan,2209710.29,Internet Banking,West Zone,KERALA,Mohan Das,Pending,Cash Withdrawal - Auto Loan - Sep 2024,0,484.71,2209225.58
TXN5871094,CUST30517,11-12-2015,Transfer,PRD0007,Loan Against Property,3757779.02,POS,Central Zone,Kerala,AMIT PATEL,Failed,Transfer - Loan Against Property - Dec 2015,0,16.67,3757762.35
TXN7353022,CUST34420,10-08-2016,RTGS,PRD0003,  Auto Loan,3260339.55,Mobile App,EAST ZONE,Karnataka,Lalita Devi,Completed,RTGS - Savings Account - Aug 2016,586861.12,274,2673204.43
TXN9785373,CUST93284,11-08-2023,TRANSFER,PRD0004,Gold Loan,3516276.4,ATM,  North Zone,Odisha,Meena Iyer,Failed,Transfer - Gold Loan - Aug 2023,0,173.8,3516102.6
TXN4975243,CUST21770,22-Mar-25,EMI Payment,PRD0012,Mutual Fund,1972471.71,Phone Banking,North Zone,Rajasthan,Priya Nair,Completed,EMI Payment - Mutual Fund - Mar 2025,355044.91,347.9,1617078.9
TXN6007542,CUST34896,03-05-2022,Cash Deposit,PRD0007,Loan Against Property,4802144.77,Mobile App,  Central Zone,Telangana,Meena Iyer,Pending,Cash Deposit - Loan Against Property - Jul 2012,864386.06,175.38,3937583.33
TXN9375822,CUST17887,26-10-2014,Credit,PRD0002,Personal Loan,4367384,MOBILE APP,SOUTH ZONE,Tamil Nadu,Ramesh Yadav,Pending,Credit - Personal Loan - Oct 2014,786129.12,5.31,3581249.57
TXN8337720,CUST74213,25-06-2017,UPI,PRD0008,  Credit Card,1942317.86,atm,Central Zone,uttar pradesh,Ramesh Yadav,Under Review,UPI - Credit Card - Jun 2017,349617.21,Rs.135.44,1592565.21
TXN8685689,CUST60738,06-08-2017,  Penalty Charge,PRD0011,Recurring Deposit,3052503.61,ATM,west zone,Odisha,VIJAY KUMAR,Under Review,Penalty Charge - Recurring Deposit - Jun 2017,549450.65,336.87,2502716.09
TXN7920619,CUST42925,12-01-2014,NEFT,PRD0007,Loan Against Property,485423.93,PHONE BANKING,West Zone,Uttar Pradesh,AMIT PATEL,Reversed,NEFT - Loan Against Property - Jan 2014,0,31.23,485392.7
TXN6840207,CUST16461,19-07-2012,transfer,PRD0014,OD Facility,899078.61,phone banking,Central Zone,Kerala,Priya Nair,Under Review,Transfer - OD Facility - Jul 2012,0,333.76,898744.85
TXN6752636,CUST24029,08-02-2022,NEFT,PRD0001,Home Loan,3617476.46,ATM,West Zone,Gujarat,  Arun Mehta,Completed,NEFT - Home Loan - Jul 2018,651145.76,271.69,2966059.01
TXN4652940,CUST52568,12-04-2017,Loan Disbursal,PRD0007,Loan Against Property,3016922.57,Internet Banking,West Zone,HARYANA,ARUN MEHTA,Under Review,Loan Disbursal - Loan Against Property - May 2011,543046.06,12.14,2473864.37
TXN5383489,CUST22108,26-07-2013,Cash Deposit,PRD0007,LOAN AGAINST PROPERTY,2588532.61,Internet Banking,West Zone,MADHYA PRADESH,mohan das,Under Review,Cash Deposit - Loan Against Property - Jul 2013,465935.87,224.9,2122371.84
TXN1793394,CUST27284,24-11-2024,IMPS,PRD0006,Business Loan,1228816.05,Branch,North Zone,Gujarat,Vijay Kumar,Failed,IMPS - Business Loan - Nov 2024,221186.89,0,1007622.95
TXN9422382,CUST69839,24-03-2014,Debit,PRD0001,Home Loan,3805185.52,ATM,West Zone,Karnataka,kavitha subramanian,Completed,Debit - Home Loan - Sep 2015,0,0,3805126.1
TXN5454205,CUST18807,21-08-2015,Transfer,PRD0012,mutual fund,966366.75,Mobile App,East Zone,Haryana,Mohan Das,Completed,Transfer - Mutual Fund - Aug 2015,0,427.09,965939.66
TXN8894649,CUST59054,14-09-2020,Cash Deposit,PRD0004,Gold Loan,884867.33,NEFT/RTGS,North Zone,Haryana,Arun Mehta,Pending,Cash Deposit - Gold Loan - Sep 2020,0,242.49,884624.84
TXN2253560,CUST86397,29-03-2024,IMPS,PRD0008,credit card,3683512.91,NEFT/RTGS,Central Zone,TELANGANA,Mohan Das,Reversed,IMPS - Credit Card - Dec 2025,0,207.97,3683304.94
TXN9625365,CUST17179,22-11-2020,  Cash Withdrawal,PRD0004,Gold Loan,4757597.54,Internet Banking,  North Zone,Rajasthan,Kavya Bose,Pending,Cash Withdrawal - Gold Loan - Jul 2025,856367.56,0,3901169.79
TXN4190868,CUST51311,26-01-2023,Cash Withdrawal,PRD0004,Gold Loan,3844833.64,NEFT/RTGS,East Zone,Madhya Pradesh,Priya Nair,Reversed,Cash Withdrawal - Gold Loan - Jan 2023,692070.06,491.41,3152272.17
TXN1979924,CUST92203,07-Oct-18,RTGS,PRD0014,OD FACILITY,3005211.95,Internet Banking,WEST ZONE,Maharashtra,Sunita Rao,Completed,RTGS - OD Facility - Oct 2018,0,24.67,2464249.13
TXN5438524,CUST64396,25-11-2017,RTGS,PRD0001,  Home Loan,2929421.16,Internet Banking,Central Zone,Delhi,Meena Iyer,Pending,RTGS - Home Loan - Nov 2017,0,90.13,2929331.03
TXN4420458,CUST78997,27-07-2015,credit,PRD0001,Home Loan,4359391.84,Internet Banking,NORTH ZONE,Madhya Pradesh,ARUN MEHTA,Failed,Credit - Home Loan - Jul 2015,784690.53,30.68,3574670.63
TXN1440754,CUST47594,27-09-2022,Cash Deposit,PRD0017,AUTO LOAN,4606662.19,mobile app,central zone,Odisha,MEENA IYER,Completed,Cash Deposit - Auto Loan - Sep 2022,0,289.69,3777173.31
TXN5866560,CUST27495,31-Jul-19,Interest Credit,PRD0006,Business Loan,2620015.95,ATM,  South Zone,Gujarat,Amit Patel,Reversed,Interest Credit - Business Loan - Jul 2019,0,0,2619903.77
TXN8393004,CUST22695,09-11-2020,EMI Payment,PRD0010,Fixed Deposit,121122.15,ATM,Central Zone,Uttar Pradesh,  Sunita Rao,Reversed,EMI Payment - Fixed Deposit - Sep 2020,0,226.94,120895.21
TXN9363938,CUST18601,07-04-2023,NEFT,PRD0009,Savings Account,4667282.55,Branch,South Zone,Rajasthan,Kavitha Subramanian,Reversed,NEFT - Savings Account - Jul 2023,840110.86,98.71,3827072.98
TXN3335718,CUST83399,05-12-2011,Credit,PRD0003,  Auto Loan,Rs.498518.29,ATM,East Zone,KARNATAKA,Arun Mehta,Reversed,Credit - Personal Loan - Dec 2011,0,62.26,Rs.498518.29
TXN5007516,CUST93634,28-05-2013,IMPS,PRD0017,Auto Loan,3432292.71,NEFT/RTGS,East Zone,Karnataka,KAVITHA SUBRAMANIAN,Pending,IMPS - Auto Loan - May 2013,617812.69,44.6,2814435.42
TXN2436088,CUST93634,28-05-2013,IMPS,PRD0017,Auto Loan,3432292.71,NEFT/RTGS,East Zone,Karnataka,Kavitha Subramanian,Completed,IMPS - Auto Loan - May 2013,617812.69,44.6,2814435.42
TXN6892527,CUST17179,04-05-2021,IMPS,PRD0002,Personal Loan,3120166.23,Mobile App,West Zone,Kerala,Sunita Rao,Completed,IMPS - Personal Loan - May 2021,561629.92,212.32,2558323.99
TXN4253156,CUST65478,10-03-2011,CASH DEPOSIT,PRD0005,Education Loan,4124773.85,NEFT/RTGS,East Zone,Kerala,Kavitha Subramanian,Reversed,Cash Deposit - Education Loan - May 2023,742459.29,110.79,3382203.77
TXN7772004,CUST62312,09-04-2021,rtgs,PRD0014,OD Facility,2857255.2,Branch,North Zone,Karnataka,Ramesh Yadav,Completed,RTGS - OD Facility - May 2017,0,Rs.412.07,2856843.13
TXN3096605,CUST59501,29-11-2019,Cash Withdrawal,PRD0006,Business Loan,2442954.28,  ATM,West Zone,Kerala,Arun Mehta,Pending,Cash Withdrawal - Business Loan - Nov 2019,0,77.38,2003145.13
TXN5300253,CUST69892,02-06-2021,UPI,PRD0007,Loan Against Property,4675283.85,POS,Central Zone,Andhra Pradesh,Nitin Joshi,Completed,UPI - Loan Against Property - Feb 2021,0,197.77,3833534.99
TXN4489532,CUST60326,24-09-2010,RTGS,PRD0005,Education Loan,3166310.23,phone banking,North Zone,Kerala,Amit Patel,Pending,RTGS - Education Loan - Sep 2010,0,397.65,3165912.58
TXN6394986,CUST96169,12-04-2017,Cash Withdrawal,PRD0005,Education Loan,2385530.7,NEFT/RTGS,central zone,Telangana,Mohan Das,Reversed,Cash Withdrawal - Education Loan - Dec 2013,0,333.11,2385197.59
TXN2888973,CUST18993,29-09-2019,CASH WITHDRAWAL,PRD0005,Education Loan,856220.68,ATM,West Zone,  Odisha,Ramesh Yadav,Under Review,Cash Withdrawal - Education Loan - Sep 2019,0,288.02,855932.66
TXN2283159,CUST81658,17-05-2023,upi,PRD0013,Insurance,2705058.96,phone banking,south zone,Tamil Nadu,Arun Mehta,Reversed,UPI - Insurance - May 2023,0,285.79,2217862.56
TXN5061074,CUST35652,20-Feb-20,RTGS,PRD0010,fixed deposit,1088393.79,Internet Banking,  East Zone,Delhi,Lalita Devi,Reversed,RTGS - Fixed Deposit - Feb 2020,0,466.72,1087927.07
TXN4941537,CUST39933,06-07-2011,credit,PRD0009,Savings Account,2504630.02,NEFT/RTGS,West Zone,Odisha,Lalita Devi,Reversed,Credit - Savings Account - Jul 2011,0,211.04,2504418.98
TXN2689278,CUST61721,22-12-2010,Loan Disbursal,PRD0008,CREDIT CARD,2918085.41,Branch,West Zone,West Bengal,Mohan Das,Failed,Loan Disbursal - Credit Card - Dec 2010,Rs.525255.37,95.12,2392734.92
TXN3670429,CUST61721,24-08-2023,Loan Disbursal,PRD0008,Credit Card,2918085.41,Branch,West Zone,West Bengal,Mohan Das,Completed,Loan Disbursal - Credit Card - Dec 2010,525255.37,95.12,2392734.92
TXN2865308,CUST91922,22-10-2022,  Cash Deposit,PRD0014,od facility,783092.86,Branch,CENTRAL ZONE,UTTAR PRADESH,Deepa Krishnan,SUCCESS,RTGS - OD Facility - Feb 2015,0,141.16,641994.99
TXN9159429,CUST45785,18-02-2011,Loan Disbursal,PRD0003,  Auto Loan,2155503.29,Mobile App,Central Zone,West Bengal,LALITA DEVI,Pending,Loan Disbursal - Credit Card - Feb 2011,387990.59,385.48,1767127.22
TXN5406372,CUST36186,09-04-2019,Interest Credit,PRD0013,INSURANCE,4497875.8,Phone Banking,South Zone,Kerala,Vijay Kumar,COMPLETED,Interest Credit - Insurance - Aug 2014,809617.64,Rs.388.09,3687870.07
TXN6808855,CUST49703,07-11-2021,IMPS,PRD0007,Loan Against Property,2555566.94,Mobile App,West Zone,Andhra Pradesh,Kavitha Subramanian,Reversed,IMPS - Loan Against Property - Nov 2021,460002.05,138.04,2095426.85
TXN8911799,CUST47594,16-12-2022,Interest Credit,PRD0005,Education Loan,Rs.4958605.37,neft/rtgs,NORTH ZONE,tamil nadu,Lalita Devi,Pending,Interest Credit - Education Loan - Dec 2022,0,452.45,4958152.92
TXN7241265,CUST30517,21-Sep-16,Cash Deposit,PRD0003,  Auto Loan,1513669.5,Phone Banking,Central Zone,Maharashtra,Ramesh Yadav,Completed,Cash Deposit - Auto Loan - Sep 2016,272460.51,243.99,1240965
TXN8453971,CUST82510,17-Jun-25,Loan Disbursal,PRD0013,Insurance,4119652.69,Mobile App,Central Zone,Delhi,Sunita Rao,Completed,Loan Disbursal - Insurance - Jun 2025,741537.48,250.09,3377865.12
TXN8188439,CUST74990,27-Mar-18,Credit,PRD0002,Personal Loan,555860.29,Internet Banking,South Zone,Uttar Pradesh,Nitin Joshi,Under Review,Credit - Personal Loan - Mar 2018,0,92.21,555768.08
TXN7179393,CUST41334,21-03-2014,  Loan Disbursal,PRD0006,Business Loan,297680.94,Phone Banking,West Zone,Haryana,Vijay Kumar,Under Review,Loan Disbursal - Business Loan - Mar 2014,0,479.25,297201.69
TXN2544389,CUST95789,07-Jun-14,Loan Disbursal,PRD0003,  Auto Loan,Rs.536868.9,NEFT/RTGS,  East Zone,ODISHA,Mohan Das,COMPLETED,Loan Disbursal - Recurring Deposit - Jun 2014,96636.4,287.08,439945.42
TXN7031923,CUST39109,18-05-2013,IMPS,PRD0009,Savings Account,2114143.77,NEFT/RTGS,North Zone,  Gujarat,  Rajesh Sharma,completed,IMPS - Savings Account - Sep 2012,0,461.03,2113682.74
TXN2736852,CUST10820,10-11-2023,Credit,PRD0011,RECURRING DEPOSIT,590376.33,Mobile App,East Zone,Kerala,Meena Iyer,Failed,Credit - Recurring Deposit - Oct 2023,106267.74,275.04,483833.55
TXN3851477,CUST95789,31-10-2022,Debit,PRD0008,Credit Card,938169.17,pos,West Zone,PUNJAB,Priya Nair,Under Review,Debit - Credit Card - Oct 2022,0,252.86,937916.31
TXN6450193,CUST60934,17-07-2019,Debit,PRD0009,Savings Account,4311109.18,Internet Banking,central zone,Telangana,Deepa Krishnan,Reversed,Debit - Savings Account - Jul 2019,775999.65,257.92,3534851.61
TXN2518259,CUST28322,09-09-2017,  Transfer,PRD0002,personal loan,4255913.6,ATM,East Zone,Rajasthan,  Amit Patel,Reversed,Transfer - Personal Loan - Sep 2017,766064.45,154.54,3489694.61
TXN3034628,CUST64415,26-02-2018,Debit,PRD0013,  Insurance,4765404.41,Internet Banking,South Zone,Kerala,Deepa Krishnan,Completed,Debit - Insurance - Feb 2018,857772.79,221.3,3907410.32
TXN9170322,CUST95403,21-04-2010,Cash Deposit,PRD0001,home loan,326078.5,atm,South Zone,Uttar Pradesh,sanjay gupta,Failed,Cash Deposit - Home Loan - May 2023,0,301.44,325777.06
TXN2146565,CUST38110,25-06-2020,Penalty Charge,PRD0014,OD Facility,108426.32,Mobile App,West Zone,Maharashtra,Anita Bose,Reversed,Penalty Charge - OD Facility - Nov 2015,19516.74,180.74,88728.84
TXN1544910,CUST34105,13-03-2011,Debit,PRD0010,Fixed Deposit,1622665.18,POS,Central Zone,Gujarat,Sanjay Gupta,Failed,Debit - Fixed Deposit - Mar 2011,0,381.73,1622283.45
TXN9686333,CUST37164,07-Jun-10,RTGS,PRD0014,OD Facility,3679118.07,Internet Banking,East Zone,Andhra Pradesh,rajesh sharma,Failed,RTGS - OD Facility - Jun 2010,0,432.57,Rs.3678685.5
TXN1698610,CUST36013,10-Apr-12,RTGS,PRD0013,Insurance,2356980.23,NEFT/RTGS,WEST ZONE,Haryana,Sunita Rao,Reversed,RTGS - Insurance - Apr 2012,424256.44,127.29,1932596.5
TXN4858822,CUST13906,07-06-2013,UPI,PRD0014,OD Facility,4828609.43,ATM,North Zone,Rajasthan,Mohan Das,Reversed,UPI - OD Facility - Jun 2013,0,253.38,4828356.05
TXN1407333,CUST13906,11-07-2016,UPI,PRD0014,OD Facility,4828609.43,ATM,North Zone,Rajasthan,Mohan Das,Completed,UPI - OD Facility - Jun 2013,0,253.38,4828356.05
TXN8743609,CUST90135,07-06-2010,UPI,PRD0008,credit card,1694456.83,atm,East Zone,Madhya Pradesh,Arun Mehta,Under Review,UPI - Credit Card - Jun 2010,305002.23,302.26,1389152.34
TXN7122334,CUST24832,05-03-2017,IMPS,PRD0013,Insurance,4031309.94,POS,North Zone,Andhra Pradesh,Meena Iyer,Failed,IMPS - Insurance - Mar 2017,0,0,4031292.25
TXN7368454,CUST62645,08-07-2010,Loan Disbursal,PRD0002,Personal Loan,3125900.98,Phone Banking,WEST ZONE,Odisha,Nitin Joshi,Pending,Loan Disbursal - Personal Loan - Jul 2010,0,496.2,3125404.78
TXN5798124,CUST95119,03-12-2024,Cash Deposit,PRD0007,loan against property,3085527.03,Mobile App,Central Zone,Haryana,Sanjay Gupta,Reversed,Cash Deposit - Loan Against Property - Oct 2011,555394.87,245.99,Rs.2529886.17
TXN3622557,CUST68479,09-08-2019,INTEREST CREDIT,PRD0014,OD Facility,2793514.08,neft/rtgs,North Zone,Punjab,Deepa Krishnan,Under Review,Interest Credit - OD Facility - Dec 2016,0,204.76,2793309.32
TXN9148792,CUST35032,11-01-2019,Penalty Charge,PRD0001,Home Loan,4018014.72,POS,North Zone,Haryana,Kavitha Subramanian,Pending,Penalty Charge - Home Loan - Jan 2019,0,222.93,Rs.4017791.79
TXN4460064,CUST31337,09-06-2023,loan disbursal,PRD0005,Education Loan,2432213.64,Mobile App,West Zone,Telangana,Arun Mehta,Under Review,Loan Disbursal - Education Loan - Sep 2023,0,276.67,2431936.97
TXN7961120,CUST66431,02-11-2010,LOAN DISBURSAL,PRD0001,Home Loan,4748684,Internet Banking,North Zone,RAJASTHAN,Meena Iyer,Completed,Loan Disbursal - Home Loan - Nov 2010,854763.12,82.88,3893838
TXN6796201,CUST70810,30-Mar-25,rtgs,PRD0013,Insurance,3012640.33,INTERNET BANKING,CENTRAL ZONE,madhya pradesh,Amit Patel,Pending,RTGS - Insurance - Mar 2025,542275.26,300.53,Rs.2470064.54
TXN3247600,CUST22736,10-08-2019,Credit,PRD0010,Fixed Deposit,355676.46,NEFT/RTGS,  East Zone,MADHYA PRADESH,Lalita Devi,Reversed,Credit - Fixed Deposit - Oct 2019,0,380.96,355295.5
TXN3833898,CUST13492,19-09-2015,RTGS,PRD0006,business loan,2123131.25,Internet Banking,South Zone,Odisha,Deepa Krishnan,Reversed,RTGS - Business Loan - Jun 2015,0,33.19,2123098.06
TXN6130997,CUST13906,03-03-2013,Cash Withdrawal,PRD0007,Loan Against Property,1135607.79,  POS,West Zone,KERALA,Priya Nair,Failed,Cash Withdrawal - Loan Against Property - Mar 2013,204409.4,54.11,931144.28
TXN8661610,CUST58140,15-Dec-21,Debit,PRD0007,Loan Against Property,Rs.1028205.4,atm,east zone,MAHARASHTRA,Meena Iyer,Pending,Debit - Loan Against Property - Dec 2021,0,185.05,2289898.19
TXN5462333,CUST48063,03-01-2024,Transfer,PRD0010,fixed deposit,2176889.06,ATM,South Zone,Karnataka,amit patel,Under Review,Transfer - Fixed Deposit - Jan 2024,391840.03,288.55,1784760.48
TXN1440173,CUST68837,14-02-2019,  Cash Withdrawal,PRD0004,GOLD LOAN,74081.47,NEFT/RTGS,South Zone,Haryana,Sanjay Gupta,Under Review,Cash Withdrawal - Gold Loan - Feb 2019,13334.66,55.24,60691.57
TXN1904849,CUST60990,18-02-2011,Transfer,PRD0007,loan against property,10827.79,Phone Banking,west zone,Tamil Nadu,Sunita Rao,Failed,Transfer - Loan Against Property - Feb 2011,0,119.94,10707.85
TXN2405567,CUST79515,03-12-2011,Credit,PRD0014,OD Facility,514207.95,  Branch,  Central Zone,Andhra Pradesh,Sunita Rao,Under Review,Credit - OD Facility - Mar 2011,0,484.21,513723.74
TXN1756903,CUST70810,07-02-2015,Interest Credit,PRD0014,od facility,4867774.79,Internet Banking,East Zone,gujarat,Meena Iyer,Under Review,Interest Credit - OD Facility - Jul 2019,0,146.68,4867628.11
TXN2722975,CUST22736,06-05-2010,Debit,PRD0013,Insurance,3313903.53,Mobile App,West Zone,WEST BENGAL,sunita rao,Failed,Debit - Insurance - Jun 2010,0,404.59,3313498.94
TXN4838611,CUST52384,15-09-2014,Interest Credit,PRD0001,home loan,2380313.07,POS,Central Zone,West Bengal,Ramesh Yadav,Reversed,Interest Credit - Home Loan - Aug 2013,428456.35,65.74,Rs.1951790.98
TXN9386259,CUST50166,09-04-2021,RTGS,PRD0003,  Auto Loan,3775283.05,NEFT/RTGS,East Zone,Andhra Pradesh,Sanjay Gupta,COMPLETED,RTGS - Business Loan - May 2013,679550.95,61.95,3095670.15
TXN7678971,CUST36911,19-08-2019,NEFT,PRD0011,Recurring Deposit,3058391.24,NEFT/RTGS,North Zone,Rajasthan,Nitin Joshi,completed,NEFT - Recurring Deposit - Apr 2020,Rs.0,100.54,3058290.7
TXN9309435,CUST30517,08-Dec-13,Credit,PRD0008,credit card,1547267.29,mobile app,East Zone,Odisha,Arun Mehta,Failed,Credit - Credit Card - Dec 2013,278508.11,163.11,1268596.07
TXN3069452,CUST57543,06-06-2019,Penalty Charge,PRD0002,Personal Loan,649829.65,neft/rtgs,Central Zone,Andhra Pradesh,Anita Bose,completed,Penalty Charge - Personal Loan - Feb 2022,0,325.6,649504.05
TXN7803678,CUST27295,20-03-2022,CASH WITHDRAWAL,PRD0008,Credit Card,895508.81,neft/rtgs,West Zone,Gujarat,Arun Mehta,Pending,Cash Withdrawal - Credit Card - Nov 2020,161191.59,163.14,734154.08
TXN5638455,CUST44825,07-11-2013,  Penalty Charge,PRD0014,OD Facility,151012.77,Mobile App,EAST ZONE,madhya pradesh,SANJAY GUPTA,Under Review,Penalty Charge - OD Facility - Nov 2020,27182.3,0,123820.49
TXN1867033,CUST84873,29-03-2012,DEBIT,PRD0005,Education Loan,3038251.94,neft/rtgs,SOUTH ZONE,Tamil Nadu,Priya Nair,Failed,Debit - Education Loan - Mar 2012,546885.35,70.42,2491296.17
TXN4719868,CUST43330,31-Jul-21,Cash Withdrawal,PRD0011,Recurring Deposit,2339029.37,NEFT/RTGS,Central Zone,Karnataka,Priya Nair,Reversed,Cash Withdrawal - Recurring Deposit - Jul 2021,0,119.95,2338909.42
TXN3598852,CUST11209,19-04-2023,NEFT,PRD0001,Home Loan,1728094.22,POS,  West Zone,Odisha,Vijay Kumar,Completed,NEFT - Home Loan - Apr 2023,0,348.6,1727745.62
TXN5737482,CUST29162,10-07-2025,RTGS,PRD0013,Insurance,2733689.09,Branch,North Zone,Tamil Nadu,Arun Mehta,Completed,RTGS - Insurance - Oct 2023,0,241.08,2733448.01
TXN7111715,CUST82973,05-06-2019,NEFT,PRD0002,Personal Loan,1504307.1,  Branch,CENTRAL ZONE,Kerala,Arjun Kumar,Completed,NEFT - Personal Loan - Jun 2019,0,319.05,1503988.05
TXN6765921,CUST81658,11-09-2014,Cash Withdrawal,PRD0012,Mutual Fund,2525696.01,Internet Banking,South Zone,kerala,Priya Nair,Completed,Cash Withdrawal - Mutual Fund - Jan 2014,0,270.24,2525425.77
TXN2737277,CUST98208,03-09-2022,IMPS,PRD0007,loan against property,3376477.94,POS,North Zone,Andhra Pradesh,Deepa Krishnan,Reversed,IMPS - Loan Against Property - Sep 2022,607766.03,22.74,2768689.17
TXN4791834,CUST76093,17-09-2012,Transfer,PRD0009,Savings Account,2848709.13,Internet Banking,  East Zone,Rajasthan,Deepa Krishnan,Completed,Transfer - Savings Account - Sep 2012,0,447.49,2848709.13
TXN5521210,CUST81476,08-08-2023,IMPS,PRD0009,Savings Account,Rs.1028205.4,  Phone Banking,East Zone,ANDHRA PRADESH,sanjay gupta,Failed,EMI Payment - Savings Account - Aug 2023,0,21.89,Rs.2296902.65
TXN5383420,CUST31237,01-Jan-25,RTGS,PRD0009,Savings Account,1419352.03,Phone Banking,central zone,ANDHRA PRADESH,Mohan Das,Reversed,RTGS - Savings Account - Jan 2025,0,168.96,Rs.1419183.07
TXN3007491,CUST74219,16-02-2012,IMPS,PRD0009,Savings Account,532176.22,Mobile App,Central Zone,Gujarat,Ramesh Yadav,Pending,Cash Withdrawal - Savings Account - Feb 2012,95791.72,337.89,436046.61
TXN9141659,CUST12933,03-08-2013,Loan Disbursal,PRD0004,GOLD LOAN,2299009.72,POS,EAST ZONE,West Bengal,Priya Nair,Reversed,Loan Disbursal - Gold Loan - Mar 2013,413821.75,322.44,1884865.53
TXN5785792,CUST23159,19-03-2011,Cash Withdrawal,PRD0001,Home Loan,980640.77,  POS,West Zone,UTTAR PRADESH,amit patel,Pending,Cash Withdrawal - Home Loan - Mar 2011,176515.34,287.56,803837.87
TXN1959824,CUST96363,31-07-2016,Interest Credit,PRD0010,Fixed Deposit,1071883.74,NEFT/RTGS,east zone,Telangana,ramesh yadav,Reversed,Interest Credit - Fixed Deposit - Jul 2023,0,Rs.4.26,1071879.48
TXN7555470,CUST85887,27-Nov-10,Transfer,PRD0007,Loan Against Property,3559582.67,Branch,North Zone,Delhi,Sunita Rao,Under Review,Transfer - Loan Against Property - Nov 2010,640724.88,373.67,2918484.12
TXN8440680,CUST45989,10-02-2012,EMI Payment,PRD0004,GOLD LOAN,914324.44,  Mobile App,Central Zone,Rajasthan,Lalita Devi,Failed,EMI Payment - Gold Loan - Feb 2012,0,25.89,914298.55
TXN8050796,CUST43518,01-10-2010,IMPS,PRD0006,Business Loan,2764684.59,Internet Banking,West Zone,delhi,Sunita Rao,Reversed,IMPS - Business Loan - Oct 2010,0,208.01,2764476.58
TXN7758860,CUST76448,26-12-2018,Cash Withdrawal,PRD0005,Education Loan,2422167.78,Branch,South Zone,Karnataka,Meena Iyer,Under Review,Cash Withdrawal - Education Loan - Dec 2018,0,118.16,2422049.62
TXN8770946,CUST91292,11-11-2024,upi,PRD0005,Education Loan,2918476.73,NEFT/RTGS,South Zone,Punjab,LALITA DEVI,Reversed,UPI - Education Loan - Nov 2013,525325.81,454.75,2392696.17
TXN3968474,CUST49917,07-09-2019,NEFT,PRD0014,OD Facility,4565434.3,ATM,South Zone,Haryana,Mohan Das,Pending ,NEFT - OD Facility - Jul 2019,821778.17,322.01,4565434.3
TXN6120724,CUST80138,01-11-2016,Credit,PRD0004,Gold Loan,3362854.34,Branch,South Zone,Delhi,Priya Nair,Failed,Credit - Gold Loan - Jan 2016,605313.78,94.53,2757446.03
TXN7668437,CUST27389,07-11-2013,  IMPS,PRD0009,Savings Account,705273.76,PHONE BANKING,Central Zone,Telangana,Meena Iyer,Under Review,IMPS - Savings Account - Dec 2012,0,140.68,705133.08
TXN8794487,CUST20874,11-04-2016,Loan Disbursal,PRD0006,Business Loan,3802187.89,Mobile App,North Zone,Maharashtra,KAVITHA SUBRAMANIAN,Pending,Loan Disbursal - Business Loan - Nov 2016,684393.82,323.85,3117470.22
TXN8424439,CUST84873,17-12-2023,Cash Withdrawal,PRD0001,Home Loan,4047908.65,Branch,East Zone,UTTAR PRADESH,Amit Patel,Pending,Cash Withdrawal - Home Loan - Dec 2023,728623.56,2.63,3319282.46
TXN6631017,CUST48780,25-07-2011,UPI,PRD0005,Education Loan,4684802.15,Phone Banking,South Zone,telangana,Deepa Krishnan,Completed,UPI - Education Loan - Jul 2011,843264.39,73.08,3841464.68
TXN7837276,CUST16113,19-09-2013,UPI,PRD0006,Business Loan,2345135.53,Mobile App,  North Zone,Maharashtra,DEEPA KRISHNAN,Completed,UPI - Business Loan - Sep 2013,0,154.54,1922856.59
TXN5143532,CUST19508,06-07-2022,IMPS,PRD0005,Education Loan,4724676.06,Mobile App,North Zone,Uttar Pradesh,Vijay Kumar,Under Review,IMPS - Education Loan - Nov 2022,850441.69,55.81,3874178.56
TXN3468480,CUST24134,07-09-2013,  Debit,PRD0002,Personal Loan,2410624.5,neft/rtgs,  South Zone,Maharashtra,Anita Bose,Completed,Debit - Personal Loan - Sep 2013,0,100.88,2410523.62
TXN9657564,CUST14791,11-02-2016,RTGS,PRD0004,Gold Loan,4833721.43,Mobile App,Central Zone,Maharashtra,Deepa Krishnan,Completed,RTGS - Gold Loan - Feb 2016,0,0,4833579.32
TXN2167508,CUST62989,12-10-2016,NEFT,PRD0012,Mutual Fund,267005.91,Branch,central zone,Rajasthan,meena iyer,Pending,NEFT - Mutual Fund - Oct 2016,48061.06,397.42,218547.43
TXN8587008,CUST11052,06-Sep-18,Cash Deposit,PRD0011,recurring deposit,1736058.07,Internet Banking,east zone,MAHARASHTRA,Lalita Devi,Completed,Cash Deposit - Recurring Deposit - Sep 2018,0,0,1735602.63
TXN1568608,CUST92203,26-01-2022,IMPS,PRD0006,Business Loan,4044778.51,mobile app,South Zone,Odisha,Arun Mehta,Under Review,IMPS - Business Loan - Jan 2017,728060.13,445.45,3316272.93
TXN3020077,CUST26936,18-11-2011,imps,PRD0008,Credit Card,1535100.83,ATM,SOUTH ZONE,Punjab,Deepa Krishnan,completed,IMPS - Credit Card - Nov 2011,0,35.79,1535065.04
TXN5708254,CUST19658,12-05-2019,Penalty Charge,PRD0010,Fixed Deposit,2393147.93,Phone Banking,North Zone,Madhya Pradesh,lalita devi,Completed,Penalty Charge - Fixed Deposit - May 2019,Rs.430766.63,19.34,1962361.96
TXN4237850,CUST28322,13-08-2024,Debit,PRD0001,Home Loan,2935681.12,Branch,North Zone,Kerala,Lalita Devi,Under Review,Debit - Home Loan - Aug 2024,0,164.5,2935516.62
TXN7561657,CUST21728,05-03-2014,CREDIT,PRD0004,Gold Loan,3015556.11,NEFT/RTGS,North Zone,Andhra Pradesh,Rajesh Sharma,Failed,Credit - Gold Loan - Mar 2014,0,192.64,3015363.47
TXN3254626,CUST73941,27-01-2010,imps,PRD0014,OD Facility,2041556.73,internet banking,NORTH ZONE,Kerala,Rajesh Sharma,Reversed,IMPS - OD Facility - Jan 2010,0,205.02,2041351.71
TXN6834785,CUST57131,22-10-2020,EMI Payment,PRD0002,Personal Loan,1096393.84,Internet Banking,West Zone,Haryana,MEENA IYER,Completed,EMI Payment - Personal Loan - Oct 2020,197350.89,19.75,899023.2
TXN8968093,CUST95119,25-Aug-17,UPI,PRD0009,Savings Account,951820.61,Internet Banking,east zone,Punjab,Vijay Kumar,Completed,UPI - Savings Account - Aug 2017,171327.71,Rs.323.96,780168.94
TXN3950998,CUST61347,06-03-2012,  Cash Withdrawal,PRD0014,OD FACILITY,4067230.44,  ATM,West Zone,  Odisha,  Lalita Devi,Failed,Cash Withdrawal - OD Facility - Nov 2021,732101.48,398.32,3334730.64
TXN6390021,CUST40597,26-06-2024,Cash Withdrawal,PRD0004,Gold Loan,2374404.86,Branch,South Zone,Andhra Pradesh,Amit Patel,Under Review,Cash Withdrawal - Gold Loan - Dec 2023,427392.87,437.29,1946574.7
TXN4974710,CUST78116,07-10-2024,EMI Payment,PRD0008,Credit Card,1231202.03,ATM,East Zone,Telangana,Kavitha Subramanian,Under Review,EMI Payment - Credit Card - Oct 2024,221616.37,0,Rs.1009153.7
TXN7957121,CUST54852,01-04-2022,Credit,PRD0007,Loan Against Property,184588.38,PHONE BANKING,Central Zone,Andhra Pradesh,Kavitha Subramanian,Pending,Credit - Loan Against Property - Apr 2022,33225.91,229.73,184588.38
TXN8243580,CUST97304,03-02-2017,Cash Withdrawal,PRD0005,Education Loan,4334059.73,Phone Banking,East Zone,West Bengal,Nitin Joshi,Reversed,Cash Withdrawal - Education Loan - Feb 2017,0,187.48,4333872.25
TXN2150384,CUST33206,23-10-2023,Interest Credit,PRD0001,Home Loan,4367771.21,POS,East Zone,  Rajasthan,  Arun Mehta,Under Review,Interest Credit - Home Loan - Feb 2015,0,371.34,4367399.87
TXN5855304,CUST34323,30-09-2010,Cash Deposit,PRD0007,Loan Against Property,4314030.37,Internet Banking,East Zone,Delhi,Nitin Joshi,Completed,Cash Deposit - Loan Against Property - Sep 2010,776525.47,28.31,3537476.59
TXN1849401,CUST53642,01-06-2017,EMI Payment,PRD0005,Education Loan,3577770.09,Mobile App,north zone,  Gujarat,Lalita Devi,Failed,EMI Payment - Education Loan - Nov 2024,643998.62,151.68,2933619.79
TXN4091150,CUST62286,29-Oct-17,loan disbursal,PRD0010,FIXED DEPOSIT,563237.55,Mobile App,East Zone,maharashtra,Deepa Krishnan,Failed,Loan Disbursal - Fixed Deposit - Oct 2017,0,469.85,562767.7
TXN2054951,CUST61697,12-Oct-25,Cash Withdrawal,PRD0002,Personal Loan,388929.36,Internet Banking,south zone,Tamil Nadu,Amit Patel,Reversed,Cash Withdrawal - Personal Loan - Oct 2025,70007.28,302.14,318619.94
TXN3586755,CUST40062,10-09-2011,IMPS,PRD0017,Auto Loan,3704201.66,Internet Banking,Central Zone,Odisha,Deepa Krishnan,Reversed,IMPS - Auto Loan - Mar 2010,666756.3,266.18,3037179.18
TXN2523341,CUST19743,22-11-2020,IMPS,PRD0009,Savings Account,1318802.89,Branch,East Zone,Uttar Pradesh,Sunita Rao,Under Review,Penalty Charge - Savings Account - Dec 2020,0,Rs.112.82,1318690.07
TXN2265052,CUST80047,01-08-2023,cash deposit,PRD0003,  Auto Loan,921580.6,NEFT/RTGS,  North Zone,Kerala,Mohan Das,Reversed,Cash Deposit - Home Loan - Aug 2023,165884.51,320.98,755375.11
TXN9643134,CUST83989,06-02-2015,RTGS,PRD0003,  Auto Loan,2647293.61,Mobile App,  North Zone,West Bengal,SANJAY GUPTA,Reversed,RTGS - Recurring Deposit - Feb 2015,0,21.2,2647272.41
TXN2412145,CUST15965,28-May-19,Cash Withdrawal,PRD0001,Home Loan,4653741.06,  Mobile App,West Zone,maharashtra,Sanjay Gupta,Completed,Cash Withdrawal - Home Loan - May 2019,0,233.28,4653507.78
TXN9594903,CUST40345,23-08-2019,Cash Deposit,PRD0017,AUTO LOAN,4714312.43,Internet Banking,north zone,Tamil Nadu,RAJESH SHARMA,Under Review,Cash Deposit - Auto Loan - Aug 2019,0,234.21,4714078.22
TXN4656593,CUST30286,13-12-2014,UPI,PRD0011,Recurring Deposit,1115233.58,Branch,East Zone,Delhi,priya nair,Completed,UPI - Recurring Deposit - Dec 2014,0,56.64,1115176.94
TXN6405165,CUST13492,05-12-2022,RTGS,PRD0017,auto loan,1477040.23,Branch,Central Zone,West Bengal,Ramesh Yadav,Pending,RTGS - Auto Loan - May 2022,0,0,1476931.32
TXN6608666,CUST16113,06-05-2010,RTGS,PRD0011,recurring deposit,4840005.16,branch,South Zone,andhra pradesh,AMIT PATEL,Under Review,RTGS - Recurring Deposit - May 2010,0,346.35,4839658.81
TXN8446612,CUST31237,21-06-2024,EMI Payment,PRD0010,Fixed Deposit,2711677.9,NEFT/RTGS,WEST ZONE,Delhi,Rajesh Sharma,Under Review,EMI Payment - Fixed Deposit - Jun 2024,488102.02,0,2223525.07
TXN1314834,CUST21728,21-04-2010,Penalty Charge,PRD0002,Personal Loan,1431034.48,  Branch,West Zone,Kerala,meena iyer,Failed,Penalty Charge - Personal Loan - Mar 2018,0,187.79,1430846.69
TXN8491891,CUST21728,30-Mar-18,Penalty Charge,PRD0002,Personal Loan,1431034.48,Branch,West Zone,Kerala,Meena Iyer,Completed,Penalty Charge - Personal Loan - Mar 2018,0,187.79,1430846.69
TXN7072379,CUST86099,10-10-2010,Transfer,PRD0011,Recurring Deposit,3666854.43,Branch,North Zone,gujarat,Sunita Rao,Failed,Transfer - Recurring Deposit - Oct 2010,0,419.97,3666434.46
TXN4400264,CUST34896,15-01-2024,  RTGS,PRD0007,Loan Against Property,70978.49,NEFT/RTGS,South Zone,Gujarat,Sanjay Gupta,Under Review,RTGS - Loan Against Property - Jan 2024,0,444.06,70534.43
TXN4569535,CUST96661,10-02-2016,EMI Payment,PRD0008,Credit Card,3529436.47,POS,north zone,West Bengal,Priya Nair,Failed,EMI Payment - Credit Card - Feb 2016,0,Rs.449.33,3528987.14
TXN3396775,CUST85051,03-05-2012,Cash Deposit,PRD0012,Mutual Fund,4545540.3,Mobile App,CENTRAL ZONE,West Bengal,Nitin Joshi,failed,Cash Deposit - Mutual Fund - Mar 2012,818197.25,13.88,3727329.17
TXN2114354,CUST11052,21-03-2018,EMI Payment,PRD0014,OD FACILITY,3795723.86,Internet Banking,east zone,Andhra Pradesh,  Anita Bose,COMPLETED,EMI Payment - OD Facility - Mar 2018,0,264.42,3795459.44
TXN9922547,CUST55075,06-03-2018,UPI,PRD0008,credit card,2330184.26,phone banking,  North Zone,  Madhya Pradesh,Anita Bose,Completed,UPI - Credit Card - Jun 2018,0,101.74,2330082.52
TXN5552185,CUST86099,03-10-2011,cash withdrawal,PRD0006,Business Loan,3328743.79,ATM,SOUTH ZONE,Tamil Nadu,Nitin Joshi,Failed,Cash Withdrawal - Business Loan - Oct 2011,0,173.13,3328570.66
TXN6322798,CUST95235,17-05-2011,transfer,PRD0003,  Auto Loan,2982579.86,MOBILE APP,East Zone,Karnataka,nitin joshi,Reversed,Transfer - Home Loan - Feb 2010,536864.37,Rs.372.54,2445342.95
TXN1963775,CUST23305,01-06-2017,Credit,PRD0009,Savings Account,2946800.68,  ATM,South Zone,MAHARASHTRA,Meena Iyer,Under Review,Credit - Savings Account - Dec 2015,0,82.33,2946718.35
TXN4379196,CUST87303,31-10-2015,Interest Credit,PRD0012,Mutual Fund,1419968.07,neft/rtgs,South Zone,Rajasthan,Sanjay Gupta,Reversed,Interest Credit - Mutual Fund - Mar 2014,255594.25,267.86,1164105.96
TXN5147231,CUST79228,26-06-2023,Cash Withdrawal,PRD0009,Savings Account,4727863.26,ATM,West Zone,Karnataka,KAVITHA SUBRAMANIAN,Completed,Cash Withdrawal - Savings Account - Jun 2023,0,240.01,4727623.25
TXN6885435,CUST20874,29-03-2024,Loan Disbursal,PRD0010,Fixed Deposit,Rs.1028205.4,  Mobile App,East Zone,odisha,Priya Nair,Failed,Loan Disbursal - Fixed Deposit - Feb 2013,14175.73,52.51,64525.82
TXN1425861,CUST81657,28-06-2025,Cash Deposit,PRD0005,Education Loan,2506075.42,Mobile App,South Zone,Punjab,LALITA DEVI,completed,Cash Deposit - Education Loan - Jan 2014,451093.58,430.5,2054551.34
TXN1161608,CUST89129,29-05-2010,rtgs,PRD0002,Personal Loan,74175.07,POS,Central Zone,Karnataka,Vijay Kumar,Reversed,RTGS - Personal Loan - May 2010,13351.51,95.68,74175.07
TXN1837155,CUST83399,29-11-2011,  Penalty Charge,PRD0006,Business Loan,1721431.73,ATM,WEST ZONE,Delhi,Vijay Kumar,Reversed,Penalty Charge - Business Loan - Nov 2011,0,309.34,1721122.39
TXN7665696,CUST74213,22-06-2012,Cash Deposit,PRD0010,Fixed Deposit,1999688.6,PHONE BANKING,East Zone,Telangana,ANITA BOSE,Completed,Cash Deposit - Fixed Deposit - Jun 2012,0,398.44,1999290.16
TXN4968728,CUST31705,23-Aug-14,IMPS,PRD0010,Fixed Deposit,Rs.1028205.4,Branch,south zone,Kerala,Priya Nair,Under Review,IMPS - Fixed Deposit - Aug 2014,151706.56,308.53,690799.12
TXN5675916,CUST16914,08-03-2017,Interest Credit,PRD0014,OD FACILITY,1609533.11,ATM,North Zone,Telangana,Nitin Joshi,Reversed,Interest Credit - OD Facility - Aug 2017,289715.96,162.22,1319654.93
TXN2529238,CUST23305,21-Apr-24,CASH WITHDRAWAL,PRD0005,Education Loan,205054.23,POS,North Zone,Delhi,Amit Patel,Under Review,Cash Withdrawal - Education Loan - Apr 2024,36909.76,276.24,167868.23
TXN9981810,CUST28117,16-10-2014,UPI,PRD0009,Savings Account,1007186.97,INTERNET BANKING,Central Zone,  Punjab,RAJESH SHARMA,Failed,UPI - Savings Account - Oct 2014,181293.65,203.62,825689.7
TXN2031403,CUST15546,27-07-2023,Penalty Charge,PRD0012,Mutual Fund,100190.8,ATM,East Zone,MADHYA PRADESH,AMIT PATEL,failed,Penalty Charge - Mutual Fund - Jul 2023,0,362.46,81794
TXN8812557,CUST28659,26-05-2012,Interest Credit,PRD0005,Education Loan,278442.84,POS,central zone,Maharashtra,RAJESH SHARMA,Failed,Interest Credit - Education Loan - May 2012,50119.71,0,227989.82
TXN6648985,CUST69566,05-04-2015,Debit,PRD0002,Personal Loan,1268524.18,Internet Banking,South Zone,Punjab,Mohan Das,Under Review,Debit - Personal Loan - Apr 2015,228334.35,341.47,1039848.36
TXN6089169,CUST59689,14-Dec-17,EMI Payment,PRD0014,OD Facility,2804941.28,PHONE BANKING,South Zone,Rajasthan,aditya gupta,failed,EMI Payment - OD Facility - Dec 2017,0,Rs.44.94,2804896.34
TXN4378892,CUST53911,14-11-2016,Transfer,PRD0012,Mutual Fund,2397344.54,NEFT/RTGS,North Zone,Punjab,Sunita Rao,Under Review,Transfer - Mutual Fund - Nov 2016,431522.02,0,1965596.5
TXN3965488,CUST72394,18-03-2012,Interest Credit,PRD0006,Business Loan,1038797.28,POS,West Zone,haryana,  Priya Nair,Failed,Interest Credit - Business Loan - Nov 2011,186983.51,274.64,851539.13
TXN4697972,CUST43619,20-10-2024,credit,PRD0004,Gold Loan,1833718.57,Internet Banking,central zone,Kerala,Priya Nair,Reversed,Credit - Gold Loan - Oct 2024,0,461.55,1833257.02
TXN9633408,CUST33281,07-01-2019,Penalty Charge,PRD0013,insurance,4249118.7,neft/rtgs,East Zone,Karnataka,Priya Nair,Reversed,Penalty Charge - Insurance - Apr 2023,0,141.95,4248976.75
TXN1748966,CUST12048,30-05-2019,Cash Withdrawal,PRD0011,Recurring Deposit,2555671.12,NEFT/RTGS,Central Zone,Punjab,aarav singh,Reversed,Cash Withdrawal - Recurring Deposit - May 2019,0,351.75,2555319.37
TXN5532272,CUST82089,03-06-2012,Interest Credit,PRD0006,Business Loan,2537396.94,NEFT/RTGS,East Zone,Karnataka,SUNITA RAO,Reversed,Interest Credit - Business Loan - Jun 2012,0,136.52,2537260.42
TXN3879135,CUST75350,07-01-2011,  IMPS,PRD0006,Business Loan,2287000.11,BRANCH,south zone,Tamil Nadu,Lalita Devi,failed,IMPS - Business Loan - Jan 2011,0,367.1,2286633.01
TXN8544680,CUST16880,01-Nov-15,debit,PRD0002,Personal Loan,4684213.64,neft/rtgs,East Zone,Madhya Pradesh,Meena Iyer,Completed,Debit - Personal Loan - Nov 2015,0,255.86,4683957.78
TXN2972202,CUST63848,01-11-2023,Transfer,PRD0010,Fixed Deposit,1107824.49,BRANCH,North Zone,Punjab,priya nair,Pending,Transfer - Fixed Deposit - Jan 2023,0,204.2,1107620.29
TXN5870922,CUST55220,23-03-2025,IMPS,PRD0013,Insurance,1666527.87,BRANCH,Central Zone,Kerala,Priya Nair,Completed,IMPS - Insurance - Sep 2020,299975.02,297.92,1366254.93
TXN1381598,CUST25572,15-01-2014,RTGS,PRD0010,fixed deposit,4719890.77,pos,east zone,Rajasthan,Deepa Krishnan,Reversed,RTGS - Fixed Deposit - Jan 2014,849580.34,375.71,3869934.72
TXN9337802,CUST27705,30-03-2022,loan disbursal,PRD0013,Insurance,4852163.99,Mobile App,North Zone,Odisha,Lalita Devi,Under Review,Loan Disbursal - Insurance - Mar 2022,873389.52,394.82,Rs.3978379.65
TXN9185592,CUST60096,29-03-2025,EMI PAYMENT,PRD0013,insurance,1144893,Internet Banking,West Zone,gujarat,MEENA IYER,Under Review,EMI Payment - Insurance - Mar 2025,0,287.21,1144605.79
TXN4533578,CUST84379,20-06-2020,Credit,PRD0017,Auto Loan,724291.44,PHONE BANKING,  East Zone,Rajasthan,rajesh sharma,Failed,Credit - Auto Loan - Jun 2020,0,440.91,Rs.723850.53
TXN4814607,CUST93478,03-Jan-16,EMI Payment,PRD0009,Savings Account,1136653.73,POS,Central Zone,Maharashtra,Mohan Das,Pending,EMI Payment - Savings Account - Jan 2016,204597.67,292.65,931763.41
TXN7391341,CUST76448,03-06-2012,Interest Credit,PRD0005,Education Loan,4128711.95,Mobile App,east zone,Andhra Pradesh,Arun Mehta,Failed,Interest Credit - Education Loan - Mar 2012,0,67.33,4128644.62
TXN1595892,CUST34673,19-Oct-10,IMPS,PRD0008,Credit Card,4581226.65,Mobile App,North Zone,TAMIL NADU,Rajesh Sharma,Pending,IMPS - Credit Card - Oct 2010,824620.8,451.34,3756154.51
TXN6949111,CUST91830,22-07-2015,Loan Disbursal,PRD0008,Credit Card,1931891.23,Mobile App,South Zone,West Bengal,Nitin Joshi,Completed,Loan Disbursal - Credit Card - Jul 2015,347740.42,486.07,1583664.74
TXN5275277,CUST87912,07-07-2010,TRANSFER,PRD0008,credit card,826697.52,Mobile App,West Zone,Haryana,Mohan Das,Under Review,Transfer - Credit Card - Jul 2010,0,393.39,826304.13
TXN8325845,CUST87912,07-07-2010,Transfer,PRD0008,Credit Card,826697.52,Mobile App,West Zone,Haryana,Mohan Das,Completed,Transfer - Credit Card - Jul 2010,0,393.39,826304.13
TXN3814480,CUST49363,06-02-2016,  Transfer,PRD0010,Fixed Deposit,2352700.78,ATM,South Zone,Madhya Pradesh,Amit Patel,Reversed,Transfer - Fixed Deposit - Jun 2011,423486.14,386.68,1928827.96
TXN1008014,CUST21728,21-05-2013,IMPS,PRD0009,Savings Account,3707258.3,Internet Banking,West Zone,Maharashtra,Mohan Das,Under Review,Cash Deposit - Savings Account - May 2013,667306.49,80.94,3039870.87
TXN7559883,CUST25572,09-Nov-24,cash deposit,PRD0005,Education Loan,1969666.52,NEFT/RTGS,west zone,Telangana,Anita Bose,Under Review,Cash Deposit - Education Loan - Nov 2024,354539.97,286.5,1614840.05
TXN5935191,CUST86344,24-03-2014,Cash Deposit,PRD0009,Savings Account,52902.36,NEFT/RTGS,North Zone,West Bengal,Deepa Krishnan,Completed,Cash Deposit - Savings Account - Apr 2022,9522.42,0,43176
TXN5618026,CUST49634,28-11-2016,Interest Credit,PRD0003,  Auto Loan,972413.03,mobile app,South Zone,west bengal,Sunita Rao,Reversed,NEFT - Loan Against Property - Nov 2016,175034.35,329,797049.68
TXN8038039,CUST80675,04-10-2013,RTGS,PRD0002,personal loan,3988025.01,Phone Banking,  South Zone,West Bengal,Nitin Joshi,Reversed,RTGS - Personal Loan - Oct 2013,0,496.4,3987528.61
TXN1724750,CUST30152,31-01-2024,  Interest Credit,PRD0008,Credit Card,4208278.58,ATM,East Zone,Gujarat,  Sunita Rao,Pending,Interest Credit - Credit Card - Jan 2024,757490.14,73.22,3450715.22
TXN6281712,CUST27840,18-03-2012,Credit,PRD0009,Savings Account,2596141.76,ATM,East Zone,Odisha,Vijay Kumar,Pending,Credit - Savings Account - Jun 2024,467305.52,488.66,2128347.58
TXN8317887,CUST15316,16-Oct-13,Interest Credit,PRD0002,Personal Loan,267233.1,Phone Banking,EAST ZONE,Karnataka,Kavitha Subramanian,completed,Interest Credit - Personal Loan - Oct 2013,0,434.3,Rs.266798.8
TXN3544121,CUST42441,11-01-2022,Credit,PRD0011,recurring deposit,2613173.4,Phone Banking,North Zone,KARNATAKA,Amit Patel,Reversed,Credit - Recurring Deposit - Aug 2019,470371.21,329.01,2142473.18
TXN3386823,CUST79185,27-Oct-17,UPI,PRD0003,  Auto Loan,1998077.19,Phone Banking,  South Zone,uttar pradesh,Ramesh Yadav,Completed,UPI - Home Loan - Oct 2017,359653.89,33.14,1638390.16
TXN8855272,CUST89954,02-05-2018,Transfer,PRD0009,SAVINGS ACCOUNT,2155682.66,Internet Banking,North Zone,Telangana,Kavitha Subramanian,Under Review,Transfer - Savings Account - May 2018,0,68.74,2155613.92
TXN1984677,CUST30286,01-05-2010,Transfer,PRD0008,  Credit Card,578011.31,Internet Banking,North Zone,West Bengal,Sanjay Gupta,Completed,Cash Withdrawal - Credit Card - May 2010,104042.04,364.4,473604.87
TXN1651069,CUST98502,01-02-2012,  Loan Disbursal,PRD0012,mutual fund,4249498.83,Mobile App,West Zone,Gujarat,Sanjay Gupta,Under Review,Loan Disbursal - Mutual Fund - Dec 2020,0,0,4249048.87
TXN7237902,CUST58688,01-May-15,CASH DEPOSIT,PRD0007,Loan Against Property,4135727.2,  ATM,East Zone,Uttar Pradesh,Nitin Joshi,Under Review,Cash Deposit - Loan Against Property - May 2015,744430.9,52.08,Rs.3391244.22
TXN9634028,CUST59054,15-09-2014,IMPS,PRD0005,Education Loan,2061246.55,NEFT/RTGS,Central Zone,Madhya Pradesh,priya nair,Reversed,IMPS - Education Loan - Nov 2020,371024.38,56.16,1690166.01
TXN3023512,CUST84107,10-12-2022,Loan Disbursal,PRD0005,Education Loan,2761191.04,Internet Banking,South Zone,Maharashtra,RAJESH SHARMA,Failed,Cash Deposit - Education Loan - Dec 2022,0,195.41,2760995.63
TXN7683975,CUST27295,02-07-2023,Credit,PRD0017,Auto Loan,125256.98,  ATM,East Zone,Maharashtra,Anita Bose,Reversed,Credit - Auto Loan - Jul 2023,0,31,125225.98
TXN6970469,CUST23582,01-06-2017,Loan Disbursal,PRD0013,Insurance,682904.01,ATM,  North Zone,Gujarat,Sanjay Gupta,Reversed,Loan Disbursal - Insurance - Dec 2014,122922.72,126.52,559854.77
TXN1671739,CUST75350,05-06-2017,NEFT,PRD0017,Auto Loan,2543009.42,NEFT/RTGS,Central Zone,Andhra Pradesh,Amit Patel,Under Review,NEFT - Auto Loan - Sep 2014,0,479.31,2542530.11
TXN5607997,CUST77672,07-09-2012,imps,PRD0005,Education Loan,4319857.02,Internet Banking,Central Zone,Madhya Pradesh,Arun Mehta,Reversed,IMPS - Education Loan - Sep 2012,777574.26,350.65,3541932.11
TXN8899766,CUST86969,07-06-2014,Debit,PRD0011,Recurring Deposit,1033272.68,Internet Banking,  East Zone,Karnataka,  Mohan Das,Pending,Debit - Recurring Deposit - Jul 2014,185989.08,107.17,847176.43
TXN9372213,CUST74437,22-03-2010,IMPS,PRD0004,Gold Loan,1354859.99,NEFT/RTGS,North Zone,Odisha,Sunita Rao,Pending ,IMPS - Gold Loan - Mar 2010,0,169.25,Rs.1354690.74
TXN4029607,CUST55229,27-Jan-14,Loan Disbursal,PRD0008,Credit Card,4320603.35,Branch,North Zone,  Maharashtra,Vijay Kumar,Failed,Loan Disbursal - Credit Card - Jan 2014,777708.6,71.01,3542823.74
TXN4421385,CUST17736,18-10-2014,EMI Payment,PRD0010,Fixed Deposit,Rs.3269607.03,Phone Banking,South Zone,Uttar Pradesh,  Vijay Kumar,Under Review,EMI Payment - Fixed Deposit - Oct 2014,588529.27,342.81,2680734.95
TXN2661625,CUST89988,21-09-2014,EMI Payment,PRD0012,MUTUAL FUND,2028897.75,NEFT/RTGS,North Zone,Karnataka,Anita Bose,Under Review,EMI Payment - Mutual Fund - Sep 2014,365201.59,323.62,1663372.54
TXN8262717,CUST23305,26-06-2013,INTEREST CREDIT,PRD0005,Education Loan,4820200.12,ATM,West Zone,West Bengal,  Kavitha Subramanian,Completed,Interest Credit - Education Loan - Jun 2013,867636.02,29.22,3952534.88
TXN1133313,CUST84107,18-02-2011,  Interest Credit,PRD0014,OD Facility,1444718.57,Phone Banking,Central Zone,Madhya Pradesh,Sunita Rao,Completed,Interest Credit - OD Facility - Feb 2011,260049.34,355.83,1184313.4
TXN6338809,CUST34697,11-02-2015,Transfer,PRD0006,BUSINESS LOAN,3881342.16,NEFT/RTGS,North Zone,Delhi,LALITA DEVI,Completed,Transfer - Business Loan - Feb 2015,0,339.16,3881003
TXN4415138,CUST97852,08-03-2015,  Interest Credit,PRD0011,RECURRING DEPOSIT,4475219.95,  ATM,South Zone,Tamil Nadu,RAMESH YADAV,Pending,Interest Credit - Recurring Deposit - Mar 2015,805539.59,219.14,4475219.95
TXN9858129,CUST55229,06-03-2012,Cash Withdrawal,PRD0002,Personal Loan,4073788.18,Phone Banking,South Zone,Uttar Pradesh,Nitin Joshi,SUCCESS,Cash Withdrawal - Personal Loan - Jul 2021,733281.87,279.18,3340227.13
TXN7202085,CUST50037,19-10-2015,IMPS,PRD0012,Mutual Fund,4849074.13,Internet Banking,East Zone,Telangana,Ramesh Yadav,Reversed,IMPS - Mutual Fund - Oct 2015,872833.34,444.05,3975796.74
TXN3654068,CUST64396,22-Jul-15,  UPI,PRD0017,Auto Loan,1023702.09,Branch,North Zone,Telangana,Anita Bose,Under Review,UPI - Auto Loan - Jul 2015,184266.38,178.61,839257.1
TXN6226289,CUST49708,15-05-2011,RTGS,PRD0014,OD Facility,304854.11,POS,West Zone,Maharashtra,Anita Bose,Pending,RTGS - OD Facility - May 2011,0,63.79,304790.32
TXN9629332,CUST93284,03-05-2022,transfer,PRD0010,Fixed Deposit,1253540.44,ATM,East Zone,Gujarat,Amit Patel,Completed,Transfer - Fixed Deposit - Jul 2012,0,75.16,1253465.28
TXN9695869,CUST10255,29-12-2020,IMPS,PRD0007,Loan Against Property,25692.9,POS,East Zone,Telangana,kavitha subramanian,Completed,IMPS - Loan Against Property - Dec 2020,4624.72,0,20672.75
TXN8151104,CUST84341,23-03-2025,Credit,PRD0012,mutual fund,1729888.09,Mobile App,North Zone,Odisha,Mohan Das,Pending,Credit - Mutual Fund - Sep 2020,311379.86,224.07,1418284.16
TXN7443706,CUST38885,11-12-2017,Interest Credit,PRD0009,Savings Account,4836283.56,NEFT/RTGS,East Zone,ODISHA,AMIT PATEL,Under Review,Interest Credit - Savings Account - Nov 2016,870531.04,86.02,3965666.5
TXN7293900,CUST53642,01-06-2017,EMI Payment,PRD0007,LOAN AGAINST PROPERTY,1568737.17,Internet Banking,South Zone,Delhi,  Sunita Rao,Failed,EMI Payment - Loan Against Property - Jun 2011,282372.69,76.58,1286287.9
TXN2253681,CUST62312,09-04-2021,loan disbursal,PRD0014,OD Facility,2637527.26,internet banking,North Zone,Odisha,Priya Nair,Failed,Loan Disbursal - OD Facility - Jan 2022,0,181.88,2637345.38
TXN6708438,CUST85887,04-05-2017,neft,PRD0007,Loan Against Property,3691275.74,  Branch,South Zone,Uttar Pradesh,Nitin Joshi,Failed,NEFT - Loan Against Property - Feb 2021,664429.63,490.27,3026355.84
TXN4549536,CUST85887,19-Feb-21,NEFT,PRD0007,Loan Against Property,3691275.74,Branch,South Zone,Uttar Pradesh,Nitin Joshi,Completed,NEFT - Loan Against Property - Feb 2021,664429.63,490.27,3026355.84
TXN3040641,CUST60342,29-02-2020,EMI Payment,PRD0002,Personal Loan,1112463.48,Internet Banking,South Zone,andhra pradesh,Ramesh Yadav,Failed,EMI Payment - Personal Loan - Feb 2016,200243.43,398.28,911821.77
TXN4650498,CUST14959,17-05-2011,Cash Deposit,PRD0005,Education Loan,3698346.91,Internet Banking,  West Zone,Telangana,Ramesh Yadav,Failed,Cash Deposit - Education Loan - Dec 2025,0,446.79,3697900.12
TXN1463009,CUST21069,19-04-2017,IMPS,PRD0011,Recurring Deposit,3304122.87,Branch,South Zone,Delhi,Sunita Rao,Pending,IMPS - Recurring Deposit - Apr 2017,0,10.21,3304112.66
TXN2532824,CUST33206,27-07-2015,  EMI Payment,PRD0006,Business Loan,26333.28,NEFT/RTGS,West Zone,Karnataka,MEENA IYER,Completed,EMI Payment - Business Loan - Jul 2015,0,332.2,26001.08
TXN3272381,CUST93810,26-Jul-24,NEFT,PRD0012,MUTUAL FUND,253048.1,Phone Banking,North Zone,  Uttar Pradesh,sunita rao,Under Review,NEFT - Mutual Fund - Jul 2024,0,244.87,252803.23
TXN4239692,CUST66346,19-May-15,NEFT,PRD0011,Recurring Deposit,737892.03,ATM,West Zone,Rajasthan,kavitha subramanian,Failed,NEFT - Recurring Deposit - May 2015,132820.57,335.74,604735.72
TXN4236424,CUST89098,18-12-2021,PENALTY CHARGE,PRD0006,BUSINESS LOAN,3312309.51,Internet Banking,East Zone,Tamil Nadu,Sunita Rao,Under Review,Penalty Charge - Business Loan - Dec 2021,0,311.14,3311998.37
TXN1812114,CUST49302,24-Jul-10,Cash Deposit,PRD0001,Home Loan,1010349.1,NEFT/RTGS,  Central Zone,Odisha,Rajesh Sharma,Completed,Cash Deposit - Home Loan - Jul 2010,181862.84,26.45,828459.81
TXN8437230,CUST63848,30-03-2015,TRANSFER,PRD0012,mutual fund,285399.34,  Branch,EAST ZONE,West Bengal,mohan das,Under Review,Transfer - Mutual Fund - Jan 2019,0,264.55,285134.79
TXN6285036,CUST74828,17-04-2017,Cash Deposit,PRD0009,Savings Account,33780.78,Mobile App,East Zone,Madhya Pradesh,Lalita Devi,Completed,Cash Deposit - Savings Account - Aug 2011,0,116.19,33664.59
TXN7965924,CUST63093,09-04-2021,Cash Withdrawal,PRD0012,Mutual Fund,3106209.45,POS,Central Zone,Odisha,kavitha subramanian,Pending,Cash Withdrawal - Mutual Fund - Oct 2024,0,340.41,Rs.3105869.04
TXN6677921,CUST64419,27-Dec-17,UPI,PRD0014,OD Facility,61702.6,Mobile App,North Zone,Tamil Nadu,Vijay Kumar,Failed,UPI - OD Facility - Dec 2017,11106.47,139.02,50457.11
TXN4870456,CUST49152,18-Sep-22,Credit,PRD0010,Fixed Deposit,4230842.05,INTERNET BANKING,Central Zone,Madhya Pradesh,Deepa Krishnan,Reversed,Credit - Fixed Deposit - Sep 2022,761551.57,78.07,3469212.41
TXN3493775,CUST30517,29-09-2015,neft,PRD0017,Auto Loan,3028148.44,Mobile App,Central Zone,KERALA,Sunita Rao,Reversed,NEFT - Auto Loan - Sep 2015,545066.72,454.25,2482627.47
TXN4212955,CUST79681,07-05-2010,Cash Deposit,PRD0003,  Auto Loan,4874497.79,POS,East Zone,West Bengal,  Sunita Rao,SUCCESS,Cash Deposit - Gold Loan - Jul 2010,877409.6,22.85,3997065.34
TXN8873557,CUST76935,01-02-2018,upi,PRD0013,Insurance,4499755.18,POS,West Zone,Madhya Pradesh,  Meena Iyer,Pending,UPI - Insurance - Jan 2011,0,110.6,4499644.58
TXN8997033,CUST84873,03-08-2016,Cash Deposit,PRD0014,  OD Facility,1332582.45,  ATM,Central Zone,Odisha,Mohan Das,Reversed,Cash Deposit - OD Facility - Mar 2016,239864.84,261.31,1092456.3
TXN3656383,CUST22050,30-05-2016,RTGS,PRD0012,mutual fund,1010905.6,branch,Central Zone,Rajasthan,Meena Iyer,Failed,RTGS - Mutual Fund - May 2016,181963.01,Rs.493.16,828449.43
TXN9226636,CUST50166,20-May-21,  EMI Payment,PRD0007,Loan Against Property,3559102.66,NEFT/RTGS,North Zone,West Bengal,Meena Iyer,Completed,Transfer - Loan Against Property - May 2021,640638.48,37.23,3559102.66
TXN6464255,CUST33206,13-08-2014,Credit,PRD0002,Personal Loan,827818.56,NEFT/RTGS,East Zone,Rajasthan,Nitin Joshi,Failed,Credit - Personal Loan - Aug 2014,0,166.37,827652.19
TXN5384986,CUST98488,25-06-2020,Debit,PRD0012,Mutual Fund,3822720.31,Internet Banking,  West Zone,Maharashtra,  Lalita Devi,Pending,Debit - Mutual Fund - Feb 2015,Rs.688089.66,49.31,3134581.34
TXN4233825,CUST16880,22-04-2018,  Penalty Charge,PRD0009,Savings Account,3938539.88,  Branch,NORTH ZONE,Karnataka,Meena Iyer,Failed,Penalty Charge - Savings Account - Apr 2018,708937.18,301.06,3229301.64
TXN8702737,CUST96752,03-05-2022,CASH DEPOSIT,PRD0007,Loan Against Property,4627667.73,Branch,North Zone,Punjab,rajesh sharma,Completed,Cash Deposit - Loan Against Property - Apr 2020,832980.19,191.87,3794495.67
TXN3353146,CUST71587,26-07-2012,NEFT,PRD0004,Gold Loan,652553.91,Branch,Central Zone,  Kerala,meena iyer,Completed,NEFT - Gold Loan - Jul 2012,0,126.95,652426.96
TXN4427209,CUST52550,19-Feb-13,imps,PRD0011,Recurring Deposit,495082.45,  POS,West Zone,Maharashtra,Sai Patel,Reversed,IMPS - Recurring Deposit - Feb 2013,Rs.0,0,494766.41
TXN4295077,CUST17736,26-09-2015,CASH DEPOSIT,PRD0004,Gold Loan,1461271.13,POS,  South Zone,Kerala,kavitha subramanian,Completed,Cash Deposit - Gold Loan - Sep 2015,263028.8,438.37,1197803.96
TXN5369162,CUST84912,17-05-2023,NEFT,PRD0013,Insurance,1106273.56,Internet Banking,North Zone,Odisha,Meena Iyer,Completed,NEFT - Insurance - May 2023,0,139.28,1106134.28
TXN2994574,CUST74437,22-Feb-22,Penalty Charge,PRD0013,Insurance,2354757.22,Phone Banking,Central Zone,Kerala,Arun Mehta,Under Review,Penalty Charge - Insurance - Feb 2022,423856.3,430.1,1930470.82
TXN5993147,CUST82089,08-02-2024,  NEFT,PRD0001,Home Loan,3569560.35,Branch,south zone,telangana,ramesh yadav,Failed,NEFT - Home Loan - Feb 2024,642520.86,225.72,2926813.77
TXN9203071,CUST31093,08-10-2017,Cash Withdrawal,PRD0012,Mutual Fund,3575527.92,NEFT/RTGS,Central Zone,Haryana,Kavitha Subramanian,Reversed,Cash Withdrawal - Mutual Fund - Mar 2015,643595.03,259.53,2931673.36
TXN2224074,CUST28953,06-03-2011,Credit,PRD0008,CREDIT CARD,2712257.32,BRANCH,Central Zone,Haryana,Lalita Devi,failed,Credit - Credit Card - Mar 2011,488206.32,281.09,2223769.91
TXN7441149,CUST76093,20-04-2024,TRANSFER,PRD0008,Credit Card,4957372.47,ATM,Central Zone,Andhra Pradesh,Anita Bose,Reversed,Transfer - Credit Card - Apr 2024,892327.04,229.19,4064816.24
TXN6510523,CUST43518,19-Feb-25,UPI,PRD0017,Auto Loan,4729158.08,NEFT/RTGS,East Zone,west bengal,Amit Patel,Reversed,UPI - Auto Loan - Feb 2025,0,445.63,4728712.45
TXN2376958,CUST12867,13-11-2011,CASH WITHDRAWAL,PRD0014,OD FACILITY,309096.4,Branch,South Zone,Delhi,Arun Mehta,Completed,Cash Withdrawal - OD Facility - Nov 2011,55637.35,38.3,253420.75
TXN5661113,CUST43330,22-07-2022,EMI Payment,PRD0014,od facility,4934364.02,ATM,East Zone,Maharashtra,Priya Nair,Reversed,EMI Payment - OD Facility - Jul 2022,0,160.57,4934203.45
TXN3698959,CUST89129,07-06-2012,EMI Payment,PRD0017,Auto Loan,2361059.83,Phone Banking,South Zone,Rajasthan,Rajesh Sharma,Completed,EMI Payment - Auto Loan - Jul 2012,424990.77,374.68,2361059.83
TXN3205827,CUST19508,12-05-2018,Cash Withdrawal,PRD0007,Loan Against Property,3918802.46,ATM,North Zone,Odisha,Deepa Krishnan,Completed,Cash Withdrawal - Loan Against Property - May 2018,705384.44,230.71,3213187.31
TXN8028803,CUST64396,17-09-2016,Cash Withdrawal,PRD0009,Savings Account,3759112.66,Phone Banking,South Zone,Rajasthan,Lalita Devi,Failed,Cash Withdrawal - Savings Account - Sep 2012,676640.28,59.5,3082412.88
TXN2392026,CUST16076,18-06-2018,NEFT,PRD0013,Insurance,4892110.89,  Internet Banking,West Zone,uttar pradesh,DEEPA KRISHNAN,Failed,Loan Disbursal - Insurance - Jun 2018,0,473.69,4891637.2
TXN4284954,CUST58688,05-01-2013,IMPS,PRD0004,Gold Loan,586505.5,Internet Banking,EAST ZONE,West Bengal,Mohan Das,Under Review,IMPS - Gold Loan - Jan 2013,0,379.63,Rs.586125.87
TXN7164790,CUST84838,02-03-2022,Interest Credit,PRD0002,Personal Loan,287800.55,Branch,North Zone,Delhi,Nitin Joshi,Pending,Interest Credit - Personal Loan - Mar 2022,51804.1,261.95,235734.5
TXN8670027,CUST90439,01-Dec-20,Interest Credit,PRD0012,Mutual Fund,805336.52,POS,North Zone,Uttar Pradesh,Lalita Devi,Completed,Interest Credit - Mutual Fund - Dec 2020,0,14.53,805321.99
TXN5954616,CUST31237,16-07-2011,emi payment,PRD0014,OD Facility,2250717.5,branch,SOUTH ZONE,West Bengal,  Anita Bose,Completed,EMI Payment - OD Facility - Jul 2011,405129.15,0,1845146.61
TXN1810951,CUST84130,29-12-2016,RTGS,PRD0012,mutual fund,299250.14,mobile app,west zone,Delhi,Sanjay Gupta,Failed,RTGS - Mutual Fund - Dec 2016,53865.03,0,245027.19
TXN3416756,CUST62645,30-09-2013,neft,PRD0006,Business Loan,2549911.21,Phone Banking,Central Zone,Odisha,Vijay Kumar,Reversed,NEFT - Business Loan - Sep 2013,458984.02,404.59,2090522.6
TXN4541365,CUST95789,21-04-2011,CREDIT,PRD0012,Mutual Fund,2687041.39,ATM,East Zone,Andhra Pradesh,Ramesh Yadav,Failed,Credit - Mutual Fund - Apr 2011,483667.45,378.27,2202995.67
TXN2387408,CUST94018,03-Dec-13,Loan Disbursal,PRD0005,education loan,2076717.41,Branch,West Zone,andhra pradesh,Anita Bose,Completed,Loan Disbursal - Education Loan - Dec 2013,373809.13,110.26,1702798.02
TXN4166339,CUST60407,25-12-2019,Cash Deposit,PRD0007,Loan Against Property,1723307.11,NEFT/RTGS,Central Zone,ANDHRA PRADESH,KAVITHA SUBRAMANIAN,Pending,Cash Deposit - Loan Against Property - Dec 2019,310195.28,193.94,1412917.89
TXN5751617,CUST88561,04-12-2015,Penalty Charge,PRD0011,Recurring Deposit,1305979.25,Phone Banking,West Zone,odisha,Sanjay Gupta,Completed,Penalty Charge - Recurring Deposit - Dec 2015,0,238.8,1305740.45
TXN1848221,CUST46915,25-08-2011,UPI,PRD0001,Home Loan,2970987.31,NEFT/RTGS,North Zone,Karnataka,Rajesh Sharma,Under Review,UPI - Home Loan - Aug 2011,0,100.05,2970887.26
TXN1368353,CUST25162,30-07-2011,cash deposit,PRD0004,Gold Loan,3715885.17,POS,South Zone,Rajasthan,Lalita Devi,Under Review,Cash Deposit - Gold Loan - Jul 2011,668859.33,165.3,3046860.54
TXN2427823,CUST21546,29-06-2016,RTGS,PRD0010,Fixed Deposit,1355493.05,Branch,Central Zone,Tamil Nadu,  Kavitha Subramanian,Failed,RTGS - Fixed Deposit - Jun 2016,243988.75,0.83,1111503.47
TXN9520433,CUST92203,01-10-2014,Interest Credit,PRD0001,Home Loan,3629507.55,mobile app,North Zone,Kerala,Vijay Kumar,Failed,Interest Credit - Home Loan - Oct 2014,0,330.9,3629176.65
TXN2748998,CUST90439,05-06-2014,Cash Withdrawal,PRD0008,Credit Card,4790728.82,ATM,South Zone,maharashtra,Priya Nair,Completed,Cash Withdrawal - Credit Card - Jun 2014,Rs.0,329.22,4790399.6
TXN7660623,CUST53813,03-06-2016,Cash Withdrawal,PRD0011,Recurring Deposit,2583610.42,POS,East Zone,odisha,Arun Mehta,failed,Cash Withdrawal - Recurring Deposit - Mar 2016,465049.88,169.67,2118390.87
TXN2921471,CUST80972,06-10-2022,Cash Deposit,PRD0007,Loan Against Property,2449313.04,Internet Banking,Central Zone,Rajasthan,amit patel,Reversed,Cash Deposit - Loan Against Property - Oct 2022,440876.35,0,2008047.08
TXN8795963,CUST35032,04-Jul-23,Cash Withdrawal,PRD0008,Credit Card,3704728.4,Mobile App,EAST ZONE,  Gujarat,  Rajesh Sharma,Completed,Cash Withdrawal - Credit Card - Jul 2023,666851.11,395.88,3037481.41
TXN6412416,CUST47982,11-01-2022,EMI Payment,PRD0006,BUSINESS LOAN,1329608.94,NEFT/RTGS,Central Zone,Uttar Pradesh,nitin joshi,Pending,EMI Payment - Business Loan - Mar 2016,239329.61,97.48,1090181.85
TXN4165481,CUST81654,23-01-2016,credit,PRD0005,Education Loan,1017761.03,NEFT/RTGS,East Zone,Madhya Pradesh,Priya Nair,Reversed,Credit - Education Loan - Jan 2016,183196.99,354.15,834209.89
TXN8268655,CUST81654,23-Jan-16,Credit,PRD0005,Education Loan,1017761.03,NEFT/RTGS,West Zone,Madhya Pradesh,Priya Nair,Completed,Credit - Education Loan - Jan 2016,183196.99,354.15,834209.89
TXN4171959,CUST17179,01-04-2019,Cash Deposit,PRD0010,Fixed Deposit,120763.43,atm,EAST ZONE,Delhi,Sanjay Gupta,Completed,Cash Deposit - Fixed Deposit - Apr 2019,21737.42,325.5,98700.51
TXN2392083,CUST73156,18-06-2018,NEFT,PRD0013,insurance,4082452.56,Branch,West Zone,Odisha,meena iyer,Pending,NEFT - Insurance - Jun 2018,0,77.35,4082375.21
TXN2709217,CUST21728,21-04-2010,Cash Withdrawal,PRD0009,Savings Account,Rs.1028205.4,INTERNET BANKING,East Zone,Maharashtra,RAMESH YADAV,Pending,Cash Withdrawal - Savings Account - Dec 2014,0,Rs.487.07,2354416.42
TXN2100846,CUST24832,09-04-2017,Loan Disbursal,PRD0008,Credit Card,140673.5,atm,east zone,andhra pradesh,Deepa Krishnan,Reversed,Loan Disbursal - Credit Card - Sep 2017,25321.23,486.08,114866.19
TXN6796311,CUST73156,10-01-2012,NEFT,PRD0014,od facility,4382344.3,POS,North Zone,Andhra Pradesh,Deepa Krishnan,Reversed,NEFT - OD Facility - Oct 2012,788821.97,221.01,3593301.32
TXN2912296,CUST64401,22-10-2022,Penalty Charge,PRD0011,Recurring Deposit,1533770.47,  ATM,North Zone,Odisha,  Ramesh Yadav,Under Review,Penalty Charge - Recurring Deposit - Jun 2014,276078.68,487.66,1257204.13
TXN2585052,CUST59689,22-10-2022,Debit,PRD0012,MUTUAL FUND,4995589.3,POS,Central Zone,Delhi,aditya gupta,Completed,Debit - Mutual Fund - Jul 2010,899206.07,495.71,4095887.52
TXN8887402,CUST66431,04-Mar-22,UPI,PRD0007,Loan Against Property,1595073.16,ATM,West Zone,Uttar Pradesh,Kavitha Subramanian,Pending,UPI - Loan Against Property - Mar 2022,287113.17,403.93,1307556.06
TXN2553345,CUST78740,23-12-2010,Penalty Charge,PRD0008,Credit Card,2767184.55,Internet Banking,East Zone,Odisha,Kavitha Subramanian,Completed,Penalty Charge - Credit Card - Dec 2010,498093.22,379.53,2268711.8
TXN1521658,CUST30516,16-04-2017,Debit,PRD0013,Insurance,807322.23,POS,West Zone,karnataka,Rajesh Sharma,Failed,Debit - Insurance - Apr 2017,0,318.82,807003.41
TXN1196351,CUST33094,26-07-2014,Interest Credit,PRD0003,  Auto Loan,465298.46,ATM,West Zone,delhi,DEEPA KRISHNAN,Under Review,Loan Disbursal - Loan Against Property - Jul 2014,83753.72,442.63,381102.11
TXN3274519,CUST60738,15-09-2014,  Credit,PRD0004,Gold Loan,3848387.75,Mobile App,West Zone,Tamil Nadu,MEENA IYER,Under Review,Credit - Gold Loan - May 2021,692709.79,66.49,3155611.47
TXN2598306,CUST14791,10-04-2023,EMI Payment,PRD0014,OD FACILITY,3363461,NEFT/RTGS,East Zone,Gujarat,Priya Nair,Reversed,EMI Payment - OD Facility - Oct 2023,605422.98,63.63,2757974.39
TXN1723235,CUST57294,09-12-2019,Penalty Charge,PRD0006,Business Loan,673404.6,ATM,South Zone,Tamil Nadu,  Kavitha Subramanian,Under Review,Penalty Charge - Business Loan - Dec 2019,121212.83,78.14,552113.63
TXN8008300,CUST95403,23-05-2015,upi,PRD0013,  Insurance,1998997.23,Mobile App,  West Zone,WEST BENGAL,Vijay Kumar,Reversed,UPI - Insurance - May 2015,0,6.4,1998990.83
TXN2623935,CUST36976,11-12-2017,Penalty Charge,PRD0009,Savings Account,1408396.16,Internet Banking,Central Zone,Maharashtra,Priya Nair,Pending,Penalty Charge - Savings Account - Apr 2020,0,67.87,1408328.29
TXN1044901,CUST75494,17-09-2014,UPI,PRD0013,Insurance,4580409.82,  Branch,SOUTH ZONE,Uttar Pradesh,  Priya Nair,Completed,UPI - Insurance - Jun 2020,0,376.44,4580033.38
TXN1514768,CUST29215,12-10-2023,Debit,PRD0002,Personal Loan,1271261.22,ATM,West Zone,UTTAR PRADESH,Mohan Das,Pending,Debit - Personal Loan - Oct 2023,0,218.61,1271042.61
TXN2400189,CUST21069,10-04-2013,UPI,PRD0001,Home Loan,1337179.03,Mobile App,East Zone,Tamil Nadu,MOHAN DAS,Failed,UPI - Home Loan - Apr 2013,240692.23,262.98,Rs.1096223.82
TXN8819329,CUST86273,06-Mar-13,Transfer,PRD0004,Gold Loan,1526188.8,Internet Banking,Central Zone,Uttar Pradesh,VIJAY KUMAR,Reversed,Transfer - Gold Loan - Mar 2013,0,318.48,1525870.32
TXN6929111,CUST80138,10-11-2012,transfer,PRD0005,EDUCATION LOAN,3306552.63,Phone Banking,South Zone,  Tamil Nadu,  Dhruv Iyer,Pending,Transfer - Education Loan - Nov 2012,0,418.03,3306134.6
TXN8983091,CUST28665,10-06-2025,Debit,PRD0009,savings account,1227126.31,  ATM,North Zone,Odisha,Arun Mehta,Failed,Debit - Savings Account - Jul 2017,220882.74,71.52,1006172.05
TXN8918069,CUST76093,11-07-2016,imps,PRD0010,Fixed Deposit,1428948.76,Branch,north zone,Maharashtra,Deepa Krishnan,Failed,IMPS - Fixed Deposit - Jul 2016,0,48.79,1428899.97
TXN8793309,CUST69892,01-03-2024,Interest Credit,PRD0004,Gold Loan,2361725.93,Internet Banking,WEST ZONE,Tamil Nadu,Deepa Krishnan,Failed,Interest Credit - Gold Loan - Apr 2021,0,92.16,2361633.77
TXN8234317,CUST22108,01-02-2018,Cash Withdrawal,PRD0001,home loan,837727.16,Branch,North Zone,haryana,deepa krishnan,Under Review,Cash Withdrawal - Home Loan - Oct 2016,0,372.66,837354.5
TXN6987620,CUST98208,07-06-2023,Interest Credit,PRD0017,Auto Loan,1308784.81,atm,North Zone,Punjab,Lalita Devi,Failed,Interest Credit - Auto Loan - Jan 2025,235581.27,7.61,1073195.93
TXN1712024,CUST62286,30-08-2022,EMI Payment,PRD0012,Mutual Fund,226908.67,Phone Banking,North Zone,Delhi,Rajesh Sharma,Failed,EMI Payment - Mutual Fund - Dec 2015,40843.56,Rs.53.39,186011.72
TXN2411998,CUST89129,03-04-2012,IMPS,PRD0017,Auto Loan,2549801.07,ATM,north zone,Delhi,Deepa Krishnan,Pending,IMPS - Auto Loan - Apr 2012,458964.19,203.62,2090633.26
TXN2774026,CUST83308,10-02-2015,EMI Payment,PRD0007,LOAN AGAINST PROPERTY,4012105.06,mobile app,Central Zone,UTTAR PRADESH,mohan das,Reversed,EMI Payment - Loan Against Property - May 2024,0,384.42,3289541.73
TXN6812653,CUST83308,26-05-2024,EMI Payment,PRD0007,Loan Against Property,4012105.06,Mobile App,Central Zone,Uttar Pradesh,Mohan Das,Completed,EMI Payment - Loan Against Property - May 2024,722178.91,384.42,3289541.73
TXN1368774,CUST86619,13-Nov-18,Loan Disbursal,PRD0010,Fixed Deposit,312683.81,Internet Banking,South Zone,Tamil Nadu,vijay kumar,Reversed,Loan Disbursal - Fixed Deposit - Nov 2018,0,266.71,312417.1
TXN8306758,CUST33094,24-07-2015,Debit,PRD0011,Recurring Deposit,4716164.26,  Branch,East Zone,telangana,Mohan Das,Reversed,Debit - Recurring Deposit - Jul 2015,0,499.5,3866755.19
TXN5484338,CUST90117,11-07-2016,LOAN DISBURSAL,PRD0009,Savings Account,3754180.14,Mobile App,Central Zone,rajasthan,Rajesh Sharma,Pending,Loan Disbursal - Savings Account - Sep 2011,675752.43,103.5,3078324.21
TXN3294248,CUST37164,30-09-2016,Cash Deposit,PRD0014,OD Facility,1607603.9,MOBILE APP,North Zone,Telangana,Sunita Rao,Failed,Cash Deposit - OD Facility - Sep 2016,0,147.11,1607603.9
TXN4117172,CUST89691,13-05-2011,Penalty Charge,PRD0009,Savings Account,3198353.43,NEFT/RTGS,East Zone,Kerala,Rajesh Sharma,Reversed,Penalty Charge - Savings Account - May 2011,575703.62,Rs.177.27,2622472.54
TXN8476998,CUST31660,15-12-2021,Loan Disbursal,PRD0005,Education Loan,2829137.51,pos,East Zone,Odisha,Lalita Devi,Reversed,Loan Disbursal - Education Loan - Dec 2021,509244.75,2.54,2319890.22
TXN1014526,CUST49838,26-01-2022,PENALTY CHARGE,PRD0012,Mutual Fund,3773251.89,NEFT/RTGS,Central Zone,Punjab,Anita Bose,Reversed,Penalty Charge - Mutual Fund - Aug 2019,0,300.16,3772951.73
TXN5519375,CUST98208,04-07-2015,Penalty Charge,PRD0006,business loan,4823528.38,Branch,North Zone,Kerala,Lalita Devi,Reversed,Penalty Charge - Business Loan - Jul 2015,Rs.868235.11,74.18,3955219.09
TXN5198861,CUST90439,30-07-2017,Debit,PRD0004,Gold Loan,948205.02,Internet Banking,East Zone,  Andhra Pradesh,  Mohan Das,Reversed,Debit - Gold Loan - Jul 2017,170676.9,456.63,777071.49
TXN7696352,CUST60096,22-09-2023,EMI Payment,PRD0011,Recurring Deposit,4797555.88,Branch,  West Zone,Madhya Pradesh,Amit Patel,Pending,EMI Payment - Recurring Deposit - Sep 2023,863560.06,260.6,3933735.22
TXN5314934,CUST93810,26-01-2010,EMI Payment,PRD0008,Credit Card,Rs.2796400.81,ATM,Central Zone,Madhya Pradesh,Ramesh Yadav,Reversed,EMI Payment - Credit Card - Jan 2010,503352.15,365.1,2292683.56
TXN3891278,CUST51116,09-04-2019,Credit,PRD0011,Recurring Deposit,3329012.96,Mobile App,south zone,Delhi,Ramesh Yadav,Failed,Credit - Recurring Deposit - Sep 2017,0,442.61,2729348.02
TXN6027511,CUST60353,10-02-2018,  Credit,PRD0010,Fixed Deposit,3042659.66,Internet Banking,  East Zone,Punjab,Lalita Devi,Pending ,Credit - Fixed Deposit - Oct 2018,547678.74,278.97,2494701.95
TXN3279758,CUST96754,02-08-2016,EMI Payment,PRD0006,Business Loan,1351870.83,Branch,East Zone,West Bengal,Vijay Kumar,Pending,EMI Payment - Business Loan - Aug 2016,243336.75,38.12,1108495.96
TXN3670165,CUST82510,15-08-2013,Debit,PRD0014,OD Facility,4964058.15,ATM,  North Zone,Andhra Pradesh,Deepa Krishnan,Completed,Debit - OD Facility - Aug 2013,0,0,4963762.05
TXN2050473,CUST17887,01-03-2024,NEFT,PRD0011,Recurring Deposit,3493297.11,Phone Banking,West Zone,Andhra Pradesh,  Sanjay Gupta,Reversed,NEFT - Recurring Deposit - Mar 2020,628793.48,0,2864040.98
TXN7484371,CUST40396,17-04-2017,  Cash Withdrawal,PRD0010,Fixed Deposit,3494483.05,Branch,Central Zone,Karnataka,Nitin Joshi,Reversed,Cash Withdrawal - Fixed Deposit - Sep 2016,629006.95,11.33,2865464.77
TXN2347826,CUST74213,09-01-2020,Interest Credit,PRD0004,GOLD LOAN,4629331.28,Branch,North Zone,Odisha,Kavitha Subramanian,SUCCESS,Interest Credit - Gold Loan - Jan 2020,0,123.97,4629331.28
TXN8614700,CUST27284,16-08-2025,EMI PAYMENT,PRD0013,Insurance,3867505.26,branch,  West Zone,Tamil Nadu,Sanjay Gupta,Pending,EMI Payment - Insurance - Aug 2025,696150.95,252.31,3171102
TXN6449224,CUST55229,01-08-2016,Cash Withdrawal,PRD0002,Personal Loan,3353834.65,POS,South Zone,Madhya Pradesh,Nitin Joshi,Completed,Cash Withdrawal - Personal Loan - Jan 2016,0,219.2,3353615.45
TXN7514462,CUST55229,08-Jan-16,Cash Withdrawal,PRD0002,Personal Loan,3353834.65,POS,South Zone,Madhya Pradesh,Nitin Joshi,Completed,Cash Withdrawal - Personal Loan - Jan 2016,0,219.2,3353615.45
TXN9435753,CUST14555,15-Oct-17,Debit,PRD0003,  Auto Loan,1890519.9,POS,  West Zone,west bengal,Priya Nair,Failed,Debit - Home Loan - Oct 2017,0,221.64,1890298.26
TXN2139031,CUST69151,01-10-2018,Cash Withdrawal,PRD0011,Recurring Deposit,4291601.37,POS,Central Zone,Tamil Nadu,Deepa Krishnan,Completed,Cash Withdrawal - Recurring Deposit - Oct 2018,0,330.69,4291270.68
TXN5401202,CUST76341,24-07-2020,cash withdrawal,PRD0012,mutual fund,1374118.59,NEFT/RTGS,SOUTH ZONE,Odisha,AMIT PATEL,Completed,Cash Withdrawal - Mutual Fund - Jul 2020,247341.35,249.3,1126527.94
TXN3864294,CUST19508,06-07-2022,credit,PRD0008,Credit Card,1012997.46,Branch,EAST ZONE,Maharashtra,VIJAY KUMAR,Pending,Credit - Credit Card - Apr 2022,0,349.65,1012647.81
TXN7125971,CUST65215,25-Nov-19,Interest Credit,PRD0008,Credit Card,1995381.04,ATM,Central Zone,Haryana,Sunita Rao,Completed,Interest Credit - Credit Card - Nov 2019,0,344.94,1995036.1
TXN8316899,CUST45338,13-01-2020,Credit,PRD0051,  Savings Account,4150865.03,Branch,West Zone,Uttar Pradesh,Anita Bose,Completed,Credit - Savings Account - Jan 2020,747155.71,233.79,3403475.53
TXN5472359,CUST30260,23-03-2025,LOAN DISBURSAL,PRD0006,Business Loan,Rs.1055434.64,Branch,west zone,Gujarat,SANJAY GUPTA,Pending ,Loan Disbursal - Business Loan - Mar 2019,189978.24,487.55,864968.85
TXN6717032,CUST98208,14-12-2019,UPI,PRD0001,Home Loan,1541637.86,Branch,Central Zone,Delhi,Deepa Krishnan,Pending,UPI - Home Loan - Dec 2019,277494.81,Rs.166.35,1263976.7
TXN2639973,CUST66346,06-Apr-18,UPI,PRD0017,AUTO LOAN,2243527.4,MOBILE APP,Central Zone,Telangana,deepa krishnan,Pending,UPI - Auto Loan - Apr 2018,403834.93,154.47,1839538
TXN3977276,CUST29162,30-06-2016,RTGS,PRD0003,  Auto Loan,1179277.34,POS,SOUTH ZONE,Uttar Pradesh,Mohan Das,Failed,RTGS - Credit Card - Jun 2016,0,51.75,1179225.59
TXN4712335,CUST91167,05-09-2023,UPI,PRD0004,Gold Loan,1597595.86,Branch,SOUTH ZONE,Delhi,Vijay Kumar,Completed,UPI - Gold Loan - Sep 2023,287567.25,390.72,1309637.89
TXN3865002,CUST69921,11-04-2021,Loan Disbursal,PRD0095,  Recurring Deposit,3825443.8,  Phone Banking,East Zone,Andhra Pradesh,arun mehta,Completed,Loan Disbursal - Recurring Deposit - Nov 2020,688579.88,408.75,3136455.17
TXN8639422,CUST89691,19-12-2024,  NEFT,PRD0007,Loan Against Property,2973939.21,POS,North Zone,Maharashtra,Sunita Rao,Pending,NEFT - Loan Against Property - Dec 2024,535309.06,224.99,2438405.16
TXN4591364,CUST26961,21-01-2019,Penalty Charge,PRD0017,Auto Loan,1785367.95,Phone Banking,WEST ZONE,odisha,DEEPA KRISHNAN,Under Review,Penalty Charge - Auto Loan - Jan 2019,0,Rs.4.57,1785363.38
TXN7372127,CUST52568,28-07-2015,RTGS,PRD0005,education loan,274207.14,Mobile App,North Zone,Gujarat,Mohan Das,Reversed,RTGS - Education Loan - Jul 2015,49357.29,79.14,224770.71
TXN1544672,CUST36911,08-Jan-21,UPI,PRD0013,Insurance,4254975.2,atm,North Zone,madhya pradesh,Mohan Patel,Under Review,UPI - Insurance - Jan 2021,765895.54,392.65,3488687.01
TXN4439922,CUST43408,04-03-2018,CREDIT,PRD0004,Gold Loan,3658510.06,ATM,SOUTH ZONE,Andhra Pradesh,Kavya Patel,Completed,RTGS - Gold Loan - Apr 2018,658531.81,363.39,2999614.86
TXN2954899,CUST36186,18-02-2018,Cash Deposit,PRD0013,Insurance,1312932.81,pos,North Zone,Andhra Pradesh,Arun Mehta,Failed,Cash Deposit - Insurance - Feb 2018,236327.91,139.74,1076465.16
TXN5129655,CUST61697,06-02-2014,Interest Credit,PRD0002,PERSONAL LOAN,1227197.35,  ATM,Central Zone,HARYANA,Amit Patel,Pending,Interest Credit - Personal Loan - Feb 2014,220895.52,387.27,1005914.56
TXN2812394,CUST27428,04-07-2020,Debit,PRD0012,Mutual Fund,1589306.97,  NEFT/RTGS,South Zone,Rajasthan,Arun Mehta,Reversed,Debit - Mutual Fund - Aug 2021,286075.25,136.84,1303094.88
TXN4072664,CUST69839,04-08-2016,UPI,PRD0012,Mutual Fund,Rs.1028205.4,  POS,Central Zone,Maharashtra,PRIYA NAIR,SUCCESS,UPI - Mutual Fund - Aug 2016,79829.18,428.33,363237.92
TXN6582848,CUST97151,17-Mar-22,TRANSFER,PRD0011,Recurring Deposit,1011297.76,Internet Banking,NORTH ZONE,Punjab,Rajesh Sharma,Failed,Transfer - Recurring Deposit - Mar 2022,0,445.64,1010852.12
TXN1255994,CUST96169,23-09-2015,UPI,PRD0011,Recurring Deposit,4161545.69,NEFT/RTGS,WEST ZONE,Haryana,Anita Bose,Reversed,UPI - Recurring Deposit - Sep 2015,0,413.4,4161132.29
TXN8087122,CUST62751,07-11-2020,NEFT,PRD0012,Mutual Fund,3187299.33,POS,  North Zone,KARNATAKA,arun mehta,Reversed,NEFT - Mutual Fund - Nov 2020,573713.88,273.28,2613312.17
TXN2135475,CUST20040,23-09-2020,RTGS,PRD0007,Loan Against Property,3444920.81,ATM,WEST ZONE,Madhya Pradesh,Vijay Kumar,Pending,RTGS - Loan Against Property - Sep 2020,620085.75,94.59,2824740.47
TXN6107939,CUST84107,12-04-2017,Debit,PRD0008,  Credit Card,106509.57,Branch,north zone,Kerala,anita bose,Completed,Debit - Credit Card - Dec 2021,0,61.57,106448
TXN2062813,CUST13406,21-08-2011,INTEREST CREDIT,PRD0014,OD Facility,1312178.14,POS,North Zone,Punjab,  Ramesh Yadav,Completed,Interest Credit - OD Facility - Aug 2011,0,175.59,1312002.55
TXN6105026,CUST40062,07-Feb-14,Penalty Charge,PRD0017,Auto Loan,260834.24,Internet Banking,south zone,Uttar Pradesh,  Lalita Devi,Under Review,Penalty Charge - Auto Loan - Feb 2014,46950.16,42.31,213841.77
TXN8281745,CUST26547,27-Nov-25,EMI Payment,PRD0004,  Gold Loan,3924323.02,Phone Banking,North Zone,Uttar Pradesh,Lalita Devi,Failed,EMI Payment - Gold Loan - Nov 2025,0,482.56,3923840.46
TXN6288587,CUST30152,07-07-2019,cash withdrawal,PRD0013,Insurance,4852540.79,  Mobile App,south zone,uttar pradesh,  Ramesh Yadav,Completed,Cash Withdrawal - Insurance - Jul 2019,0,0,4852193.1
TXN3915373,CUST13406,01-01-2011,Credit,PRD0051,  Savings Account,3026448.78,ATM,Central Zone,Madhya Pradesh,  Kavitha Subramanian,Pending,Credit - Savings Account - Jan 2011,544760.78,0,2481511.17
TXN9071018,CUST11052,08-11-2013,NEFT,PRD0013,Insurance,1761588.97,Internet Banking,  West Zone,Madhya Pradesh,Sunita Rao,SUCCESS,Debit - Insurance - Nov 2013,0,80.83,1761508.14
TXN9523197,CUST86099,29-03-2025,Cash Deposit,PRD0013,INSURANCE,2145898.21,Phone Banking,East Zone,Rajasthan,Ramesh Yadav,Under Review,Cash Deposit - Insurance - May 2011,0,203.64,2145694.57
TXN1752486,CUST64419,26-11-2017,Loan Disbursal,PRD0001,Home Loan,3195086.42,Mobile App,EAST ZONE,Madhya Pradesh,Anita Bose,Pending,Loan Disbursal - Home Loan - May 2022,Rs.575115.56,0,2619912.26
TXN2765782,CUST39933,23-03-2025,IMPS,PRD0010,Fixed Deposit,2345241.51,  Phone Banking,East Zone,Rajasthan,Rajesh Sharma,Reversed,IMPS - Fixed Deposit - Nov 2019,422143.47,311.41,1922786.63
TXN5103279,CUST55075,19-05-2015,Penalty Charge,PRD0017,Auto Loan,1012216.51,  ATM,South Zone,West Bengal,Vijay Kumar,Failed,Penalty Charge - Auto Loan - May 2015,182198.97,410.01,Rs.829607.53
TXN7607704,CUST82357,16-Sep-17,IMPS,PRD0001,Home Loan,185015.92,Internet Banking,East Zone,Tamil Nadu,Arun Mehta,Reversed,IMPS - Home Loan - Sep 2017,33302.87,211.21,151501.84
TXN6393093,CUST76829,19-12-2010,EMI Payment,PRD0002,Personal Loan,147560.76,Mobile App,SOUTH ZONE,Rajasthan,Sanjay Gupta,Under Review,EMI Payment - Personal Loan - Dec 2010,26560.94,468.12,120531.7
TXN8854238,CUST91292,22-Jan-13,EMI Payment,PRD0012,Mutual Fund,1931617.37,Branch,Central Zone,Karnataka,Deepa Krishnan,Pending,EMI Payment - Mutual Fund - Jan 2013,0,262.69,1931354.68
TXN7224476,CUST63095,19-08-2019,Cash Withdrawal,PRD0005,Education Loan,3336927.27,Mobile App,East Zone,  West Bengal,amit patel,Completed,Cash Withdrawal - Education Loan - Feb 2013,0,267.39,2736012.97
TXN6859535,CUST82973,04-03-2022,EMI Payment,PRD0002,Personal Loan,1847919.59,Internet Banking,East Zone,Punjab,Sanjay Gupta,Completed,EMI Payment - Personal Loan - Mar 2022,332625.53,75.35,1515218.71
TXN7197578,CUST58705,10-09-2014,EMI Payment,PRD0007,Loan Against Property,44044.82,Mobile App,West Zone,Uttar Pradesh,rajesh sharma,Completed,EMI Payment - Loan Against Property - Sep 2014,7928.07,336.17,35780.58
TXN5938899,CUST14959,23-Jun-19,Interest Credit,PRD0001,Home Loan,1134609.21,MOBILE APP,South Zone,Odisha,Ramesh Yadav,Under Review,Interest Credit - Home Loan - Jun 2019,204229.66,327.19,930052.36
TXN1580852,CUST33458,07-04-2015,Credit,PRD0009,Savings Account,2092993.32,ATM,North Zone,Uttar Pradesh,Nitin Joshi,Pending ,Credit - Savings Account - Jul 2015,376738.8,349.58,1715904.94
TXN2764887,CUST12933,23-07-2012,cash deposit,PRD0010,Fixed Deposit,1246659.2,Phone Banking,East Zone,Andhra Pradesh,lalita devi,Failed,Cash Deposit - Fixed Deposit - Jul 2012,224398.66,229.81,1022030.73
TXN5049265,CUST54260,14-09-2012,cash deposit,PRD0004,gold loan,2841012.47,ATM,Central Zone,TAMIL NADU,Deepa Krishnan,Reversed,Cash Deposit - Gold Loan - May 2020,0,84.79,2840927.68
TXN8420776,CUST16914,24-04-2023,Penalty Charge,PRD0005,Education Loan,1074666.97,ATM,Central Zone,Tamil Nadu,Rajesh Sharma,Pending,Penalty Charge - Education Loan - Apr 2023,0,418.72,1074248.25
TXN3129027,CUST70211,18-09-2012,UPI,PRD0006,Business Loan,4814027.07,Internet Banking,South Zone,Telangana,Ramesh Yadav,Pending,UPI - Business Loan - Sep 2012,866524.87,393.76,3947108.44
TXN9868636,CUST47594,01-May-14,Credit,PRD0010,Fixed Deposit,504588.82,Phone Banking,East Zone,Karnataka,Mohan Das,Completed,Credit - Fixed Deposit - May 2014,90825.99,300.05,413462.78
TXN7554909,CUST63095,19-08-2019,RTGS,PRD0002,Personal Loan,4833845,branch,East Zone,Tamil Nadu,Kavitha Subramanian,Completed,RTGS - Personal Loan - Feb 2013,870092.1,406.32,3963346.58
TXN3153764,CUST72722,07-05-2024,UPI,PRD0003,  Auto Loan,4566660.28,POS,South Zone,Tamil Nadu,  Kavitha Subramanian,Failed,UPI - Auto Loan - May 2024,821998.85,246.84,4566660.28
TXN3691205,CUST80686,20-03-2022,UPI,PRD0008,Credit Card,3524419.43,Phone Banking,South Zone,Kerala,Amit Patel,SUCCESS,UPI - Credit Card - Dec 2010,634395.5,120.44,2889903.49
TXN1210820,CUST95789,11-12-2025,Credit,PRD0005,Education Loan,4183336.07,NEFT/RTGS,East Zone,TAMIL NADU,Anita Bose,Pending,Credit - Education Loan - Nov 2025,0,174.29,4183161.78
TXN2415579,CUST63095,19-04-2012,Transfer,PRD0006,Business Loan,1201685.78,NEFT/RTGS,south zone,Haryana,Sanjay Gupta,Completed,Transfer - Business Loan - Apr 2012,216303.44,207.31,985175.03
TXN7065227,CUST80686,24-Nov-13,UPI,PRD0010,Fixed Deposit,3546455.57,ATM,North Zone,Punjab,Mohan Das,Failed,UPI - Fixed Deposit - Nov 2013,0,462.68,Rs.3545992.89
TXN7676515,CUST58931,15-09-2014,CASH DEPOSIT,PRD0002,Personal Loan,2945795.43,NEFT/RTGS,South Zone,West Bengal,anita bose,Pending,Cash Deposit - Personal Loan - Jun 2020,530243.18,340.16,Rs.2415212.09
TXN9181345,CUST27284,02-05-2013,Loan Disbursal,PRD0014,OD Facility,1503666.53,POS,WEST ZONE,ANDHRA PRADESH,Kavitha Subramanian,Completed,Loan Disbursal - OD Facility - May 2013,0,480.7,1503185.83
TXN1947134,CUST61347,14-04-2022,RTGS,PRD0004,Gold Loan,4890618.51,POS,South Zone,Odisha,sunita rao,Reversed,RTGS - Gold Loan - Apr 2022,880311.33,296.09,4010011.09
TXN5648377,CUST11209,17-Oct-23,Debit,PRD0007,LOAN AGAINST PROPERTY,Rs.1028205.4,Branch,south zone,Andhra Pradesh,Arun Mehta,Completed,Debit - Loan Against Property - Oct 2023,0,386.06,3243644.59
TXN2885146,CUST40345,23-09-2021,Penalty Charge,PRD0005,Education Loan,3292699.77,ATM,EAST ZONE,Haryana,VIJAY KUMAR,Failed,Penalty Charge - Education Loan - Sep 2021,592685.96,294.82,2699718.99
TXN5499037,CUST81476,22-09-2023,Interest Credit,PRD0007,Loan Against Property,3518923.96,  ATM,SOUTH ZONE,Gujarat,Priya Nair,Under Review,Interest Credit - Loan Against Property - Sep 2023,0,412.48,3518923.96
TXN9871292,CUST61964,09-04-2019,  RTGS,PRD0005,Education Loan,3973563.48,ATM,West Zone,  Delhi,Meena Iyer,COMPLETED,RTGS - Education Loan - Jul 2017,715241.43,186.37,3258135.68
TXN5601355,CUST49703,01-11-2016,Credit,PRD0001,Home Loan,3486832.24,ATM,South Zone,Telangana,Nitin Joshi,Completed,Credit - Home Loan - Nov 2016,0,442.04,3486390.2
TXN2487543,CUST28659,03-06-2015,  NEFT,PRD0002,Personal Loan,3113894.99,ATM,East Zone,West Bengal,Vijay Kumar,Pending,NEFT - Personal Loan - Jan 2019,560501.1,425.95,2552967.94
TXN4349385,CUST40516,08-May-25,IMPS,PRD0009,savings account,976700.96,NEFT/RTGS,West Zone,Maharashtra,Anita Bose,Under Review,IMPS - Savings Account - May 2025,175806.17,0,800677.68
TXN3053673,CUST42955,01-01-2025,transfer,PRD0010,Fixed Deposit,3871564.8,Mobile App,Central Zone,Madhya Pradesh,Deepa Krishnan,Pending,Transfer - Fixed Deposit - Apr 2021,0,487.51,3871077.29
TXN4136349,CUST42955,04-04-2021,Transfer,PRD0010,Fixed Deposit,3871564.8,Mobile App,Central Zone,Madhya Pradesh,Deepa Krishnan,Completed,Transfer - Fixed Deposit - Apr 2021,0,487.51,3871077.29
TXN3597026,CUST81476,26-07-2023,Cash Deposit,PRD0010,Fixed Deposit,3167033.44,ATM,South Zone,Maharashtra,AMIT PATEL,Failed,Cash Deposit - Fixed Deposit - Jul 2023,570066.02,462.87,2596504.55
TXN6546767,CUST47416,11-Feb-13,IMPS,PRD0009,Savings Account,3872068.36,Phone Banking,north zone,Haryana,Anita Bose,Reversed,IMPS - Savings Account - Feb 2013,Rs.696972.3,292.57,3174803.49
TXN1901047,CUST22736,17-09-2016,UPI,PRD0006,Business Loan,1171259.83,Phone Banking,North Zone,Maharashtra,Kavitha Subramanian,Failed,UPI - Business Loan - Jul 2025,210826.77,Rs.16.67,Rs.960416.39
TXN7061464,CUST52550,19-01-2022,PENALTY CHARGE,PRD0005,Education Loan,2610924.53,POS,  South Zone,Punjab,Priya Nair,Failed,Penalty Charge - Education Loan - Jan 2022,469966.42,262.78,2140695.33
TXN9204007,CUST24723,14-09-2012,TRANSFER,PRD0009,Savings Account,462138.63,  Internet Banking,North Zone,Karnataka,Arun Mehta,Failed,Transfer - Savings Account - Feb 2022,0,153.37,461985.26
TXN2386092,CUST69566,25-Dec-17,Transfer,PRD0009,Savings Account,2132462.33,Branch,South Zone,Gujarat,Ramesh Yadav,Completed,Transfer - Savings Account - Dec 2017,0,69.53,2132392.8
TXN6796050,CUST38110,22-06-2023,Loan Disbursal,PRD0011,Recurring Deposit,4980800.1,Phone Banking,North Zone,Gujarat,Amit Patel,Pending,Loan Disbursal - Recurring Deposit - Jun 2023,896544.02,322.85,4083933.23
TXN1005016,CUST12154,20-03-2022,CASH WITHDRAWAL,PRD0009,Savings Account,1884167.47,Branch,West Zone,Odisha,Amit Patel,Pending,Cash Withdrawal - Savings Account - Dec 2018,339150.14,438.89,Rs.1544578.44
TXN3000345,CUST20357,22-Jan-10,  RTGS,PRD0003,  Auto Loan,299781.27,Branch,south zone,Karnataka,Anita Bose,Pending,RTGS - Insurance - Jan 2010,0,430.32,299350.95
TXN4465507,CUST13492,15-08-2023,UPI,PRD0006,Business Loan,1437406.04,branch,north zone,Delhi,Sanjay Gupta,Failed,UPI - Business Loan - Aug 2023,Rs.0,187.74,1437218.3
TXN8660592,CUST42487,24-07-2020,Cash Withdrawal,PRD0007,Loan Against Property,Rs.2322143.41,Internet Banking,West Zone,MAHARASHTRA,Kavitha Subramanian,Failed,Cash Withdrawal - Loan Against Property - Jul 2020,417985.81,248.75,1903908.85
TXN9215454,CUST96661,06-06-2019,  Interest Credit,PRD0009,savings account,961735.48,PHONE BANKING,South Zone,Delhi,Vijay Kumar,Completed,Interest Credit - Savings Account - Mar 2014,173112.39,497.13,788125.96
TXN7818920,CUST66346,04-11-2013,IMPS,PRD0012,Mutual Fund,Rs.13504.52,Mobile App,Central Zone,Tamil Nadu,Mohan Das,Completed,IMPS - Mutual Fund - Nov 2013,2430.81,79.17,10994.54
TXN5855184,CUST83308,06-08-2019,EMI Payment,PRD0009,Savings Account,2766156.31,  ATM,WEST ZONE,PUNJAB,Sunita Rao,Under Review,EMI Payment - Savings Account - Aug 2019,0,395.91,2765760.4
TXN3655439,CUST84873,30-08-2022,Debit,PRD0017,Auto Loan,2107017.47,Phone Banking,South Zone,  Haryana,lalita devi,Failed,Debit - Auto Loan - May 2012,0,7.74,2107009.73
TXN7845342,CUST19658,04-01-2017,CASH DEPOSIT,PRD0013,INSURANCE,1050798.04,Internet Banking,South Zone,haryana,Sanjay Gupta,Under Review,Cash Deposit - Insurance - Apr 2017,189143.65,117.86,861536.53
TXN6145312,CUST41925,20-04-2011,IMPS,PRD0004,Gold Loan,3538119.88,phone banking,Central Zone,HARYANA,Ramesh Yadav,Reversed,IMPS - Gold Loan - Apr 2011,0,36.69,3538083.19
TXN8466794,CUST53813,31-10-2015,Credit,PRD0010,FIXED DEPOSIT,2492600.66,Phone Banking,North Zone,West Bengal,Meena Iyer,Under Review,Credit - Fixed Deposit - Nov 2010,448668.12,77.73,2043854.81
TXN2367791,CUST98502,01-02-2012,EMI Payment,PRD0001,Home Loan,4183382.16,Phone Banking,North Zone,  Gujarat,Arun Mehta,COMPLETED,EMI Payment - Home Loan - Jan 2015,0,383.03,4182999.13
TXN5547577,CUST90117,11-07-2016,Loan Disbursal,PRD0009,Savings Account,616727.8,atm,East Zone,Kerala,SANJAY GUPTA,Pending,Loan Disbursal - Savings Account - Sep 2023,111011,345.62,505371.18
TXN2442514,CUST40830,11-May-21,Penalty Charge,PRD0003,  Auto Loan,56803.21,Mobile App,East Zone,MAHARASHTRA,Meena Iyer,Reversed,Penalty Charge - Education Loan - May 2021,0,298.03,56803.21
TXN5299255,CUST40830,05-11-2021,Penalty Charge,PRD0005,Education Loan,56803.21,Mobile App,East Zone,Maharashtra,Meena Iyer,Completed,Penalty Charge - Education Loan - May 2021,0,298.03,56505.18
TXN3402173,CUST70562,30-Aug-10,UPI,PRD0006,Business Loan,Rs.1028205.4,ATM,South Zone,UTTAR PRADESH,Kavitha Subramanian,Pending,UPI - Business Loan - Aug 2010,0,98.46,4673034.58
TXN8924316,CUST61992,03-10-2015,emi payment,PRD0005,Education Loan,1607620.7,Mobile App,East Zone,West Bengal,sanjay gupta,Completed,EMI Payment - Education Loan - Oct 2015,0,13.95,1607606.75
TXN5154943,CUST20749,14-10-2016,Cash Withdrawal,PRD0008,CREDIT CARD,1566783.89,phone banking,East Zone,Madhya Pradesh,Mohan Das,Failed,Cash Withdrawal - Credit Card - Oct 2016,282021.1,219.47,1284543.32
TXN4011160,CUST19658,15-01-2018,Penalty Charge,PRD0010,Fixed Deposit,1297649.13,atm,North Zone,Uttar Pradesh,arun mehta,Under Review,Penalty Charge - Fixed Deposit - Jan 2018,233576.84,245.99,1063826.3
TXN8570337,CUST16076,29-01-2013,Interest Credit,PRD0014,  OD Facility,1105858.98,Mobile App,west zone,Uttar Pradesh,Meena Iyer,Completed,Interest Credit - OD Facility - Feb 2019,199054.62,165.76,1105858.98
TXN4157619,CUST15546,27-12-2020,Cash Withdrawal,PRD0014,od facility,4489279.81,NEFT/RTGS,East Zone,West Bengal,  Lalita Devi,Pending,Cash Withdrawal - OD Facility - Dec 2020,808070.37,221.03,3680988.41
TXN9219865,CUST91830,22-08-2025,NEFT,PRD0002,personal loan,Rs.2143819.03,Phone Banking,South Zone,Punjab,Vijay Kumar,Pending ,Debit - Personal Loan - Jan 2018,385887.43,331.73,1757599.87
TXN2066424,CUST20040,30-08-2022,IMPS,PRD0012,Mutual Fund,1506394.99,mobile app,  Central Zone,Karnataka,Sanjay Gupta,Pending,IMPS - Mutual Fund - Feb 2018,271151.1,451.33,1234792.56
TXN7089866,CUST82510,31-10-2015,Cash Deposit,PRD0012,MUTUAL FUND,1846122.58,Mobile App,Central Zone,Karnataka,deepa krishnan,Completed,Cash Deposit - Mutual Fund - Nov 2024,0,214.32,1845908.26
TXN5473188,CUST24515,01-03-2021,Debit,PRD0004,Gold Loan,1377585.99,Mobile App,South Zone,Uttar Pradesh,Sanjay Gupta,Reversed,Debit - Gold Loan - Mar 2021,247965.48,39.04,1129581.47
TXN4110413,CUST54852,04-04-2015,Debit,PRD0011,recurring deposit,2284923.7,Mobile App,North Zone,Gujarat,Vijay Kumar,Completed,Debit - Recurring Deposit - Apr 2015,0,373.71,2284549.99
TXN8228838,CUST82140,29-Nov-21,Transfer,PRD0006,Business Loan,2026398.75,branch,  West Zone,Odisha,lalita devi,Pending,Transfer - Business Loan - Nov 2021,0,Rs.186.78,2026211.97
TXN7428181,CUST27389,07-11-2013,cash withdrawal,PRD0012,Mutual Fund,579481.56,Branch,Central Zone,Kerala,AMIT PATEL,Pending,Cash Withdrawal - Mutual Fund - Dec 2010,104306.68,204.69,474970.19
TXN5210306,CUST97755,05-01-2016,IMPS,PRD0007,Loan Against Property,3602440.92,Branch,South Zone,West Bengal,DEEPA KRISHNAN,Reversed,IMPS - Loan Against Property - May 2016,0,200.46,Rs.3602240.46
TXN8208945,CUST73998,17-04-2023,Debit,PRD0001,Home Loan,3893898.32,NEFT/RTGS,Central Zone,Odisha,sanjay gupta,Failed,Debit - Home Loan - Apr 2023,700901.7,0,3192628.53
TXN3917400,CUST12867,16-09-2024,Transfer,PRD0003,  Auto Loan,34353.97,Internet Banking,West Zone,Karnataka,Lalita Devi,completed,Transfer - OD Facility - Sep 2024,6183.71,226.58,27943.68
TXN7613019,CUST99226,20-03-2022,UPI,PRD0012,Mutual Fund,3084969.27,ATM,North Zone,Odisha,Anita Bose,Reversed,UPI - Mutual Fund - Mar 2015,0,215.78,3084753.49
TXN1554677,CUST22050,26-Mar-11,Cash Deposit,PRD0006,BUSINESS LOAN,4293910.27,Phone Banking,West Zone,Tamil Nadu,Nitin Joshi,Failed,Cash Deposit - Business Loan - Mar 2011,772903.85,272.95,3520733.47
TXN6942808,CUST86344,28-11-2025,Interest Credit,PRD0007,Loan Against Property,1364569.86,Mobile App,Central Zone,Madhya Pradesh,Kavitha Subramanian,Under Review,Interest Credit - Loan Against Property - Nov 2025,0,227.49,1364342.37
TXN8941687,CUST31753,01-02-2015,Cash Deposit,PRD0010,Fixed Deposit,4783727.31,  ATM,East Zone,Haryana,Sanjay Gupta,SUCCESS,Cash Deposit - Fixed Deposit - Jun 2018,0,45.74,4783681.57
TXN1993854,CUST85631,13-07-2025,Debit,PRD0017,Auto Loan,3094529.78,  Branch,East Zone,Odisha,Sanjay Gupta,Reversed,Debit - Auto Loan - Jul 2025,557015.36,454.81,2537059.61
TXN5363556,CUST29331,21-Aug-18,Credit,PRD0011,Recurring Deposit,4741783.24,internet banking,east zone,Andhra Pradesh,Priya Nair,Failed,Credit - Recurring Deposit - Aug 2018,853520.98,324.88,3887937.38
TXN3904403,CUST33206,06-12-2015,EMI Payment,PRD0011,recurring deposit,2828490.38,ATM,East Zone,Delhi,Anita Bose,Failed,EMI Payment - Recurring Deposit - Dec 2015,509128.27,344.48,2319017.63
TXN6580815,CUST49708,13-10-2022,Transfer,PRD0005,Education Loan,734717.65,  Branch,central zone,Odisha,Nitin Joshi,Under Review,Transfer - Education Loan - Sep 2010,0,Rs.72.08,734645.57
TXN3442968,CUST39109,18-05-2013,NEFT,PRD0017,Auto Loan,3943017.04,Mobile App,CENTRAL ZONE,rajasthan,Lalita Devi,Reversed,NEFT - Auto Loan - Jul 2017,709743.07,282.89,3232991.08
TXN4583631,CUST62751,14-11-2011,CASH WITHDRAWAL,PRD0002,PERSONAL LOAN,869508,Mobile App,East Zone,Haryana,  Priya Nair,Under Review,Cash Withdrawal - Personal Loan - Nov 2011,0,95.97,869412.03
TXN6002011,CUST72394,04-01-2016,EMI Payment,PRD0017,auto loan,2214723.75,Internet Banking,Central Zone,TAMIL NADU,  Sanjay Gupta,Failed,EMI Payment - Auto Loan - Jan 2016,0,421.25,2214302.5
TXN4709705,CUST45785,21-03-2023,EMI Payment,PRD0007,Loan Against Property,1709812.12,ATM,South Zone,madhya pradesh,Rajesh Sharma,Under Review,EMI Payment - Loan Against Property - Mar 2023,0,149.98,1709812.12
TXN4072435,CUST73941,19-09-2021,Transfer,PRD0004,Gold Loan,1944617.25,  Internet Banking,North Zone,Telangana,Kavitha Subramanian,Failed,Transfer - Gold Loan - Sep 2021,0,269.65,1944347.6
TXN7339139,CUST23639,30-12-2012,Credit,PRD0011,Recurring Deposit,2669349.47,Mobile App,Central Zone,Uttar Pradesh,Rajesh Sharma,Under Review,Credit - Recurring Deposit - Mar 2022,480482.9,402.57,2188464
TXN6667773,CUST60079,09-09-2010,RTGS,PRD0001,HOME LOAN,96874.17,Phone Banking,South Zone,Rajasthan,Sunita Rao,Reversed,RTGS - Home Loan - Sep 2010,0,74,96800.17
TXN9536120,CUST77672,09-04-2024,Loan Disbursal,PRD0004,Gold Loan,1578771.21,ATM,South Zone,Tamil Nadu,Anita Bose,Reversed,Loan Disbursal - Gold Loan - Apr 2024,0,53.12,1578718.09
TXN9126792,CUST42947,10-07-2020,Loan Disbursal,PRD0014,OD Facility,4775407.41,NEFT/RTGS,West Zone,  Punjab,Sunita Rao,Pending,Loan Disbursal - OD Facility - Jul 2020,859573.33,154.35,3915679.73
TXN7656260,CUST51151,01-Dec-15,Credit,PRD0007,Loan Against Property,4368164.39,Mobile App,East Zone,Gujarat,Priya Nair,Failed,Credit - Loan Against Property - Dec 2015,0,58.99,4368105.4
TXN5097088,CUST93287,10-Jun-23,Penalty Charge,PRD0013,Insurance,991599.74,POS,west zone,Gujarat,vijay kumar,Completed,Penalty Charge - Insurance - Jun 2023,178487.95,424.04,812687.75
TXN4106742,CUST27451,13-08-2015,Cash Withdrawal,PRD0009,Savings Account,4549733.45,NEFT/RTGS,East Zone,Karnataka,DEEPA KRISHNAN,Pending,Cash Withdrawal - Savings Account - Aug 2015,818952.02,114.49,3730666.94
TXN7477506,CUST14959,05-09-2015,NEFT,PRD0010,Fixed Deposit,1807672.16,NEFT/RTGS,North Zone,Haryana,Meena Iyer,Failed,NEFT - Fixed Deposit - Sep 2015,0,351.45,1807320.71
TXN1598179,CUST90868,19-06-2013,Transfer,PRD0014,OD Facility,1988911.47,NEFT/RTGS,west zone,Maharashtra,Deepa Krishnan,Pending,Transfer - OD Facility - Jun 2013,0,497.58,1988413.89
TXN2483852,CUST16461,27-05-2020,CASH WITHDRAWAL,PRD0002,PERSONAL LOAN,4878990.1,Internet Banking,East Zone,Karnataka,Mohan Das,COMPLETED,Cash Withdrawal - Personal Loan - May 2020,878218.22,269.18,4000502.7
TXN9294570,CUST75494,10-02-2021,EMI Payment,PRD0014,OD Facility,2189490.16,POS,South Zone,Andhra Pradesh,Sunita Rao,Completed,EMI Payment - OD Facility - Feb 2021,394108.23,473.6,1794908.33
TXN2730987,CUST20040,08-08-2019,UPI,PRD0005,Education Loan,4096526.55,Phone Banking,South Zone,Maharashtra,Anita Bose,Pending,UPI - Education Loan - Aug 2019,737374.78,418.84,3358732.93
TXN2622337,CUST22492,11-04-2010,emi payment,PRD0005,Education Loan,2924922.44,branch,central zone,West Bengal,Sunita Rao,Reversed,EMI Payment - Education Loan - Apr 2010,526486.04,178.16,2398258.24
TXN3506770,CUST47408,26-06-2024,Cash Withdrawal,PRD0001,Home Loan,4302874.91,ATM,Central Zone,Telangana,Amit Patel,Failed,Cash Withdrawal - Home Loan - Dec 2023,774517.48,124.42,3528233.01
TXN4183718,CUST52584,07-Oct-17,Loan Disbursal,PRD0014,OD Facility,4425170.22,Internet Banking,North Zone,  Karnataka,Lalita Devi,Pending,Loan Disbursal - OD Facility - Oct 2017,796530.64,474.75,3628164.83
TXN1424535,CUST12048,12-06-2024,Cash Deposit,PRD0004,Gold Loan,2971740.35,  ATM,Central Zone,tamil nadu,Nitin Joshi,Completed,Cash Deposit - Gold Loan - Jun 2024,534913.26,199.81,2436627.28
TXN4175218,CUST59054,13-01-2025,Cash Withdrawal,PRD0010,Fixed Deposit,3644588.34,Branch,South Zone,Telangana,nitin joshi,failed,Cash Withdrawal - Fixed Deposit - Jan 2025,0,3.9,3644584.44
TXN8618372,CUST61992,09-11-2010,RTGS,PRD0013,Insurance,3868664.21,NEFT/RTGS,Central Zone,Delhi,Sunita Rao,Reversed,RTGS - Insurance - Sep 2010,696359.56,197.46,3172107.19
TXN8682001,CUST13779,05-09-2015,CASH WITHDRAWAL,PRD0001,HOME LOAN,3509493.62,Mobile App,East Zone,Gujarat,KAVITHA SUBRAMANIAN,Completed,Cash Withdrawal - Home Loan - Apr 2010,631708.85,304.84,2877479.93
TXN8173584,CUST38885,11-12-2017,EMI PAYMENT,PRD0011,Recurring Deposit,3731380.99,PHONE BANKING,South Zone,Tamil Nadu,nitin joshi,Failed,EMI Payment - Recurring Deposit - Jan 2021,0,469.62,3730911.37
TXN4746823,CUST42631,13-02-2011,Cash Withdrawal,PRD0004,Gold Loan,407987.83,  Phone Banking,West Zone,madhya pradesh,Arun Mehta,Failed,Cash Withdrawal - Gold Loan - Feb 2011,73437.81,118.18,334431.84
TXN8842221,CUST23413,06-02-2016,Transfer,PRD0008,Credit Card,1202099.28,Mobile App,East Zone,karnataka,Suresh Pillai,Reversed,Transfer - Credit Card - Mar 2020,0,420.78,1201678.5
TXN7112602,CUST33281,02-03-2012,RTGS,PRD0005,Education Loan,Rs.3814680.72,NEFT/RTGS,north zone,Punjab,MEENA IYER,Pending,RTGS - Education Loan - Mar 2012,686642.53,106.66,3127931.53
TXN2344788,CUST83399,03-12-2011,  Debit,PRD0014,OD Facility,1088255.22,pos,Central Zone,Kerala,Sunita Rao,Pending,Debit - OD Facility - Mar 2011,Rs.195885.94,490.58,891878.7
TXN7776460,CUST72505,20-01-2011,Cash Deposit,PRD0014,OD Facility,4933354.85,Branch,central zone,Maharashtra,MOHAN DAS,Completed,Cash Deposit - OD Facility - Jan 2011,0,188.35,4933166.5
TXN7952847,CUST23751,27-07-2020,LOAN DISBURSAL,PRD0009,Savings Account,783649.6,POS,EAST ZONE,West Bengal,kavitha subramanian,Reversed,Loan Disbursal - Savings Account - Jul 2020,141056.93,Rs.174.07,642418.6
TXN5646656,CUST74491,23-Dec-18,Transfer,PRD0006,Business Loan,483605.52,NEFT/RTGS,central zone,uttar pradesh,Deepa Krishnan,Reversed,Transfer - Business Loan - Dec 2018,0,67.34,396489.19
TXN9061368,CUST83716,09-Feb-24,Loan Disbursal,PRD0006,BUSINESS LOAN,1696829.13,  ATM,north zone,Punjab,Anita Bose,Under Review,Loan Disbursal - Business Loan - Feb 2024,305429.24,174.44,1391225.45
TXN6569520,CUST49708,10-Apr-14,Debit,PRD0008,credit card,3500150.28,BRANCH,West Zone,Delhi,Sanjay Gupta,Completed,Debit - Credit Card - Apr 2014,630027.05,476.73,3500150.28
TXN8478358,CUST72459,27-07-2014,RTGS,PRD0011,Recurring Deposit,1803876.09,Phone Banking,East Zone,Delhi,PRIYA NAIR,Pending,RTGS - Recurring Deposit - Jul 2014,0,339.93,1803536.16
TXN3628618,CUST74219,05-06-2011,UPI,PRD0013,INSURANCE,2640905.56,POS,South Zone,RAJASTHAN,Sunita Rao,Failed,UPI - Insurance - May 2011,475363,313.62,2165228.94
TXN9925556,CUST74219,30-08-2022,UPI,PRD0013,Insurance,2640905.56,POS,South Zone,Rajasthan,Sunita Rao,Completed,UPI - Insurance - May 2011,475363,313.62,2165228.94
TXN2602337,CUST89761,23-09-2018,Debit,PRD0011,Recurring Deposit,2069158.9,POS,West Zone,Punjab,Kavitha Subramanian,Pending,Debit - Recurring Deposit - Sep 2018,0,127.59,2069158.9
TXN4248860,CUST27840,18-03-2012,IMPS,PRD0005,Education Loan,1654834.64,POS,west zone,Tamil Nadu,Arun Mehta,Failed,IMPS - Education Loan - Oct 2015,0,265.51,1654569.13
TXN6891894,CUST54260,14-09-2012,Loan Disbursal,PRD0011,Recurring Deposit,4377697.65,atm,North Zone,Haryana,Deepa Krishnan,Under Review,Debit - Recurring Deposit - Sep 2011,787985.58,275.99,3589436.08
TXN6865688,CUST51116,24-12-2019,UPI,PRD0002,PERSONAL LOAN,4316490.81,POS,WEST ZONE,MAHARASHTRA,Lalita Devi,Under Review,UPI - Personal Loan - Dec 2019,776968.35,217.72,3539304.74
TXN3754975,CUST76935,18-12-2025,  RTGS,PRD0009,SAVINGS ACCOUNT,4660849.4,ATM,Central Zone,Kerala,Rajesh Sharma,Reversed,RTGS - Savings Account - Dec 2025,838952.89,57.07,3821839.44
TXN6285825,CUST49302,06-May-25,RTGS,PRD0010,Fixed Deposit,3927659.81,POS,South Zone,Punjab,Anita Bose,Completed,RTGS - Fixed Deposit - May 2025,0,305.26,3927354.55
TXN1542415,CUST66346,11-06-2018,Interest Credit,PRD0014,OD Facility,1319909.56,  ATM,south zone,Delhi,Sunita Rao,Failed,Interest Credit - OD Facility - Jun 2018,0,498.61,1319410.95
TXN8063004,CUST74724,30-Sep-25,credit,PRD0005,Education Loan,1274171.38,MOBILE APP,South Zone,DELHI,Sunita Rao,Pending,Credit - Education Loan - Sep 2025,229350.85,309.87,1044510.66
TXN8010939,CUST97151,24-01-2023,Loan Disbursal,PRD0003,  Auto Loan,3190395.53,Internet Banking,South Zone,Kerala,ramesh yadav,Reversed,Loan Disbursal - Auto Loan - Jan 2023,574271.2,0,2615879.09
TXN2454986,CUST88956,17-May-12,Transfer,PRD0009,Savings Account,3043135.81,Mobile App,North Zone,Gujarat,Amit Patel,Under Review,Transfer - Savings Account - May 2012,0,198.33,3042937.48
TXN9145519,CUST39355,09-05-2023,Cash Deposit,PRD0010,Fixed Deposit,2688116.81,Internet Banking,North Zone,Rajasthan,ARUN MEHTA,COMPLETED,Cash Deposit - Fixed Deposit - Jan 2014,0,421.51,2687695.3
TXN2020303,CUST81657,20-12-2013,Loan Disbursal,PRD0001,Home Loan,2499187.32,atm,East Zone,Punjab,Arun Mehta,Pending ,Loan Disbursal - Home Loan - Dec 2013,449853.72,80.53,2049253.07
TXN4712687,CUST72285,20-05-2020,IMPS,PRD0001,  Home Loan,1265337.86,Mobile App,SOUTH ZONE,Rajasthan,Arun Mehta,Reversed,IMPS - Home Loan - May 2020,0,206.33,1265131.53
TXN1840812,CUST92203,17-07-2018,neft,PRD0012,Mutual Fund,836606.31,Phone Banking,west zone,haryana,Nitin Joshi,Failed,NEFT - Mutual Fund - Jul 2018,150589.14,371.86,685645.31
TXN1661297,CUST64446,18-05-2025,Penalty Charge,PRD0012,Mutual Fund,3350149.23,NEFT/RTGS,West Zone,Rajasthan,sunita rao,Under Review,Penalty Charge - Mutual Fund - May 2025,0,211.65,3350149.23
TXN5596532,CUST56990,08-04-2013,Cash Withdrawal,PRD0009,Savings Account,1588130.86,  ATM,West Zone,telangana,sanjay gupta,Completed,Cash Withdrawal - Savings Account - Apr 2013,285863.55,44.28,1302223.03
TXN2503404,CUST16113,29-11-2010,Cash Deposit,PRD0005,Education Loan,2140112.37,NEFT/RTGS,North Zone,Uttar Pradesh,LALITA DEVI,Reversed,Cash Deposit - Education Loan - Nov 2010,0,270.26,2139842.11
TXN7315694,CUST74828,17-04-2017,Interest Credit,PRD0010,Fixed Deposit,4075694.32,atm,East Zone,Karnataka,Vijay Kumar,Pending,Interest Credit - Fixed Deposit - Jun 2022,0,283.15,Rs.4075411.17
TXN1094818,CUST84379,08-10-2017,Credit,PRD0005,Education Loan,1441692.31,Internet Banking,  North Zone,Odisha,Nitin Joshi,Completed,Credit - Education Loan - Apr 2023,0,331.19,1441361.12
TXN9946155,CUST78116,10-02-2015,Debit,PRD0006,  Business Loan,879606.87,POS,East Zone,punjab,Mohan Das,Completed,Debit - Business Loan - May 2025,158329.24,177.17,721100.46
TXN6702568,CUST35652,22-06-2011,RTGS,PRD0002,Personal Loan,3485681.84,ATM,central zone,Madhya Pradesh,Vijay Kumar,Reversed,RTGS - Personal Loan - Jun 2011,627422.73,19.69,2858239.42
TXN7305909,CUST37021,06-03-2012,RTGS,PRD0012,Mutual Fund,1916381.38,POS,North Zone,  Rajasthan,rahul singh,Completed,RTGS - Mutual Fund - Oct 2025,344948.65,495.38,1570937.35
TXN4314503,CUST41925,12-04-2023,Credit,PRD0014,OD Facility,1113430.97,  ATM,East Zone,ANDHRA PRADESH,Deepa Krishnan,Completed,Credit - OD Facility - Apr 2023,0,43.54,1113387.43
TXN8393722,CUST95119,21-Jul-11,RTGS,PRD0010,Fixed Deposit,4053060.28,BRANCH,west zone,West Bengal,Lalita Devi,Failed,RTGS - Fixed Deposit - Jul 2011,0,45.56,4053014.72
TXN9343046,CUST95119,03-12-2024,RTGS,PRD0010,Fixed Deposit,4053060.28,Branch,West Zone,West Bengal,Lalita Devi,Completed,RTGS - Fixed Deposit - Jul 2011,0,45.56,4053014.72
TXN5716639,CUST63197,12-03-2018,cash deposit,PRD0012,Mutual Fund,2951980.06,Phone Banking,south zone,Tamil Nadu,Mohan Das,Failed,Cash Deposit - Mutual Fund - Mar 2018,531356.41,341.78,2420281.87
TXN8152197,CUST63197,12-03-2018,Cash Deposit,PRD0012,Mutual Fund,2951980.06,Phone Banking,South Zone,Tamil Nadu,Mohan Das,Completed,Cash Deposit - Mutual Fund - Mar 2018,531356.41,341.78,2420281.87
TXN8553837,CUST30016,26-01-2018,  EMI Payment,PRD0007,Loan Against Property,722004.5,Internet Banking,West Zone,Uttar Pradesh,Kavitha Subramanian,Reversed,Interest Credit - Loan Against Property - Jan 2018,129960.81,Rs.34.38,592009.31
TXN9688227,CUST65685,28-12-2021,Loan Disbursal,PRD0011,Recurring Deposit,4349602.25,Branch,south zone,Kerala,Sanjay Gupta,Pending ,Debit - Recurring Deposit - Jun 2024,782928.41,113.6,Rs.3566560.24
TXN5987358,CUST59528,03-11-2016,Cash Deposit,PRD0011,Recurring Deposit,4949773.92,ATM,West Zone,Rajasthan,AMIT PATEL,Under Review,Cash Deposit - Recurring Deposit - Jul 2017,890959.31,118.14,4058696.47
TXN4906155,CUST66371,15-09-2014,emi payment,PRD0009,Savings Account,Rs.353746.47,BRANCH,Central Zone,maharashtra,Priya Nair,Completed,EMI Payment - Savings Account - May 2017,0,246.09,353500.38
TXN7203480,CUST63095,02-11-2024,Interest Credit,PRD0012,Mutual Fund,3300329.74,POS,CENTRAL ZONE,Maharashtra,Priya Nair,Pending,Interest Credit - Mutual Fund - Nov 2024,0,193.48,3300136.26
TXN9633637,CUST71587,19-03-2014,EMI Payment,PRD0004,Gold Loan,4190511.4,Internet Banking,CENTRAL ZONE,Telangana,Nitin Joshi,Completed,EMI Payment - Gold Loan - Mar 2014,0,0,3435824.36
TXN8889254,CUST14791,12-04-2017,IMPS,PRD0003,  Auto Loan,3976989.69,Branch,SOUTH ZONE,Telangana,deepa krishnan,Pending,IMPS - Gold Loan - May 2010,715858.14,407.36,3260724.19
TXN4046581,CUST25162,20-Jun-10,Transfer,PRD0007,Loan Against Property,4591686.85,  Internet Banking,East Zone,punjab,anita bose,Pending,Transfer - Loan Against Property - Jun 2010,826503.63,Rs.278.47,3764904.75
TXN7862170,CUST90863,18-06-2017,RTGS,PRD0010,Fixed Deposit,4481360.22,NEFT/RTGS,North Zone,  Kerala,sunita rao,Reversed,RTGS - Fixed Deposit - Jun 2017,806644.84,484.03,3674231.35
TXN2736835,CUST96752,18-Jan-19,RTGS,PRD0013,INSURANCE,1305724.28,NEFT/RTGS,West Zone,gujarat,Rajesh Sharma,Failed,RTGS - Insurance - Jan 2019,0,438.44,1305285.84
TXN3083407,CUST48543,03-06-2024,Credit,PRD0012,mutual fund,2130955.12,Branch,West Zone,  Karnataka,Priya Nair,failed,Credit - Mutual Fund - Oct 2016,383571.92,259.5,1747123.7
TXN9688485,CUST74491,22-04-2024,Cash Deposit,PRD0014,OD Facility,4768875.15,Mobile App,West Zone,Tamil Nadu,Rajesh Sharma,Completed,Cash Deposit - OD Facility - Apr 2024,858397.53,161.63,3910315.99
TXN8252484,CUST50037,25-08-2023,Debit,PRD0001,Home Loan,4581297.8,POS,Central Zone,Karnataka,RAJESH SHARMA,Pending,Debit - Home Loan - Aug 2023,824633.6,355.79,3756308.41
TXN9148329,CUST70211,20-Apr-23,IMPS,PRD0007,Loan Against Property,2306746.75,branch,west zone,punjab,Ramesh Yadav,Under Review,IMPS - Loan Against Property - Apr 2023,415214.41,98.28,1891434.06
TXN2493847,CUST64401,16-11-2023,Transfer,PRD0005,Education Loan,822147.69,Phone Banking,WEST ZONE,Andhra Pradesh,Anita Bose,Completed,Transfer - Education Loan - Nov 2023,147986.58,50.88,674110.23
TXN6069148,CUST94023,02-08-2016,UPI,PRD0010,Fixed Deposit,659348.73,POS,south zone,Kerala,Vijay Kumar,Reversed,UPI - Fixed Deposit - Aug 2016,0,7.25,659341.48
TXN4253459,CUST16461,19-03-2024,NEFT,PRD0009,Savings Account,2099881.23,  ATM,West Zone,Punjab,Amit Patel,Under Review,NEFT - Savings Account - Mar 2024,0,424.27,2099456.96
TXN8059826,CUST16461,19-Mar-24,NEFT,PRD0009,Savings Account,2099881.23,ATM,West Zone,Punjab,Amit Patel,Completed,NEFT - Savings Account - Mar 2024,0,424.27,2099456.96
TXN6549525,CUST33281,07-01-2019,Debit,PRD0005,Education Loan,945063.04,Internet Banking,West Zone,Uttar Pradesh,Kavitha Subramanian,Pending,Debit - Education Loan - May 2015,0,106.48,774845.21
TXN5050200,CUST91289,01-04-2012,RTGS,PRD0012,Mutual Fund,3995757.43,Phone Banking,South Zone,Punjab,Priya Nair,Reversed,RTGS - Mutual Fund - Jan 2012,719236.34,439.02,3995757.43
TXN6826223,CUST66925,12-12-2021,UPI,PRD0011,RECURRING DEPOSIT,3359356.33,Mobile App,Central Zone,Maharashtra,Vijay Kumar,Under Review,UPI - Recurring Deposit - Dec 2021,604684.14,226.86,2754445.33
TXN3844045,CUST72285,03-05-2010,Debit,PRD0003,  Auto Loan,803563.19,Internet Banking,West Zone,West Bengal,Rajesh Sharma,COMPLETED,Debit - Auto Loan - Mar 2010,144641.37,311.25,658610.57
TXN3734573,CUST81646,22-08-2025,Interest Credit,PRD0002,Personal Loan,2684078.49,POS,North Zone,Telangana,rahul sharma,Under Review,Interest Credit - Personal Loan - Jun 2018,0,Rs.74.41,2684004.08
TXN3139811,CUST39355,09-05-2023,Credit,PRD0003,  Auto Loan,2538909.56,Branch,Central Zone,WEST BENGAL,Sanjay Gupta,completed,Credit - Credit Card - Oct 2015,457003.72,298.12,2081607.72
TXN4932698,CUST86397,27-01-2016,RTGS,PRD0006,business loan,585654.52,POS,  West Zone,Kerala,deepa krishnan,Completed,RTGS - Business Loan - Jan 2016,105417.81,244.39,479992.32
TXN6210867,CUST95789,02-05-2017,Penalty Charge,PRD0009,Savings Account,83295.46,Mobile App,East Zone,Gujarat,Sunita Rao,Pending,Penalty Charge - Savings Account - May 2017,14993.18,80.52,68221.76
TXN5032160,CUST16914,17-09-2016,Credit,PRD0012,Mutual Fund,2246073.27,ATM,North Zone,PUNJAB,Arun Mehta,Failed,Credit - Mutual Fund - Aug 2025,404293.19,186.44,1841593.64
TXN1851183,CUST90868,30-09-2013,Debit,PRD0002,Personal Loan,240207.61,Phone Banking,Central Zone,Maharashtra,Anita Bose,Pending,Debit - Personal Loan - Sep 2022,0,305.81,239901.8
TXN8818704,CUST28953,21-Jan-24,Cash Deposit,PRD0017,Auto Loan,262961.12,ATM,West Zone,RAJASTHAN,  Deepa Krishnan,Reversed,Cash Deposit - Auto Loan - Jan 2024,47333,497.84,215130.28
TXN4959419,CUST77559,11-04-2020,Penalty Charge,PRD0008,Credit Card,4459180.44,Mobile App,West Zone,Haryana,Sanjay Gupta,Pending ,Penalty Charge - Credit Card - Apr 2020,0,232.53,4458947.91
TXN3000111,CUST45501,19-04-2013,upi,PRD0011,Recurring Deposit,2174997.4,  POS,West Zone,Gujarat,sunita rao,Reversed,UPI - Recurring Deposit - Apr 2013,391499.53,73.46,1783424.41
TXN3607314,CUST76787,11-06-2011,Loan Disbursal,PRD0003,  Auto Loan,1849481.2,Phone Banking,north zone,Rajasthan,Rajesh Sharma,Failed,Loan Disbursal - Loan Against Property - Jun 2011,332906.62,78.22,1516496.36
TXN4683502,CUST74174,03-11-2023,Interest Credit,PRD0005,EDUCATION LOAN,4578825.91,Internet Banking,North Zone,ODISHA,Sanjay Gupta,Completed,Interest Credit - Education Loan - Nov 2010,824188.66,1.07,3754636.18
TXN8541373,CUST63197,20-11-2019,Penalty Charge,PRD0004,GOLD LOAN,4948396.71,Internet Banking,Central Zone,Kerala,Deepa Krishnan,Under Review,Penalty Charge - Gold Loan - Nov 2019,0,467.58,4947929.13
TXN8277433,CUST52550,22-01-2024,RTGS,PRD0004,Gold Loan,4973753.72,Branch,north zone,gujarat,Vijay Kumar,Under Review,RTGS - Gold Loan - Jan 2024,0,204.16,4973549.56
TXN2289109,CUST69892,30-10-2019,Interest Credit,PRD0007,Loan Against Property,1368527.41,NEFT/RTGS,North Zone,Haryana,Sunita Rao,Pending,Interest Credit - Loan Against Property - Oct 2019,0,Rs.132.67,1368527.41
TXN1392201,CUST95235,03-09-2024,Loan Disbursal,PRD0005,Education Loan,1881793.55,POS,North Zone,West Bengal,Kavya Das,completed,Cash Withdrawal - Education Loan - Sep 2024,0,233.09,1881560.46
TXN1624883,CUST40345,11-Jan-15,Interest Credit,PRD0010,Fixed Deposit,3833826.94,Branch,Central Zone,Uttar Pradesh,Lalita Devi,Under Review,Interest Credit - Fixed Deposit - Jan 2015,0,109.72,3833717.22
TXN2714982,CUST73156,12-12-2019,Credit,PRD0008,CREDIT CARD,1335253.1,phone banking,East Zone,madhya pradesh,priya nair,Completed,Credit - Credit Card - Dec 2019,240345.56,301.82,1094605.72
TXN2077286,CUST71587,30-08-2022,Transfer,PRD0002,Personal Loan,1042464.24,Mobile App,West Zone,West Bengal,Mohan Das,Reversed,Transfer - Personal Loan - Apr 2022,187643.56,218.08,854602.6
TXN7611126,CUST68479,09-08-2019,Loan Disbursal,PRD0010,Fixed Deposit,3980251.37,Internet Banking,East Zone,Kerala,AMIT PATEL,Under Review,Loan Disbursal - Fixed Deposit - Sep 2011,716445.25,175.07,3263631.05
TXN8306251,CUST10255,22-Oct-23,NEFT,PRD0008,Credit Card,Rs.1028205.4,Branch,North Zone,Maharashtra,Sanjay Gupta,Failed,NEFT - Credit Card - Oct 2023,427066.35,211.92,1945312.54
TXN8045181,CUST49302,24-Jun-18,Transfer,PRD0017,Auto Loan,4091290.46,ATM,West Zone,Andhra Pradesh,Priya Nair,Pending,Transfer - Auto Loan - Jun 2018,736432.28,Rs.296.37,3354561.81
TXN3709529,CUST19508,15-10-2019,Interest Credit,PRD0013,Insurance,1502945.99,Mobile App,South Zone,maharashtra,Ananya Kumar,Reversed,Interest Credit - Insurance - Oct 2019,270530.28,420.99,1231994.72
TXN4240401,CUST74922,02-02-2019,interest credit,PRD0005,education loan,1716634.36,  Internet Banking,north zone,Delhi,  Rajesh Sharma,Completed,Interest Credit - Education Loan - Feb 2019,308994.18,435.48,1407204.7
TXN2262125,CUST52384,05-10-2021,Cash Deposit,PRD0005,Education Loan,4541077.16,Mobile App,west zone,Karnataka,Priya Nair,Under Review,Cash Deposit - Education Loan - May 2021,817393.89,0,3723341.98
TXN1764112,CUST48543,02-07-2011,credit,PRD0007,loan against property,1056485.96,Branch,Central Zone,Telangana,Arun Mehta,Failed,Credit - Loan Against Property - Jul 2011,190167.47,214.52,866103.97
TXN5626428,CUST84873,27-Aug-25,Transfer,PRD0009,Savings Account,427535.75,POS,West Zone,Karnataka,Rajesh Sharma,Completed,Transfer - Savings Account - Aug 2025,76956.43,234.92,350344.4
TXN2364423,CUST29331,08-06-2020,credit,PRD0013,Insurance,1625942.93,ATM,Central Zone,  Uttar Pradesh,Nitin Joshi,Under Review,Credit - Insurance - Jun 2020,292669.73,297.64,1332975.56
TXN2665492,CUST61721,25-Jul-25,Debit,PRD0014,OD Facility,1896574.15,mobile app,East Zone,  Maharashtra,RAMESH YADAV,SUCCESS,Debit - OD Facility - Jul 2025,0,16.73,1896557.42
TXN7797231,CUST27451,29-02-2020,Interest Credit,PRD0012,Mutual Fund,1413513.3,NEFT/RTGS,South Zone,Tamil Nadu,Mohan Das,Failed,Interest Credit - Mutual Fund - Nov 2022,0,324.79,Rs.1413188.51
TXN1741944,CUST17263,19-08-2019,  EMI Payment,PRD0010,Fixed Deposit,2571411.26,NEFT/RTGS,Central Zone,Odisha,Vijay Kumar,Failed,EMI Payment - Fixed Deposit - Sep 2018,462854.03,471.8,2108085.43
TXN5889114,CUST60738,15-09-2014,NEFT,PRD0017,Auto Loan,1605229.68,ATM,East Zone,Telangana,mohan das,Completed,NEFT - Auto Loan - Sep 2023,288941.34,70.57,1316217.77
TXN7049405,CUST27451,30-12-2010,IMPS,PRD0009,Savings Account,4008068.35,Phone Banking,south zone,Tamil Nadu,Nitin Joshi,Pending,Penalty Charge - Savings Account - Dec 2010,0,346.16,4007722.19
TXN4593249,CUST42415,02-12-2021,Interest Credit,PRD0008,credit card,543941.1,Branch,Central Zone,west bengal,Sunita Rao,Pending,Interest Credit - Credit Card - Dec 2021,97909.4,73.25,445958.45
TXN8119356,CUST95649,10-07-2025,Cash Deposit,PRD0001,Home Loan,Rs.1028205.4,Mobile App,West Zone,Telangana,Anita Bose,Pending,Cash Deposit - Home Loan - Aug 2011,64492.31,304.76,293493.52
TXN5229855,CUST95649,10-07-2025,Cash Deposit,PRD0001,Home Loan,358290.59,Mobile App,West Zone,Telangana,Anita Bose,Completed,Cash Deposit - Home Loan - Aug 2011,64492.31,304.76,293493.52
TXN3472796,CUST77559,10-10-2020,UPI,PRD0008,Credit Card,3691271.37,NEFT/RTGS,East Zone,Karnataka,Arun Mehta,Pending,UPI - Credit Card - Oct 2020,0,143.83,3691127.54
TXN5577710,CUST59054,07-07-2022,Cash Withdrawal,PRD0002,PERSONAL LOAN,4851981.15,neft/rtgs,CENTRAL ZONE,Gujarat,Arun Mehta,Under Review,Cash Withdrawal - Personal Loan - Jul 2022,873356.61,198.01,3978426.53
TXN8181724,CUST15546,08-10-2023,NEFT,PRD0002,Personal Loan,1992890,ATM,Central Zone,  Kerala,Kavitha Subramanian,Reversed,NEFT - Personal Loan - Oct 2023,358720.2,245.63,1633924.17
TXN1720443,CUST61964,28-06-2013,rtgs,PRD0006,Business Loan,2488091.16,Internet Banking,West Zone,Tamil Nadu,Nitin Joshi,Completed,RTGS - Business Loan - Jun 2013,447856.41,0,2040080.25
TXN5133024,CUST28665,19-12-2021,Cash Deposit,PRD0011,Recurring Deposit,3360657.31,ATM,South Zone,Punjab,Sanjay Gupta,Reversed,Cash Deposit - Recurring Deposit - Dec 2021,604918.32,187.25,2755551.74
TXN6484010,CUST24515,02-08-2018,Cash Deposit,PRD0002,Personal Loan,3920142.23,NEFT/RTGS,Central Zone,TELANGANA,Vijay Kumar,Pending,Cash Deposit - Personal Loan - Feb 2018,0,49.67,Rs.3920092.56
TXN9328632,CUST71952,09-03-2011,Loan Disbursal,PRD0017,Auto Loan,2259265.48,BRANCH,East Zone,Uttar Pradesh,Nitin Joshi,Completed,Loan Disbursal - Auto Loan - Mar 2011,406667.79,369.09,1852228.6
TXN4305260,CUST86969,06-11-2025,Cash Withdrawal,PRD0008,CREDIT CARD,3775661.44,POS,North Zone,DELHI,Lalita Devi,Pending,Cash Withdrawal - Credit Card - Nov 2025,679619.06,78.89,3095963.49
TXN5177240,CUST61697,03-11-2016,UPI,PRD0008,Credit Card,629142.63,atm,West Zone,west bengal,Sunita Rao,Reversed,UPI - Credit Card - Aug 2015,0,Rs.47.99,629094.64
TXN5179022,CUST59786,20-03-2022,Credit,PRD0013,Insurance,1968773.58,Internet Banking,West Zone,Kerala,  Rajesh Sharma,Reversed,Credit - Insurance - Dec 2021,354379.24,159.65,1614234.69
TXN2382357,CUST16450,26-06-2024,IMPS,PRD0013,Insurance,3061801.02,ATM,East Zone,Odisha,RAMESH YADAV,Under Review,IMPS - Insurance - Mar 2019,551124.18,400.92,2510275.92
TXN7876709,CUST83989,12-05-2020,NEFT,PRD0001,Home Loan,1081658.73,branch,West Zone,Uttar Pradesh,Priya Nair,Completed,NEFT - Home Loan - May 2020,194698.57,168.35,886791.81
TXN9262720,CUST67534,29-05-2015,neft,PRD0013,Insurance,1760600.47,POS,East Zone,Odisha,MOHAN DAS,Under Review,NEFT - Insurance - May 2015,0,499.44,1760101.03
TXN7646791,CUST84379,26-Apr-15,UPI,PRD0004,Gold Loan,1117916.63,NEFT/RTGS,West Zone,Andhra Pradesh,sanjay gupta,Completed,UPI - Gold Loan - Apr 2015,201224.99,358.35,916333.29
TXN4360706,CUST64651,07-01-2012,NEFT,PRD0014,OD Facility,1224348.52,NEFT/RTGS,  North Zone,Kerala,sanjay gupta,Under Review,NEFT - OD Facility - Jan 2012,0,460.41,1223888.11
TXN6110825,CUST43408,06-06-2013,  Cash Deposit,PRD0005,Education Loan,705743.97,ATM,North Zone,Odisha,Deepa Krishnan,Pending,Cash Deposit - Education Loan - Jun 2013,0,33.27,705710.7
TXN8691566,CUST72505,30-08-2023,Cash Deposit,PRD0013,Insurance,1844704.52,Mobile App,West Zone,Madhya Pradesh,Nitin Joshi,Reversed,Cash Deposit - Insurance - Aug 2023,0,231.81,1844704.52
TXN3305706,CUST27284,31-10-2015,Cash Deposit,PRD0002,Personal Loan,1775238.3,Internet Banking,South Zone,Gujarat,Priya Nair,Pending,Cash Deposit - Personal Loan - Jul 2010,0,90.17,1775148.13
TXN5573443,CUST42925,29-02-2012,emi payment,PRD0008,Credit Card,3475128.06,Mobile App,Central Zone,Maharashtra,ramesh yadav,Reversed,EMI Payment - Credit Card - Aug 2021,625523.05,112.44,2849492.57
TXN6805743,CUST63026,10-07-2019,Loan Disbursal,PRD0010,Fixed Deposit,4310372.41,  Internet Banking,East Zone,Odisha,Nitin Joshi,Pending ,Loan Disbursal - Fixed Deposit - Jul 2019,775867.03,310.45,3534194.93
TXN7902472,CUST63093,01-05-2022,Cash Deposit,PRD0013,  Insurance,3527006.19,ATM,West Zone,Uttar Pradesh,Meena Iyer,Reversed,Cash Deposit - Insurance - May 2022,0,Rs.251.55,3526754.64
TXN7036125,CUST79228,31-07-2016,  Loan Disbursal,PRD0007,Loan Against Property,459199.7,INTERNET BANKING,West Zone,karnataka,Ramesh Yadav,Failed,Loan Disbursal - Loan Against Property - Sep 2011,0,44.85,459154.85
TXN9082579,CUST41696,01-02-2013,Cash Deposit,PRD0013,Insurance,1466621.81,POS,East Zone,TAMIL NADU,Nitin Joshi,Failed,Cash Deposit - Insurance - Aug 2018,263991.93,124.8,1202505.08
TXN6684727,CUST42415,30-08-2022,Credit,PRD0009,Savings Account,3208596.47,BRANCH,East Zone,West Bengal,Sanjay Gupta,Failed,Credit - Savings Account - Aug 2010,0,262.35,3208334.12
TXN7930418,CUST84349,03-11-2024,NEFT,PRD0002,Personal Loan,3774941.17,Phone Banking,central zone,Odisha,Anita Bose,Failed,NEFT - Personal Loan - Nov 2024,679489.41,313.99,3095137.77
TXN8345710,CUST80047,12-02-2024,EMI Payment,PRD0014,OD Facility,3727480.59,POS,East Zone,Haryana,Deepa Krishnan,Under Review,EMI Payment - OD Facility - Feb 2024,670946.51,472.75,3056061.33
TXN3870471,CUST30516,11-11-2024,Credit,PRD0009,Savings Account,3662608.17,BRANCH,EAST ZONE,Kerala,Mohan Das,Failed,Credit - Savings Account - Sep 2018,659269.47,0,3003314.52
TXN3080984,CUST40830,28-May-24,Penalty Charge,PRD0008,Credit Card,1864864,  ATM,West Zone,UTTAR PRADESH,Arun Mehta,SUCCESS,Penalty Charge - Credit Card - May 2024,0,235.9,1864864
TXN4492230,CUST97151,22-Aug-10,NEFT,PRD0007,Loan Against Property,3008731.34,POS,South Zone,Andhra Pradesh,Lalita Devi,Pending ,NEFT - Loan Against Property - Aug 2010,541571.64,156.66,2467003.04
TXN8229587,CUST32273,25-Jun-22,IMPS,PRD0002,Personal Loan,2405322.26,  Mobile App,  West Zone,  Punjab,Amit Patel,Under Review,IMPS - Personal Loan - Jun 2022,432958.01,212.5,1972151.75
TXN2391219,CUST95649,18-12-2019,CASH DEPOSIT,PRD0006,Business Loan,773157.07,Mobile App,North Zone,odisha,ARUN MEHTA,Reversed,Cash Deposit - Business Loan - Dec 2019,139168.27,0,633682.83
TXN8650620,CUST75494,17-09-2014,UPI,PRD0013,Insurance,1881031.1,MOBILE APP,NORTH ZONE,Tamil Nadu,sunita rao,SUCCESS,UPI - Insurance - Jul 2020,338585.6,Rs.85.24,1542360.26
TXN2142194,CUST39109,15-Dec-25,EMI Payment,PRD0006,Business Loan,3033369.97,POS,south zone,Punjab,Lalita Devi,Under Review,EMI Payment - Business Loan - Dec 2025,0,147.72,3033222.25
TXN9093710,CUST89129,15-Dec-12,EMI Payment,PRD0006,Business Loan,3950721.93,  Phone Banking,  South Zone,rajasthan,Kavitha Subramanian,Pending ,EMI Payment - Business Loan - Dec 2012,0,67.53,3950654.4
TXN6571595,CUST62797,25-06-2011,Cash Deposit,PRD0014,od facility,2852725.1,Phone Banking,East Zone,ODISHA,Lalita Devi,Pending ,Cash Deposit - OD Facility - Mar 2021,513490.52,168.48,2852725.1
TXN8581609,CUST90863,05-02-2013,Loan Disbursal,PRD0011,RECURRING DEPOSIT,1683058.93,ATM,Central Zone,Madhya Pradesh,Sunita Rao,Completed,Penalty Charge - Recurring Deposit - Feb 2013,302950.61,170.97,1379937.35
TXN4475676,CUST96169,26-Jul-19,Debit,PRD0010,Fixed Deposit,4938212.35,BRANCH,South Zone,Haryana,Sanjay Gupta,Reversed,Debit - Fixed Deposit - Jul 2019,888878.22,96.02,4049238.11
TXN8008027,CUST89405,04-10-2016,NEFT,PRD0012,Mutual Fund,2291424.12,Branch,South Zone,MAHARASHTRA,Nitin Joshi,Completed,NEFT - Mutual Fund - Oct 2016,412456.34,273.52,1878694.26
TXN6487357,CUST66371,11-09-2017,credit,PRD0006,BUSINESS LOAN,4834738.82,Internet Banking,EAST ZONE,Gujarat,Sanjay Gupta,Under Review,Credit - Business Loan - Sep 2017,870252.99,84.36,3964401.47
TXN2401199,CUST66371,11-Sep-17,Credit,PRD0006,Business Loan,4834738.82,Internet Banking,East Zone,Gujarat,Sanjay Gupta,Completed,Credit - Business Loan - Sep 2017,870252.99,84.36,3964401.47
TXN1163062,CUST64651,09-09-2015,  Penalty Charge,PRD0014,OD FACILITY,7786.28,PHONE BANKING,central zone,Kerala,Meena Iyer,SUCCESS,Penalty Charge - OD Facility - Sep 2015,1401.53,231.12,6153.63
TXN8834424,CUST96200,24-03-2014,NEFT,PRD0012,Mutual Fund,1082676.52,ATM,West Zone,Odisha,Kavitha Subramanian,Reversed,NEFT - Mutual Fund - Sep 2019,194881.77,162.14,887632.61
TXN5540664,CUST57002,20-10-2024,Transfer,PRD0012,mutual fund,3732643.78,NEFT/RTGS,East Zone,GUJARAT,Nitin Joshi,Completed,Transfer - Mutual Fund - Oct 2024,0,191.91,3732451.87
TXN2982706,CUST17736,25-Feb-20,RTGS,PRD0008,Credit Card,4934019.09,internet banking,North Zone,Gujarat,Nitin Joshi,Under Review,RTGS - Credit Card - Feb 2020,0,47.32,4933971.77
TXN9739632,CUST34673,07-04-2010,Cash Deposit,PRD0014,OD Facility,2992794.11,Internet Banking,West Zone,  Tamil Nadu,Ramesh Yadav,Completed,Cash Deposit - OD Facility - Apr 2010,538702.94,236.14,2453855.03
TXN8921203,CUST89691,05-08-2015,PENALTY CHARGE,PRD0013,insurance,4238626.45,ATM,East Zone,Gujarat,DEEPA KRISHNAN,Completed,Penalty Charge - Insurance - Aug 2015,762952.76,305.62,3475368.07
TXN7264008,CUST75494,25-03-2011,NEFT,PRD0017,AUTO LOAN,1347611.95,ATM,Central Zone,Gujarat,Sunita Rao,Reversed,NEFT - Auto Loan - Mar 2011,242570.15,475.83,1104565.97
TXN5770029,CUST27865,29-01-2013,IMPS,PRD0006,Business Loan,1649143.42,POS,  East Zone,punjab,Deepa Krishnan,Pending,IMPS - Business Loan - Jul 2011,296845.82,137.57,1352160.03
TXN5373466,CUST40427,21-09-2021,IMPS,PRD0001,Home Loan,3268166.19,Branch,West Zone,ANDHRA PRADESH,Meena Iyer,Pending,IMPS - Home Loan - Sep 2021,588269.91,63.32,2679832.96
TXN2053945,CUST40427,08-10-2017,IMPS,PRD0001,Home Loan,3268166.19,Branch,West Zone,Andhra Pradesh,Meena Iyer,Completed,IMPS - Home Loan - Sep 2021,588269.91,63.32,2679832.96
TXN4191342,CUST63848,30-03-2015,Transfer,PRD0006,Business Loan,Rs.3086732.31,ATM,North Zone,Punjab,Ramesh Yadav,Completed,Transfer - Business Loan - Sep 2017,555611.82,389.54,2530730.95
TXN2984634,CUST93634,06-Sep-13,UPI,PRD0013,Insurance,4005942.92,  POS,West Zone,Andhra Pradesh,Deepa Krishnan,SUCCESS,UPI - Insurance - Sep 2013,0,154.44,4005788.48
TXN2831158,CUST64651,11-01-2022,cash deposit,PRD0012,Mutual Fund,2331860.05,ATM,Central Zone,Tamil Nadu,Lalita Devi,Failed,Cash Deposit - Mutual Fund - Oct 2014,419734.81,315.3,1911809.94
TXN7007807,CUST68554,29-09-2025,Debit,PRD0005,Education Loan,4507107.51,Phone Banking,North Zone,Uttar Pradesh,Rajesh Sharma,Pending,Debit - Education Loan - Sep 2025,811279.35,119.62,3695708.54
TXN2410841,CUST54852,26-11-2023,  EMI Payment,PRD0007,Loan Against Property,Rs.3032205.49,  Phone Banking,South Zone,Odisha,Arun Mehta,Reversed,Debit - Loan Against Property - Nov 2023,0,1.98,3032203.51
TXN6175131,CUST27705,22-Mar-14,rtgs,PRD0010,Fixed Deposit,1056180.37,ATM,North Zone,Gujarat,Arun Mehta,Reversed,RTGS - Fixed Deposit - Mar 2014,0,70.72,1056109.65
TXN2016092,CUST58705,10-06-2025,EMI Payment,PRD0014,OD Facility,2539691.34,INTERNET BANKING,East Zone,  Karnataka,Amit Patel,Failed,EMI Payment - OD Facility - Oct 2015,457144.44,81.16,2082465.74
TXN5150633,CUST11209,21-03-2024,Transfer,PRD0004,Gold Loan,3188112.94,NEFT/RTGS,West Zone,Madhya Pradesh,Sunita Rao,Completed,Transfer - Gold Loan - Mar 2024,573860.33,27.73,2614224.88
TXN8020209,CUST14959,17-05-2011,Cash Deposit,PRD0010,Fixed Deposit,1673148.12,ATM,North Zone,karnataka,DEEPA KRISHNAN,Under Review,Cash Deposit - Fixed Deposit - Dec 2017,301166.66,441.03,1371540.43
TXN4031538,CUST26803,24-03-2018,EMI Payment,PRD0014,OD Facility,4427541.98,  ATM,  West Zone,Haryana,Sanjay Gupta,Failed,EMI Payment - OD Facility - Mar 2018,796957.56,419.87,3630164.55
TXN2130818,CUST30207,09-10-2019,Cash Deposit,PRD0006,Business Loan,3283244.92,POS,central zone,Andhra Pradesh,Deepa Krishnan,Completed,Cash Deposit - Business Loan - Oct 2019,0,27.36,3283217.56
TXN7750154,CUST24515,17-05-2011,debit,PRD0012,Mutual Fund,4997950.4,mobile app,  North Zone,Uttar Pradesh,Amit Patel,failed,Debit - Mutual Fund - Feb 2015,899631.07,107.55,4098211.78
TXN8979157,CUST51032,30-03-2015,NEFT,PRD0017,Auto Loan,4593920.45,Branch,South Zone,Punjab,Sanjay Gupta,Reversed,NEFT - Auto Loan - Oct 2014,0,366.35,4593554.1
TXN7828273,CUST76787,09-08-2022,UPI,PRD0008,Credit Card,4589090.5,ATM,North Zone,Odisha,Kavitha Subramanian,Reversed,UPI - Credit Card - Aug 2022,0,244.09,4588846.41
TXN3954735,CUST53813,17-01-2018,Cash Deposit,PRD0009,Savings Account,369684.6,POS,West Zone,Odisha,Rajesh Sharma,Failed,Cash Deposit - Savings Account - Jan 2018,0,261.81,302879.56
TXN7106714,CUST16914,17-09-2016,Transfer,PRD0006,Business Loan,1702347.59,Phone Banking,North Zone,Tamil Nadu,Anita Bose,Completed,Transfer - Business Loan - May 2021,306422.57,85.56,1395839.46
TXN2090265,CUST82140,30-12-2012,NEFT,PRD0051,  Savings Account,2641140.77,ATM,West Zone,Haryana,Ramesh Yadav,Under Review,NEFT - Savings Account - Sep 2011,0,37.21,2641140.77
TXN4435720,CUST60079,06-May-16,EMI Payment,PRD0008,credit card,4199742.42,NEFT/RTGS,West Zone,Telangana,Nitin Joshi,Failed,EMI Payment - Credit Card - May 2016,755953.64,483.78,3443305
TXN9565106,CUST60079,06-11-2018,EMI Payment,PRD0008,Credit Card,4199742.42,NEFT/RTGS,West Zone,Telangana,Nitin Joshi,Completed,EMI Payment - Credit Card - May 2016,755953.64,483.78,3443305
TXN5133492,CUST26144,25-06-2011,NEFT,PRD0014,OD Facility,43862.92,Mobile App,SOUTH ZONE,Haryana,Rajesh Sharma,Reversed,NEFT - OD Facility - Jul 2018,7895.33,5.02,35962.57
TXN7845680,CUST23305,07-Nov-21,Loan Disbursal,PRD0005,EDUCATION LOAN,1457893.18,POS,East Zone,Kerala,Nitin Joshi,Completed,Loan Disbursal - Education Loan - Nov 2021,262420.77,0,1194973.44
TXN2859539,CUST20749,07-06-2023,upi,PRD0007,Loan Against Property,1604286.02,Phone Banking,East Zone,HARYANA,Nitin Joshi,Reversed,UPI - Loan Against Property - Nov 2010,0,140.17,1604145.85
TXN7311662,CUST76448,24-Aug-19,Cash Deposit,PRD0017,auto loan,141827.32,Mobile App,West Zone,Punjab,sanjay gupta,Completed,Cash Deposit - Auto Loan - Aug 2019,0,294.8,141532.52
TXN9157962,CUST53813,10-04-2019,  RTGS,PRD0001,Home Loan,Rs.4796406.18,Internet Banking,East Zone,Odisha,Deepa Krishnan,Pending,RTGS - Home Loan - Apr 2019,863353.11,226.06,3932827.01
TXN9193220,CUST20874,07-11-2024,Cash Deposit,PRD0014,od facility,2086990.72,  Phone Banking,South Zone,delhi,  Nitin Joshi,Completed,Cash Deposit - OD Facility - Jul 2024,375658.33,Rs.197.9,1711134.49
TXN3965414,CUST78740,10-01-2012,Loan Disbursal,PRD0007,Loan Against Property,2131572.19,  Branch,North Zone,Kerala,Meena Iyer,Completed,Loan Disbursal - Loan Against Property - Jan 2012,0,448.18,2131124.01
TXN5766161,CUST43518,18-05-2010,EMI Payment,PRD0009,SAVINGS ACCOUNT,3654282.37,  ATM,West Zone,Tamil Nadu,Lalita Devi,Failed,EMI Payment - Savings Account - May 2010,657770.83,169.91,2996341.63
TXN3502909,CUST87303,25-08-2022,RTGS,PRD0008,credit card,3631347.18,POS,East Zone,Rajasthan,Meena Iyer,Failed,RTGS - Credit Card - Aug 2022,653642.49,324.21,2977380.48
TXN8474687,CUST21108,14-Jan-15,IMPS,PRD0013,Insurance,3765000.27,mobile app,Central Zone,Haryana,Mohan Das,Reversed,IMPS - Insurance - Jan 2015,0,364.9,3764635.37
TXN5846812,CUST21728,21-04-2010,emi payment,PRD0017,AUTO LOAN,2917091.11,pos,Central Zone,Maharashtra,Meena Iyer,Failed,EMI Payment - Auto Loan - Dec 2019,0,70.61,2917020.5
TXN8049463,CUST24134,09-05-2017,RTGS,PRD0002,Personal Loan,2692218.64,Branch,East Zone,kerala,Deepa Krishnan,Reversed,RTGS - Personal Loan - May 2017,484599.36,Rs.393.4,2207225.88
TXN2325483,CUST98208,27-Dec-10,IMPS,PRD0005,education loan,4604791.22,Mobile App,North Zone,Gujarat,sanjay gupta,Failed,IMPS - Education Loan - Dec 2010,828862.42,383.91,3775544.89
TXN4902453,CUST60194,27-Sep-18,Loan Disbursal,PRD0011,Recurring Deposit,2315138.92,NEFT/RTGS,East Zone,PUNJAB,Anita Bose,Completed,RTGS - Recurring Deposit - Sep 2018,0,313.89,2314825.03
TXN3093604,CUST27295,18-03-2021,IMPS,PRD0017,Auto Loan,4831962.2,BRANCH,East Zone,Karnataka,Rajesh Sharma,Failed,IMPS - Auto Loan - Mar 2021,0,119.06,4831843.14
TXN5103227,CUST85051,18-05-2023,UPI,PRD0006,BUSINESS LOAN,3995539.17,POS,Central Zone,Gujarat,Mohan Das,Failed,UPI - Business Loan - May 2023,Rs.0,393.9,3995145.27
TXN9592303,CUST42947,09-07-2020,RTGS,PRD0014,OD Facility,3963459.77,POS,NORTH ZONE,karnataka,Amit Patel,Reversed,RTGS - OD Facility - Sep 2020,0,152.25,3963307.52
TXN7607120,CUST58804,24-06-2010,emi payment,PRD0001,Home Loan,4731394.43,NEFT/RTGS,East Zone,west bengal,Amit Patel,Reversed,EMI Payment - Home Loan - Mar 2015,0,141.9,4731252.53
TXN6463043,CUST45501,22-08-2025,NEFT,PRD0014,OD Facility,1459110.04,POS,WEST ZONE,  Madhya Pradesh,Lalita Devi,Failed,NEFT - OD Facility - Feb 2024,262639.81,314.03,1196156.2
TXN1534800,CUST23639,30-12-2012,EMI Payment,PRD0002,Personal Loan,3777356.11,Internet Banking,North Zone,Telangana,Meena Iyer,SUCCESS,EMI Payment - Personal Loan - Jan 2020,0,270.31,3777085.8
TXN7382053,CUST58688,25-08-2012,Cash Withdrawal,PRD0013,Insurance,606272.63,mobile app,East Zone,telangana,Arun Mehta,Under Review,Cash Withdrawal - Insurance - Aug 2012,109129.07,0,497111.47
TXN2179514,CUST81657,27-10-2010,neft,PRD0001,Home Loan,1855814.07,  ATM,West Zone,Gujarat,DEEPA KRISHNAN,Failed,NEFT - Home Loan - Oct 2010,334046.53,341.95,1521425.59
TXN6646873,CUST39762,13-01-2019,RTGS,PRD0011,Recurring Deposit,2195926.81,Phone Banking,WEST ZONE,West Bengal,Deepa Krishnan,Failed,RTGS - Recurring Deposit - Jan 2019,395266.83,493.97,1800166.01
TXN8972009,CUST76787,19-Apr-17,Penalty Charge,PRD0009,Savings Account,1763231.86,Branch,East Zone,Delhi,Vijay Kumar,Failed,Penalty Charge - Savings Account - Apr 2017,317381.73,433.37,1445416.76
TXN2897428,CUST23614,26-03-2011,  Cash Withdrawal,PRD0012,MUTUAL FUND,186560.38,  ATM,South Zone,west bengal,Meena Iyer,Failed,Cash Withdrawal - Mutual Fund - Mar 2011,0,404.43,186155.95
TXN2411195,CUST82510,08-Jun-20,Penalty Charge,PRD0017,Auto Loan,1860674.09,branch,North Zone,KERALA,Meena Iyer,Reversed,Penalty Charge - Auto Loan - Jun 2020,334921.34,188.37,1525564.38
TXN9818390,CUST22492,08-07-2010,Interest Credit,PRD0014,OD Facility,636637.47,Phone Banking,West Zone,Odisha,Ramesh Yadav,Under Review,Interest Credit - OD Facility - Aug 2010,114594.74,0,521579.66
TXN5016399,CUST90863,21-May-13,Interest Credit,PRD0008,CREDIT CARD,2691466.09,Branch,West Zone,Tamil Nadu,AMIT PATEL,completed,Interest Credit - Credit Card - May 2013,Rs.484463.9,44.49,2206957.7
TXN7767875,CUST50988,07-06-2023,INTEREST CREDIT,PRD0014,OD Facility,2206563.49,NEFT/RTGS,South Zone,Haryana,Anita Bose,Under Review,Interest Credit - OD Facility - Apr 2017,397181.43,154.81,1809227.25
TXN9751902,CUST65478,22-02-2011,Transfer,PRD0011,Recurring Deposit,Rs.3671328.5,Internet Banking,north zone,Uttar Pradesh,rajesh sharma,Failed,Transfer - Recurring Deposit - Feb 2011,0,199.61,3671128.89
TXN6662231,CUST80047,08-Sep-13,Loan Disbursal,PRD0012,Mutual Fund,2259508.61,  Mobile App,East Zone,Gujarat,Kavitha Subramanian,Pending,Loan Disbursal - Mutual Fund - Sep 2013,406711.55,167.1,1852629.96
TXN7031065,CUST88956,04-07-2012,Loan Disbursal,PRD0013,Insurance,722343.56,Phone Banking,North Zone,Karnataka,Sunita Rao,Failed,Loan Disbursal - Insurance - Jul 2012,130021.84,452.4,591869.32
TXN1618894,CUST69839,24-03-2014,Credit,PRD0012,Mutual Fund,753660.94,atm,South Zone,Maharashtra,Lalita Devi,Under Review,Credit - Mutual Fund - May 2010,0,161.69,753499.25
TXN6726982,CUST48063,29-03-2025,Credit,PRD0010,FIXED DEPOSIT,1592611.08,Internet Banking,South Zone,Kerala,Vijay Kumar,Reversed,Credit - Fixed Deposit - Dec 2011,0,398.14,1592212.94
TXN5092129,CUST63914,27-Sep-19,EMI Payment,PRD0002,Personal Loan,3310708.47,Branch,north zone,Karnataka,AMIT PATEL,Reversed,EMI Payment - Personal Loan - Sep 2019,595927.52,90.85,2714690.1
TXN1573972,CUST41334,11-07-2010,Debit,PRD0002,Personal Loan,1122563.67,Internet Banking,West Zone,Karnataka,Deepa Krishnan,Pending,Debit - Personal Loan - Nov 2010,202061.46,231.74,920270.47
TXN2897157,CUST22050,03-01-2020,RTGS,PRD0006,Business Loan,4658729.7,Phone Banking,North Zone,Telangana,amit patel,Failed,RTGS - Business Loan - Mar 2020,0,493.07,4658236.63
TXN9827001,CUST65478,10-03-2011,Cash Deposit,PRD0008,Credit Card,591418.28,Phone Banking,West Zone,Delhi,Meena Iyer,Reversed,Cash Deposit - Credit Card - Mar 2025,106455.29,453.86,484509.13
TXN2318755,CUST27284,15-05-2017,  Penalty Charge,PRD0009,Savings Account,1379234.63,ATM,East Zone,Gujarat,Amit Patel,Under Review,Penalty Charge - Savings Account - May 2017,0,321.33,1378913.3
TXN9087988,CUST57294,17-03-2019,NEFT,PRD0014,OD Facility,2490341.16,Internet Banking,North Zone,  Andhra Pradesh,lalita devi,Reversed,NEFT - OD Facility - Mar 2019,448261.41,311.09,2041768.66
TXN9256808,CUST85887,03-06-2022,Interest Credit,PRD0013,Insurance,1078167.8,Internet Banking,South Zone,West Bengal,Meena Iyer,Reversed,Interest Credit - Insurance - Jun 2022,194070.2,285.12,883812.48
TXN5510969,CUST61721,24-08-2023,Penalty Charge,PRD0010,Fixed Deposit,4856455.93,POS,South Zone,Telangana,Lalita Devi,Completed,Penalty Charge - Fixed Deposit - Feb 2024,874162.07,204.54,3982089.32
TXN5707167,CUST93634,29-08-2023,IMPS,PRD0095,  Recurring Deposit,1223280.15,ATM,Central Zone,Uttar Pradesh,Vijay Kumar,Failed,IMPS - Recurring Deposit - Aug 2023,220190.43,263.77,1002825.95
TXN1659319,CUST97151,13-May-20,NEFT,PRD0017,AUTO LOAN,4775540.38,POS,South Zone,Andhra Pradesh,Ramesh Yadav,Completed,NEFT - Auto Loan - May 2020,859597.27,437.3,Rs.3915505.81
TXN7434952,CUST34323,15-12-2010,Transfer,PRD0012,Mutual Fund,3458059.09,Internet Banking,WEST ZONE,West Bengal,Mohan Das,Under Review,Transfer - Mutual Fund - Dec 2010,0,400.44,3457658.65
TXN9449197,CUST69151,08-12-2013,IMPS,PRD0007,Loan Against Property,1193788.08,ATM,South Zone,Rajasthan,Meena Iyer,failed,IMPS - Loan Against Property - Aug 2013,0,121.37,1193666.71
TXN5952746,CUST65685,31-01-2011,NEFT,PRD0013,insurance,4453507.25,NEFT/RTGS,East Zone,Punjab,Priya Nair,Under Review,NEFT - Insurance - Jan 2011,801631.3,445.07,3651430.88
TXN4610815,CUST73941,30-12-2012,Transfer,PRD0012,MUTUAL FUND,543590.69,PHONE BANKING,South Zone,Telangana,Nitin Joshi,Failed,Transfer - Mutual Fund - Dec 2020,97846.32,282.08,445462.29
TXN9090219,CUST54260,13-08-2023,Transfer,PRD0001,Home Loan,1012163.65,ATM,central zone,Gujarat,Anita Bose,Under Review,Transfer - Home Loan - Aug 2023,182189.46,487.67,829486.52
TXN1727396,CUST32273,05-12-2016,Cash Deposit,PRD0005,Education Loan,2581958.05,Internet Banking,west zone,Telangana,kavitha subramanian,failed,Cash Deposit - Education Loan - Dec 2016,464752.45,304.42,2116901.18
TXN5468115,CUST61697,03-11-2016,  Credit,PRD0008,credit card,3407057.35,MOBILE APP,east zone,West Bengal,Nitin Joshi,Failed,Credit - Credit Card - Nov 2024,613270.32,489.09,2793297.94
TXN6181350,CUST94985,29-02-2012,Transfer,PRD0005,Education Loan,3505634.96,mobile app,EAST ZONE,KERALA,Sunita Rao,Under Review,Transfer - Education Loan - Jul 2018,0,225.29,3505409.67
TXN1737716,CUST29331,19-Oct-24,Credit,PRD0011,Recurring Deposit,2604153.57,Internet Banking,South Zone,Telangana,kavitha subramanian,Under Review,Credit - Recurring Deposit - Oct 2024,468747.64,474.31,2134931.62
TXN6272410,CUST45338,29-Jun-12,Cash Deposit,PRD0011,Recurring Deposit,3646250.67,ATM,Central Zone,Madhya Pradesh,Kavitha Subramanian,Completed,Cash Deposit - Recurring Deposit - Jun 2012,0,365.67,3645885
TXN7886440,CUST12867,01-02-2018,imps,PRD0012,Mutual Fund,Rs.1028205.4,Internet Banking,West Zone,Rajasthan,rajesh sharma,Reversed,IMPS - Mutual Fund - May 2024,0,0,3366082.39
TXN4767717,CUST29331,18-10-2010,Interest Credit,PRD0007,  Loan Against Property,1812557.43,  ATM,East Zone,West Bengal,Mohan Das,Failed,Interest Credit - Loan Against Property - Oct 2010,0,226.16,1812557.43
TXN5642390,CUST20127,13-10-2022,Penalty Charge,PRD0007,Loan Against Property,258595.42,Branch,West Zone,  Tamil Nadu,nitin joshi,Failed,Penalty Charge - Loan Against Property - May 2024,46547.18,316.09,211732.15
TXN5674504,CUST55220,13-Aug-15,RTGS,PRD0014,OD Facility,Rs.232410.05,ATM,West Zone,UTTAR PRADESH,Sunita Rao,Reversed,RTGS - OD Facility - Aug 2015,41833.81,439.78,190136.46
TXN5405328,CUST28350,25-02-2014,INTEREST CREDIT,PRD0010,Fixed Deposit,3863144.66,Mobile App,North Zone,WEST BENGAL,KAVITHA SUBRAMANIAN,Completed,Interest Credit - Fixed Deposit - Feb 2014,695366.04,60.24,3167718.38
TXN3281553,CUST41334,31-07-2019,TRANSFER,PRD0006,Business Loan,2997203.76,ATM,CENTRAL ZONE,punjab,Sunita Rao,Pending,Transfer - Business Loan - Jul 2019,539496.68,312.55,2457394.53
TXN7736979,CUST61697,03-11-2016,Debit,PRD0005,Education Loan,3351631.79,POS,East Zone,Madhya Pradesh,sanjay gupta,Failed,Debit - Education Loan - Mar 2024,603293.72,268.27,2748069.8
TXN6589722,CUST42631,04-05-2017,EMI Payment,PRD0001,HOME LOAN,4707759.35,Branch,North Zone,Punjab,SANJAY GUPTA,Under Review,EMI Payment - Home Loan - Apr 2024,0,378.56,4707380.79
TXN1047034,CUST66346,19-10-2016,RTGS,PRD0017,Auto Loan,4349782.44,PHONE BANKING,South Zone,Kerala,Sunita Rao,Under Review,RTGS - Auto Loan - Oct 2016,0,156.96,4349625.48
TXN6162618,CUST95200,02-Nov-16,Loan Disbursal,PRD0002,Personal Loan,933550.52,Mobile App,West Zone,West Bengal,Mohan Das,Completed,Loan Disbursal - Personal Loan - Nov 2016,168039.09,353.23,765158.2
TXN9370876,CUST75350,05-06-2017,Debit,PRD0007,Loan Against Property,2788966.2,Branch,West Zone,Gujarat,Sunita Rao,COMPLETED,Debit - Loan Against Property - Mar 2017,502013.92,439.33,2286512.95
TXN8887338,CUST62312,09-04-2021,Debit,PRD0009,SAVINGS ACCOUNT,933649.28,ATM,East Zone,Uttar Pradesh,Sunita Rao,Reversed,Debit - Savings Account - Dec 2011,168056.87,113.15,765479.26
TXN7085119,CUST74213,20-Apr-20,IMPS,PRD0002,Personal Loan,274377.05,Branch,west zone,KERALA,Priya Nair,Under Review,IMPS - Personal Loan - Apr 2020,49387.87,305.69,224683.49
TXN1892249,CUST30732,25-Feb-11,Cash Deposit,PRD0013,Insurance,438578.9,POS,  South Zone,Telangana,Nitin Joshi,Pending,Cash Deposit - Insurance - Feb 2011,78944.2,235.27,Rs.359399.43
TXN4012806,CUST65640,04-05-2017,UPI,PRD0001,HOME LOAN,1528688.13,ATM,EAST ZONE,Haryana,Priya Nair,Failed,UPI - Home Loan - Feb 2013,275163.86,394.03,1253130.24
TXN1158666,CUST93472,19-01-2019,Credit,PRD0007,Loan Against Property,1838978.35,Phone Banking,Central Zone,Kerala,Lalita Devi,Pending,Credit - Loan Against Property - Jan 2019,0,353.49,1838624.86
TXN9081333,CUST16113,26-Jan-18,Penalty Charge,PRD0014,  OD Facility,4821747.97,POS,South Zone,Punjab,Arun Mehta,Completed,Penalty Charge - OD Facility - Jan 2018,0,472.08,4821275.89
TXN9146103,CUST69892,30-Jan-10,Transfer,PRD0008,Credit Card,3049935.99,neft/rtgs,South Zone,PUNJAB,ramesh yadav,Reversed,Transfer - Credit Card - Jan 2010,548988.48,244.89,2500702.62
TXN3215427,CUST70036,22-06-2024,Debit,PRD0010,Fixed Deposit,3757340.57,MOBILE APP,East Zone,Andhra Pradesh,Ramesh Yadav,Pending,Debit - Fixed Deposit - Jun 2024,676321.3,404.53,3080614.74
TXN5576396,CUST94018,12-02-2021,penalty charge,PRD0007,Loan Against Property,4520678.81,Internet Banking,East Zone,Kerala,Priya Nair,Under Review,Penalty Charge - Loan Against Property - Feb 2021,813722.19,63.98,3706892.64
TXN9041725,CUST94018,12-02-2021,Penalty Charge,PRD0007,Loan Against Property,4520678.81,Internet Banking,East Zone,Kerala,Priya Nair,Completed,Penalty Charge - Loan Against Property - Feb 2021,813722.19,63.98,3706892.64
TXN4179684,CUST35153,07-06-2012,NEFT,PRD0011,Recurring Deposit,2388846.33,Branch,West Zone,maharashtra,Priya Nair,Completed,NEFT - Recurring Deposit - Jun 2012,429992.34,177.01,1958676.98
TXN7586251,CUST60934,19-08-2023,EMI Payment,PRD0003,  Auto Loan,3016214.47,  ATM,South Zone,Tamil Nadu,  Arun Mehta,Completed,EMI Payment - OD Facility - Aug 2023,542918.6,297.17,2472998.7
TXN2836180,CUST49152,26-May-20,upi,PRD0011,recurring deposit,Rs.1028205.4,Internet Banking,South Zone,Odisha,Rajesh Sharma,Reversed,UPI - Recurring Deposit - May 2020,0,491.11,3234141.61
TXN6099951,CUST54852,05-11-2022,Cash Deposit,PRD0001,Home Loan,3423885.34,ATM,West Zone,Uttar Pradesh,arun mehta,Pending,Cash Deposit - Home Loan - Nov 2022,616299.36,189.61,2807396.37
TXN8773000,CUST40427,25-06-2018,UPI,PRD0012,Mutual Fund,4899680.63,Branch,North Zone,  Rajasthan,anita bose,Pending,UPI - Mutual Fund - Jun 2018,0,157.22,4899523.41
TXN6909298,CUST59501,03-09-2010,imps,PRD0004,Gold Loan,3131025.65,mobile app,West Zone,Karnataka,Mohan Das,Failed,IMPS - Gold Loan - Mar 2010,563584.62,394.38,2567046.65
TXN7267050,CUST14501,11-Nov-22,Transfer,PRD0014,OD Facility,3780019.53,NEFT/RTGS,east zone,KARNATAKA,Arun Mehta,Completed,Transfer - OD Facility - Nov 2022,0,418.68,3779600.85
TXN9818438,CUST98208,01-06-2010,Cash Withdrawal,PRD0006,business loan,4885184.95,ATM,Central Zone,Tamil Nadu,Lalita Devi,Completed,Cash Withdrawal - Business Loan - Jan 2010,0,369.48,4884815.47
TXN4363705,CUST34600,20-09-2019,UPI,PRD0010,fixed deposit,4399651.56,Internet Banking,West Zone,PUNJAB,Lalita Devi,Reversed,UPI - Fixed Deposit - Sep 2019,791937.28,214.86,3607499.42
TXN7074903,CUST98208,19-Aug-23,EMI Payment,PRD0004,gold loan,116163.84,Branch,West Zone,Delhi,Priya Nair,Reversed,EMI Payment - Gold Loan - Aug 2023,0,403.99,94850.36
TXN4031391,CUST18807,14-07-2018,Cash Withdrawal,PRD0007,  Loan Against Property,503709.48,Branch,  West Zone,Odisha,Sanjay Gupta,Pending,Cash Withdrawal - Loan Against Property - Mar 2019,90667.71,306.89,412734.88
TXN7544512,CUST59528,03-11-2016,EMI Payment,PRD0006,  Business Loan,3832389.83,POS,West Zone,  Uttar Pradesh,Vijay Kumar,Failed,EMI Payment - Business Loan - Dec 2020,0,452.74,3831937.09
TXN7598052,CUST10255,07-03-2024,Debit,PRD0001,  Home Loan,4146006.78,POS,CENTRAL ZONE,Karnataka,Anita Bose,Under Review,Debit - Home Loan - Mar 2024,0,105.47,4145901.31
TXN9101703,CUST14555,26-11-2019,Cash Deposit,PRD0003,  Auto Loan,2388207.54,POS,North Zone,Tamil Nadu,  Priya Nair,Under Review,Cash Deposit - Loan Against Property - Nov 2019,429877.36,402.03,1957928.15
TXN2139085,CUST74174,16-06-2025,Interest Credit,PRD0009,Savings Account,3207604.62,ATM,North Zone,Karnataka,Deepa Krishnan,Failed,Interest Credit - Savings Account - Jun 2025,0,261.98,3207342.64
TXN1977003,CUST62989,22-07-2023,UPI,PRD0012,Mutual Fund,Rs.4525942.6,POS,NORTH ZONE,karnataka,  Nitin Joshi,Pending,UPI - Mutual Fund - Jul 2023,814669.67,347.46,3710925.47
TXN8519390,CUST49795,23-12-2025,  Loan Disbursal,PRD0004,Gold Loan,Rs.3393778.83,Mobile App,East Zone,Punjab,Sanjay Gupta,Reversed,Loan Disbursal - Gold Loan - Dec 2025,0,194.95,3393583.88
TXN8149775,CUST12933,21-04-2011,Cash Withdrawal,PRD0010,Fixed Deposit,2923464.58,NEFT/RTGS,Central Zone,Gujarat,Deepa Krishnan,Failed,Cash Withdrawal - Fixed Deposit - Apr 2011,0,179.55,2923464.58
TXN9824999,CUST19432,06-08-2012,Credit,PRD0011,Recurring Deposit,522742.96,NEFT/RTGS,North Zone,Madhya Pradesh,RAMESH YADAV,COMPLETED,Credit - Recurring Deposit - Aug 2012,0,263.98,522742.96
TXN7588599,CUST23305,04-08-2012,Cash Deposit,PRD0002,Personal Loan,2113001.58,  Branch,Central Zone,Madhya Pradesh,Amit Patel,Under Review,Cash Deposit - Personal Loan - Aug 2012,380340.28,171.61,1732489.69
TXN9375758,CUST68479,09-08-2019,Transfer,PRD0004,Gold Loan,2620260.51,atm,South Zone,Gujarat,Sunita Rao,Under Review,Transfer - Gold Loan - May 2022,0,489.62,2619770.89
TXN2233265,CUST34420,08-03-2011,Cash Deposit,PRD0006,Business Loan,463340.17,Phone Banking,East Zone,West Bengal,Kavitha Subramanian,Completed,Cash Deposit - Business Loan - Mar 2011,0,410.29,462929.88
TXN8940007,CUST91167,15-12-2018,CASH WITHDRAWAL,PRD0001,HOME LOAN,148470.12,NEFT/RTGS,North Zone,Gujarat,Vijay Kumar,Completed,Cash Withdrawal - Home Loan - Dec 2018,26724.62,63.52,121681.98
TXN9143169,CUST91167,01-02-2014,RTGS,PRD0006,business loan,3638139.22,atm,West Zone,  Madhya Pradesh,Rajesh Sharma,Pending,RTGS - Business Loan - Feb 2014,0,92.17,3638047.05
TXN1093918,CUST41334,09-03-2021,NEFT,PRD0002,Personal Loan,1831677.73,ATM,North Zone,Rajasthan,Kavitha Subramanian,Pending,NEFT - Personal Loan - Nov 2011,329701.99,96.71,1501879.03
TXN1042384,CUST24029,10-03-2012,EMI Payment,PRD0004,Gold Loan,2348828.89,mobile app,West Zone,Uttar Pradesh,kavitha subramanian,Reversed,EMI Payment - Gold Loan - Mar 2012,422789.2,201.4,1925838.29
TXN7699048,CUST22695,02-Apr-23,Credit,PRD0012,Mutual Fund,3123037.88,Mobile App,East Zone,Uttar Pradesh,Vijay Kumar,Pending,Credit - Mutual Fund - Apr 2023,562146.82,185.05,2560706.01
TXN6785611,CUST29482,17-09-2012,Cash Withdrawal,PRD0004,gold loan,3518214.38,  ATM,east zone,HARYANA,Deepa Krishnan,Reversed,Cash Withdrawal - Gold Loan - Sep 2012,633278.59,278.51,2884657.28
TXN6658229,CUST76448,10-11-2022,EMI PAYMENT,PRD0017,Auto Loan,4952616.5,NEFT/RTGS,EAST ZONE,  Andhra Pradesh,  Lalita Devi,Reversed,EMI Payment - Auto Loan - Nov 2022,0,392.62,4952223.88
TXN7454861,CUST80138,18-03-2012,  Credit,PRD0012,Mutual Fund,3774753.72,Phone Banking,North Zone,Telangana,  Meena Iyer,Completed,Credit - Mutual Fund - Sep 2011,679455.67,211.38,3095086.67
TXN7904271,CUST47594,09-05-2023,  Loan Disbursal,PRD0017,Auto Loan,276431.95,Branch,West Zone,punjab,Sanjay Gupta,Reversed,Loan Disbursal - Auto Loan - Jan 2017,49757.75,98.47,226575.73
TXN8137322,CUST49917,15-06-2023,Loan Disbursal,PRD0005,Education Loan,168633.14,Phone Banking,central zone,West Bengal,Rajesh Sharma,Reversed,UPI - Education Loan - Jun 2023,30353.97,451.73,137827.44
TXN6312349,CUST77559,28-09-2019,cash withdrawal,PRD0001,Home Loan,1795243.68,Branch,West Zone,Delhi,PRIYA NAIR,Failed,Cash Withdrawal - Home Loan - Sep 2019,0,91.62,1795152.06
TXN2588785,CUST94018,07-09-2023,Cash Withdrawal,PRD0005,Education Loan,1243010.86,Branch,East Zone,madhya pradesh,Rajesh Sharma,SUCCESS,Cash Withdrawal - Education Loan - Sep 2023,223741.95,434.4,1018834.51
TXN8637165,CUST45338,21-07-2015,UPI,PRD0017,Auto Loan,1359336.69,Mobile App,west zone,Madhya Pradesh,nitin joshi,Reversed,UPI - Auto Loan - Jul 2015,244680.6,165.69,1114490.4
TXN4056097,CUST30730,09-09-2022,Loan Disbursal,PRD0005,Education Loan,1724876.25,POS,East Zone,Haryana,Sanjay Gupta,Completed,UPI - Education Loan - Sep 2022,0,79.65,1724796.6
TXN6590810,CUST30730,09-09-2022,UPI,PRD0005,Education Loan,1724876.25,POS,East Zone,Haryana,Sanjay Gupta,Completed,UPI - Education Loan - Sep 2022,0,79.65,1724796.6
TXN2259297,CUST60096,21-Mar-23,Cash Withdrawal,PRD0008,Credit Card,696860.69,Branch,Central Zone,Kerala,Ramesh Yadav,Under Review,Cash Withdrawal - Credit Card - Mar 2023,125434.92,118.36,571307.41
TXN9241077,CUST34420,13-06-2016,RTGS,PRD0004,gold loan,2638920.1,Phone Banking,South Zone,Haryana,Rajesh Sharma,Pending,RTGS - Gold Loan - Jun 2016,475005.62,333.42,2638920.1
TXN3249103,CUST80972,26-02-2023,neft,PRD0012,Mutual Fund,3844494.84,NEFT/RTGS,Central Zone,Punjab,Anita Bose,Failed,NEFT - Mutual Fund - Feb 2023,0,138.64,3844356.2
TXN5800445,CUST24723,19-06-2013,penalty charge,PRD0006,Business Loan,Rs.703648.82,NEFT/RTGS,Central Zone,GUJARAT,Ramesh Yadav,Pending,Penalty Charge - Business Loan - Jun 2013,126656.79,425.49,576566.54
TXN6079934,CUST61992,21-Jan-11,NEFT,PRD0006,Business Loan,3433472.74,Mobile App,west zone,gujarat,Nitin Joshi,Failed,NEFT - Business Loan - Jan 2011,618025.09,159.87,2815287.78
TXN3002726,CUST49152,09-05-2023,Cash Withdrawal,PRD0007,loan against property,2506884.04,NEFT/RTGS,CENTRAL ZONE,Gujarat,  Arun Mehta,Pending,Cash Withdrawal - Loan Against Property - Jan 2015,0,224.51,2506659.53
TXN4359115,CUST63093,08-04-2019,Transfer,PRD0013,Insurance,1275909.88,Internet Banking,SOUTH ZONE,Haryana,SUNITA RAO,Completed,Transfer - Insurance - Apr 2019,0,381.29,1275528.59
TXN1066720,CUST52568,01-10-2023,IMPS,PRD0007,loan against property,3836050.15,POS,South Zone,Tamil Nadu,Amit Patel,Reversed,IMPS - Loan Against Property - Jan 2023,690489.03,233.77,3836050.15
TXN9411958,CUST42925,29-02-2012,EMI PAYMENT,PRD0011,Recurring Deposit,Rs.1028205.4,ATM,  West Zone,Haryana,Anita Bose,Under Review,EMI Payment - Recurring Deposit - Aug 2018,0,459.91,4274031.24
TXN3176610,CUST69998,18-10-2017,CASH WITHDRAWAL,PRD0017,Auto Loan,2303044.64,Mobile App,Central Zone,Karnataka,Sunita Rao,Failed,NEFT - Auto Loan - Oct 2017,0,313.09,1888183.51
TXN4771276,CUST83755,03-09-2013,IMPS,PRD0008,Credit Card,4247496.73,POS,East Zone,Uttar Pradesh,Meena Iyer,Pending,IMPS - Credit Card - Sep 2013,764549.41,99.28,3482848.04
TXN4094882,CUST68554,07-01-2019,Interest Credit,PRD0006,Business Loan,700169.02,ATM,South Zone,odisha,  Sanjay Gupta,Reversed,Interest Credit - Business Loan - May 2012,126030.42,447.31,Rs.573691.29
TXN7664232,CUST64401,19-Jul-22,transfer,PRD0012,Mutual Fund,2422155.35,ATM,west zone,Andhra Pradesh,Arjun Iyer,Completed,Transfer - Mutual Fund - Jul 2022,0,395.34,2421760.01
TXN6384106,CUST90135,05-03-2015,LOAN DISBURSAL,PRD0010,FIXED DEPOSIT,1293188.92,POS,South Zone,Gujarat,Lalita Devi,Reversed,Loan Disbursal - Fixed Deposit - Mar 2015,232774.01,245.86,1060169.05
TXN5601524,CUST86099,29-03-2025,Interest Credit,PRD0017,Auto Loan,Rs.3832223.08,phone banking,West Zone,TAMIL NADU,Rajesh Sharma,COMPLETED,Interest Credit - Auto Loan - Nov 2012,689800.15,98.23,3142324.7
TXN3568350,CUST89405,11-12-2017,RTGS,PRD0002,PERSONAL LOAN,4452273.53,mobile app,South Zone,RAJASTHAN,Amit Patel,Pending,RTGS - Personal Loan - Dec 2017,0,142.87,4452130.66
TXN1842181,CUST25461,11-06-2010,Cash Deposit,PRD0007,Loan Against Property,2090020.89,internet banking,south zone,TAMIL NADU,kavitha subramanian,Under Review,Cash Deposit - Loan Against Property - Jun 2010,0,370.94,Rs.2089649.95
TXN4165328,CUST96462,31-Mar-13,Penalty Charge,PRD0009,Savings Account,3448063.87,Internet Banking,South Zone,West Bengal,Ramesh Yadav,Failed,Penalty Charge - Savings Account - Mar 2013,0,449.42,3447614.45
TXN3075869,CUST28350,20-12-2025,UPI,PRD0017,Auto Loan,1505673.29,Phone Banking,South Zone,haryana,Anita Bose,completed,UPI - Auto Loan - Dec 2025,271021.19,121.87,1234530.23
TXN4615453,CUST84912,21-Feb-12,Transfer,PRD0012,Mutual Fund,2676329.35,NEFT/RTGS,Central Zone,Madhya Pradesh,PRIYA NAIR,Reversed,Transfer - Mutual Fund - Feb 2012,0,255.02,2676074.33
TXN7908645,CUST23751,05-06-2017,UPI,PRD0014,OD Facility,3003938.65,POS,West Zone,Maharashtra,Arun Mehta,Reversed,UPI - OD Facility - Aug 2017,540708.96,322.03,2462907.66
TXN5969614,CUST71952,11-12-2017,Interest Credit,PRD0003,  Auto Loan,2828754.95,NEFT/RTGS,West Zone,Uttar Pradesh,Arun Mehta,Reversed,Interest Credit - Insurance - Jun 2015,509175.89,119.66,2319459.4
TXN3047170,CUST97304,25-04-2010,DEBIT,PRD0008,Credit Card,4989879.41,Internet Banking,WEST ZONE,Madhya Pradesh,Sunita Rao,Under Review,Debit - Credit Card - Jul 2024,0,256.06,4989623.35
TXN8660009,CUST75494,17-09-2014,IMPS,PRD0008,Credit Card,Rs.166802.39,NEFT/RTGS,Central Zone,West Bengal,Nitin Joshi,Pending,IMPS - Credit Card - Apr 2021,30024.43,333.01,136444.95
TXN1658561,CUST56990,06-04-2020,EMI Payment,PRD0001,Home Loan,802809.07,POS,EAST ZONE,Uttar Pradesh,Sanjay Gupta,Completed,EMI Payment - Home Loan - Jun 2020,144505.63,174.13,658129.31
TXN5990547,CUST16113,01-06-2017,  EMI Payment,PRD0002,PERSONAL LOAN,1849240.57,branch,West Zone,Gujarat,Ramesh Yadav,Pending,EMI Payment - Personal Loan - Sep 2023,332863.3,293.93,1516083.34
TXN2263068,CUST26187,15-09-2021,Penalty Charge,PRD0011,recurring deposit,111383.92,Phone Banking,West Zone,Madhya Pradesh,  Vijay Kumar,Under Review,Penalty Charge - Recurring Deposit - Sep 2021,0,60.34,111323.58
TXN8840368,CUST80047,12-04-2012,EMI Payment,PRD0002,PERSONAL LOAN,4148646.45,Internet Banking,North Zone,Karnataka,Nitin Joshi,Under Review,EMI Payment - Personal Loan - Apr 2012,746756.36,161.13,3401728.96
TXN7770551,CUST66346,30-May-14,UPI,PRD0001,Home Loan,2748255.14,  Internet Banking,  West Zone,Andhra Pradesh,sunita rao,Failed,UPI - Home Loan - May 2014,0,397.72,2747857.42
TXN7405670,CUST31750,10-Nov-13,IMPS,PRD0012,mutual fund,3286439.35,ATM,South Zone,Punjab,Meena Iyer,Failed,IMPS - Mutual Fund - Nov 2013,0,309.79,3286129.56
TXN9752310,CUST77394,11-10-2010,Cash Withdrawal,PRD0017,auto loan,529864.11,branch,East Zone,Telangana,Anita Bose,Pending ,Cash Withdrawal - Auto Loan - Apr 2019,95375.54,210.28,434278.29
TXN8369514,CUST11337,29-Oct-11,Debit,PRD0007,Loan Against Property,858296.48,Phone Banking,Central Zone,Rajasthan,Anita Bose,Reversed,Debit - Loan Against Property - Oct 2011,0,328.64,857967.84
TXN6245834,CUST43408,26-07-2015,Loan Disbursal,PRD0013,Insurance,2254129.91,  Branch,West Zone,Odisha,Arun Mehta,Reversed,Loan Disbursal - Insurance - Jul 2015,405743.38,206.51,1848180.02
TXN4437931,CUST31705,10-12-2012,UPI,PRD0008,Credit Card,104698.7,Branch,CENTRAL ZONE,Punjab,Vijay Kumar,Completed,UPI - Credit Card - Dec 2012,18845.77,345.65,85507.28
TXN1529378,CUST15881,10-02-2015,IMPS,PRD0007,Loan Against Property,3369050.43,Internet Banking,West Zone,andhra pradesh,Vijay Kumar,Under Review,IMPS - Loan Against Property - Oct 2015,606429.08,199.75,2762421.6
TXN9658837,CUST49795,06-02-2022,Penalty Charge,PRD0009,Savings Account,2609644.94,  ATM,North Zone,Andhra Pradesh,Lalita Devi,Pending,Penalty Charge - Savings Account - Feb 2022,469736.09,356.08,2139552.77
TXN3311626,CUST82140,23-09-2020,EMI Payment,PRD0010,Fixed Deposit,2746125.84,POS,Central Zone,Odisha,Arun Mehta,Reversed,EMI Payment - Fixed Deposit - Sep 2020,0,0,2745841.24
TXN8737884,CUST39933,29-06-2023,loan disbursal,PRD0011,RECURRING DEPOSIT,4162266.24,NEFT/RTGS,North Zone,Punjab,VIJAY KUMAR,Failed,Loan Disbursal - Recurring Deposit - Jun 2023,749207.92,432.29,3412626.03
TXN9003865,CUST57277,24-Jan-23,Cash Deposit,PRD0003,  Auto Loan,4125075.82,Internet Banking,East Zone,delhi,KAVITHA SUBRAMANIAN,Reversed,Cash Deposit - Savings Account - Jan 2023,742513.65,330.65,3382231.52
TXN2558409,CUST63095,19-02-2024,  UPI,PRD0010,Fixed Deposit,3485710.71,Branch,North Zone,Delhi,Deepa Krishnan,Pending,UPI - Fixed Deposit - Feb 2024,0,171.54,3485539.17
TXN2294021,CUST76935,01-02-2018,  Cash Withdrawal,PRD0005,Education Loan,1171926.7,MOBILE APP,Central Zone,Telangana,Vijay Kumar,Completed,Cash Withdrawal - Education Loan - Sep 2022,0,98.97,1171926.7
TXN5475902,CUST27428,04-07-2020,Penalty Charge,PRD0002,personal loan,1350696.64,phone banking,West Zone,Punjab,Ramesh Yadav,Pending,Penalty Charge - Personal Loan - Oct 2018,243125.4,353.2,1107218.04
TXN3154593,CUST65685,28-12-2021,RTGS,PRD0013,Insurance,1207525.62,Branch,SOUTH ZONE,Karnataka,Meena Iyer,Under Review,RTGS - Insurance - Apr 2018,217354.61,184.67,989986.34
TXN7515361,CUST21359,25-06-2011,Interest Credit,PRD0017,auto loan,4732610.66,phone banking,NORTH ZONE,Madhya Pradesh,Ramesh Yadav,Completed,Interest Credit - Auto Loan - Mar 2013,851869.92,1.84,3880738.9
TXN9187928,CUST77559,23-07-2019,Cash Deposit,PRD0008,Credit Card,4949251.48,Internet Banking,East Zone,Punjab,Amit Patel,Pending,Cash Deposit - Credit Card - Jul 2019,0,391.64,4948859.84
TXN7399076,CUST91167,28-06-2025,EMI Payment,PRD0001,Home Loan,3348881.24,Internet Banking,Central Zone,Delhi,Deepa Krishnan,Failed,EMI Payment - Home Loan - Aug 2011,0,169.35,3348711.89
TXN4199413,CUST90117,31-10-2017,Credit,PRD0017,Auto Loan,4334537.76,Internet Banking,East Zone,West Bengal,SANJAY GUPTA,completed,Credit - Auto Loan - Oct 2017,780216.8,73.1,4334537.76
TXN9249938,CUST42955,01-01-2025,Debit,PRD0008,credit card,192485.21,NEFT/RTGS,north zone,Maharashtra,Priya Nair,Under Review,Debit - Credit Card - Aug 2023,Rs.34647.34,490.54,157347.33
TXN2054204,CUST95403,21-04-2010,Penalty Charge,PRD0009,Savings Account,3688300.08,  Branch,Central Zone,Tamil Nadu,LALITA DEVI,Under Review,Penalty Charge - Savings Account - Aug 2023,663894.01,486,3023920.07
TXN9627442,CUST95892,24-10-2023,Loan Disbursal,PRD0006,Business Loan,2500009.45,Phone Banking,West Zone,Karnataka,Sunita Rao,Failed,Loan Disbursal - Business Loan - Oct 2023,0,402.77,2499606.68
TXN1005928,CUST70562,04-Sep-12,IMPS,PRD0008,Credit Card,3388019.09,ATM,  East Zone,uttar pradesh,Kavitha Subramanian,Under Review,IMPS - Credit Card - Sep 2012,0,44.9,3387974.19
TXN7081752,CUST91289,01-03-2024,  Debit,PRD0010,Fixed Deposit,4801797.43,ATM,NORTH ZONE,Telangana,Sanjay Gupta,Reversed,Debit - Fixed Deposit - Sep 2022,864323.54,173.46,3937300.43
TXN8331635,CUST69892,07-11-2015,transfer,PRD0014,od facility,4932308.67,Phone Banking,North Zone,Gujarat,Rajesh Sharma,Completed,Transfer - OD Facility - Nov 2015,887815.56,116.99,4044376.12
TXN1896414,CUST34420,06-05-2017,Interest Credit,PRD0007,Loan Against Property,2859498.76,POS,South Zone,Uttar Pradesh,DEEPA KRISHNAN,Pending,Interest Credit - Loan Against Property - Jul 2020,514709.78,214.85,2344574.13
TXN1952640,CUST43491,15-08-2016,UPI,PRD0003,  Auto Loan,2009225.91,Internet Banking,South Zone,Rajasthan,Sunita Rao,Completed,UPI - Fixed Deposit - Aug 2016,361660.66,264.7,Rs.1647300.55
TXN8852858,CUST68222,23-12-2012,Debit,PRD0001,Home Loan,3925878.71,neft/rtgs,east zone,Tamil Nadu,Lalita Devi,Under Review,Debit - Home Loan - Dec 2012,706658.17,0,3219192.74
TXN9889733,CUST68222,10-02-2015,Debit,PRD0001,Home Loan,3925878.71,NEFT/RTGS,East Zone,Tamil Nadu,Lalita Devi,Completed,Debit - Home Loan - Dec 2012,706658.17,27.8,3219192.74
TXN8990549,CUST69998,20-12-2011,Cash Deposit,PRD0013,Insurance,3558712.6,Mobile App,South Zone,Haryana,Nitin Joshi,Failed,Cash Deposit - Insurance - Dec 2011,0,0,3558677.28
TXN3606997,CUST59786,02-09-2010,EMI PAYMENT,PRD0004,Gold Loan,3641674.2,Phone Banking,East Zone,Andhra Pradesh,PRIYA NAIR,Under Review,EMI Payment - Gold Loan - Sep 2010,0,125.38,3641548.82
TXN8493147,CUST62312,23-12-2021,UPI,PRD0011,Recurring Deposit,4646055.79,Internet Banking,NORTH ZONE,odisha,Kavitha Subramanian,Failed,UPI - Recurring Deposit - Dec 2021,836290.04,265.14,3809500.61
TXN6943516,CUST79681,23-12-2021,IMPS,PRD0002,Personal Loan,4121977.13,  Mobile App,East Zone,Uttar Pradesh,  Mohan Das,Pending,IMPS - Personal Loan - Dec 2021,741955.88,481.7,3379539.55
TXN6754582,CUST56990,09-04-2019,Loan Disbursal,PRD0011,Recurring Deposit,4895014.1,NEFT/RTGS,North Zone,Telangana,Anita Bose,Reversed,Cash Deposit - Recurring Deposit - Nov 2025,0,8.06,4895006.04
TXN4511531,CUST74174,05-06-2020,NEFT,PRD0012,mutual fund,3797310.38,Branch,West Zone,Tamil Nadu,  Anita Bose,Reversed,NEFT - Mutual Fund - Jun 2020,0,258.38,3797052
TXN5017953,CUST45338,04-08-2013,EMI Payment,PRD0017,Auto Loan,69703.78,Phone Banking,south zone,andhra pradesh,Rajesh Sharma,Completed,EMI Payment - Auto Loan - Aug 2013,12546.68,35.67,57121.43
TXN2399271,CUST77394,11-10-2010,NEFT,PRD0013,Insurance,4711440.04,ATM,West Zone,Andhra Pradesh,Ramesh Yadav,Pending,NEFT - Insurance - Dec 2019,0,253.65,4711186.39
TXN6247984,CUST51311,11-07-2021,Loan Disbursal,PRD0004,  Gold Loan,4208570.03,Mobile App,North Zone,kerala,Amit Patel,Reversed,Loan Disbursal - Gold Loan - Nov 2021,0,387.71,4208570.03
TXN4871460,CUST49838,16-Jul-24,Debit,PRD0006,BUSINESS LOAN,2110889.92,NEFT/RTGS,East Zone,Tamil Nadu,Sanjay Gupta,Under Review,Debit - Business Loan - Jul 2024,379960.19,148.18,1730781.55
TXN7818350,CUST11052,31-10-2020,NEFT,PRD0011,Recurring Deposit,4090205.45,NEFT/RTGS,West Zone,  Maharashtra,Ramesh Yadav,Reversed,NEFT - Recurring Deposit - Oct 2020,0,2.01,4090203.44
TXN3952087,CUST42947,10-03-2011,Cash Deposit,PRD0017,Auto Loan,676084.8,Branch,East Zone,Telangana,Rajesh Sharma,Completed,Cash Deposit - Auto Loan - Feb 2017,121695.26,386.24,554003.3
TXN3463723,CUST30517,15-01-2021,CASH DEPOSIT,PRD0006,Business Loan,2393401.78,POS,West Zone,Uttar Pradesh,Rahul Patel,Reversed,Cash Deposit - Business Loan - Jan 2021,430812.32,361.17,1962228.29
TXN9726765,CUST37110,24-12-2025,Transfer,PRD0014,OD Facility,512751.37,ATM,CENTRAL ZONE,Karnataka,Meena Iyer,Under Review,Transfer - OD Facility - Dec 2025,92295.25,7.26,512751.37
TXN1087613,CUST21728,11-05-2015,NEFT,PRD0011,Recurring Deposit,4001917.84,Internet Banking,South Zone,  Maharashtra,Amit Patel,Failed,NEFT - Recurring Deposit - May 2015,0,151.71,4001766.13
TXN9458736,CUST40345,06-10-2016,  NEFT,PRD0006,Business Loan,1161570.17,NEFT/RTGS,South Zone,Kerala,Sanjay Gupta,SUCCESS,NEFT - Business Loan - Oct 2016,0,Rs.168.28,1161401.89
TXN3890014,CUST97151,13-06-2012,RTGS,PRD0003,  Auto Loan,766871.77,POS,East Zone,Kerala,Anita Bose,Completed,RTGS - Recurring Deposit - Jun 2012,0,134.58,766737.19
TXN6989653,CUST59528,23-06-2020,credit,PRD0009,savings account,4666488.04,POS,East Zone,Delhi,Anita Bose,Completed,Credit - Savings Account - Jun 2020,839967.85,220.66,3826299.53
TXN5685133,CUST74828,17-04-2017,Penalty Charge,PRD0002,Personal Loan,2666399.9,  Mobile App,  North Zone,Delhi,Arun Mehta,Reversed,Penalty Charge - Personal Loan - Dec 2017,479951.98,433.64,2666399.9
TXN5619320,CUST69839,24-03-2014,Penalty Charge,PRD0007,LOAN AGAINST PROPERTY,2157462.12,POS,Central Zone,Kerala,Vijay Kumar,Failed,Penalty Charge - Loan Against Property - Jul 2017,388343.18,234.59,1768884.35
TXN6756249,CUST86344,11-10-2021,Interest Credit,PRD0003,  Auto Loan,3481956.33,Internet Banking,South Zone,Telangana,Anita Bose,Under Review,RTGS - Auto Loan - Nov 2021,0,364.75,3481591.58
TXN9428425,CUST18807,14-07-2018,Loan Disbursal,PRD0006,Business Loan,Rs.3248470.02,ATM,SOUTH ZONE,Tamil Nadu,Vijay Kumar,Completed,Loan Disbursal - Business Loan - Apr 2015,0,358.38,3248111.64
TXN3140487,CUST26187,26-01-2022,Cash Deposit,PRD0005,Education Loan,3167939.45,POS,  North Zone,tamil nadu,Lalita Devi,Pending,Cash Deposit - Education Loan - Nov 2016,0,177.87,3167761.58
TXN9811915,CUST97852,09-03-2021,credit,PRD0017,Auto Loan,4482168.52,Branch,West Zone,Gujarat,Nitin Joshi,Under Review,Credit - Auto Loan - Jun 2016,806790.33,188.39,3675189.8
TXN2585554,CUST50037,30-09-2013,loan disbursal,PRD0004,Gold Loan,998950.13,PHONE BANKING,EAST ZONE,Haryana,Amit Patel,Completed,Loan Disbursal - Gold Loan - Dec 2011,0,310.8,998639.33
TXN9591754,CUST45989,30-03-2015,neft,PRD0004,Gold Loan,2879674.57,Phone Banking,East Zone,Maharashtra,Rajesh Sharma,Pending,NEFT - Gold Loan - Sep 2010,518341.42,436.49,2360896.66
TXN8513494,CUST90868,20-11-2018,transfer,PRD0013,Insurance,4408799.19,POS,west zone,Andhra Pradesh,Sunita Rao,Pending,Transfer - Insurance - Nov 2018,0,82.11,4408717.08
TXN7014697,CUST58931,02-03-2019,Cash Withdrawal,PRD0004,Gold Loan,4714016.35,POS,NORTH ZONE,Karnataka,deepa krishnan,Failed,Cash Withdrawal - Gold Loan - Mar 2019,0,77.08,3865416.33
TXN1411958,CUST34673,06-08-2019,Credit,PRD0004,GOLD LOAN,1441091.89,Branch,North Zone,Maharashtra,Amit Patel,Reversed,Credit - Gold Loan - Aug 2019,259396.54,190.85,1181504.5
TXN3465389,CUST64446,21-04-2010,IMPS,PRD0014,OD Facility,3465397.06,NEFT/RTGS,Central Zone,Kerala,Vijay Kumar,COMPLETED,IMPS - OD Facility - Jul 2020,0,101.57,3465295.49
TXN5293651,CUST49708,06-02-2015,LOAN DISBURSAL,PRD0002,Personal Loan,1748522.72,ATM,East Zone,Uttar Pradesh,Sanjay Gupta,Failed,Loan Disbursal - Personal Loan - Feb 2015,314734.09,80.31,1433708.32
TXN7744795,CUST39912,12-09-2010,IMPS,PRD0003,  Auto Loan,521460.66,Mobile App,Central Zone,Andhra Pradesh,LALITA DEVI,Reversed,IMPS - Fixed Deposit - Dec 2010,0,412.19,521048.47
TXN9079244,CUST93478,19-09-2015,  RTGS,PRD0002,PERSONAL LOAN,2053569.04,NEFT/RTGS,East Zone,ANDHRA PRADESH,amit patel,Pending,RTGS - Personal Loan - Nov 2016,369642.43,231.76,1683694.85
TXN9200906,CUST22050,08-09-2016,Penalty Charge,PRD0008,Credit Card,255047.93,  NEFT/RTGS,West Zone,Gujarat,Mohan Das,Reversed,Penalty Charge - Credit Card - Aug 2016,45908.63,498.27,208641.03
TXN4785720,CUST38748,09-04-2019,NEFT,PRD0008,CREDIT CARD,2377663.54,internet banking,North Zone,Tamil Nadu,LALITA DEVI,Failed,NEFT - Credit Card - Apr 2021,0,226.33,1949457.77
TXN5406726,CUST80047,26-06-2024,EMI Payment,PRD0001,Home Loan,Rs.3279190.2,Phone Banking,East Zone,Maharashtra,suresh iyer,Under Review,EMI Payment - Home Loan - Mar 2016,590254.24,473.17,2688462.79
TXN3981003,CUST96363,23-01-2021,cash deposit,PRD0002,Personal Loan,4517140.53,phone banking,South Zone,  Telangana,Mohan Das,Under Review,Cash Deposit - Personal Loan - Jan 2021,813085.3,123.55,3703931.68
TXN8752547,CUST68837,04-08-2018,Transfer,PRD0004,Gold Loan,1867880.61,Phone Banking,West Zone,Punjab,AMIT PATEL,Pending,Transfer - Gold Loan - Aug 2018,336218.51,437.81,1531224.29
TXN5053986,CUST94489,02-10-2010,Debit,PRD0075,  Education Loan,4511620.68,Mobile App,West Zone,Rajasthan,Rajesh Sharma,Under Review,Debit - Education Loan - Feb 2010,812091.72,479.37,3699049.59
TXN5737870,CUST27295,18-07-2014,Debit,PRD0003,  Auto Loan,3098992.61,ATM,North Zone,tamil nadu,Vijay Kumar,Pending,Debit - Auto Loan - Jul 2014,557818.67,87.12,2541086.82
TXN3173566,CUST49703,26-Nov-23,Loan Disbursal,PRD0005,Education Loan,3863409.65,Mobile App,East Zone,Maharashtra,priya nair,completed,Loan Disbursal - Education Loan - Nov 2023,695413.74,294.61,3167701.3
TXN4774924,CUST61697,26-Mar-23,Credit,PRD0008,Credit Card,3935211.51,POS,South Zone,  Maharashtra,Sanjay Gupta,Pending ,Credit - Credit Card - Mar 2023,0,164.11,3935047.4
TXN9290944,CUST70562,04-05-2025,RTGS,PRD0006,Business Loan,994726.44,NEFT/RTGS,Central Zone,West Bengal,Nitin Joshi,Failed,RTGS - Business Loan - May 2025,179050.76,478.37,815197.31
TXN4928388,CUST78742,01-Nov-15,RTGS,PRD0008,Credit Card,689603.84,Mobile App,West Zone,andhra pradesh,vijay kumar,Reversed,RTGS - Credit Card - Nov 2015,124128.69,377.02,565098.13
TXN7745653,CUST42947,10-03-2011,Interest Credit,PRD0004,GOLD LOAN,4696730.09,mobile app,West Zone,Madhya Pradesh,Anita Bose,Reversed,Interest Credit - Gold Loan - Sep 2016,845411.42,169.16,3851149.51
TXN4090497,CUST50037,13-Apr-14,UPI,PRD0007,Loan Against Property,Rs.1028205.4,Mobile App,SOUTH ZONE,andhra pradesh,Lalita Devi,Pending,UPI - Loan Against Property - Apr 2014,257033.32,9.36,1170920.22
TXN2342457,CUST23614,03-03-2021,Credit,PRD0011,Recurring Deposit,3862338.96,Phone Banking,East Zone,Kerala,Ramesh Yadav,Under Review,Credit - Recurring Deposit - Mar 2021,695221.01,0,3166711.68
TXN2173971,CUST60934,07-12-2018,Transfer,PRD0006,Business Loan,2878929.98,Branch,CENTRAL ZONE,Punjab,Mohan Das,Pending,Transfer - Business Loan - Dec 2018,0,291.52,2878638.46
TXN9079675,CUST60934,17-09-2016,Transfer,PRD0006,Business Loan,2878929.98,Branch,East Zone,Punjab,Mohan Das,Completed,Transfer - Business Loan - Dec 2018,0,291.52,2878638.46
TXN4130515,CUST84341,15-Dec-21,  Penalty Charge,PRD0011,Recurring Deposit,2322814.85,Mobile App,North Zone,Delhi,Lalita Devi,Failed,Penalty Charge - Recurring Deposit - Dec 2021,0,430.92,2322383.93
TXN7604214,CUST49703,05-04-2022,Credit,PRD0008,Credit Card,4461785.15,internet banking,West Zone,GUJARAT,MOHAN DAS,Failed,Credit - Credit Card - Apr 2022,803121.33,393.55,Rs.3658270.27
TXN3054787,CUST72505,08-04-2021,EMI Payment,PRD0008,Credit Card,2315192.64,POS,Central Zone,UTTAR PRADESH,Mohan Das,Under Review,EMI Payment - Credit Card - Apr 2021,0,352.85,2314839.79
TXN4397273,CUST91922,01-03-2016,Cash Withdrawal,PRD0001,HOME LOAN,3997029.78,  Phone Banking,North Zone,Maharashtra,sunita nair,Under Review,Cash Withdrawal - Home Loan - Mar 2016,719465.36,302.91,3997029.78
TXN7603850,CUST30730,17-09-2020,Transfer,PRD0004,gold loan,1391274.89,Phone Banking,EAST ZONE,haryana,Mohan Das,Completed,Transfer - Gold Loan - Sep 2020,250429.48,86.54,1140758.87
TXN8492215,CUST61721,24-08-2023,Debit,PRD0002,Personal Loan,1747299.96,POS,North Zone,Telangana,LALITA DEVI,Completed,Debit - Personal Loan - Aug 2025,314513.99,389.14,1432396.83
TXN3166559,CUST20874,01-Dec-25,Debit,PRD0010,Fixed Deposit,3780293.11,POS,North Zone,KERALA,SUNITA RAO,Pending,Debit - Fixed Deposit - Dec 2025,0,306.78,3779986.33
TXN6089723,CUST70810,27-Aug-22,CASH WITHDRAWAL,PRD0004,Gold Loan,2598148.45,NEFT/RTGS,central zone,Gujarat,Deepa Krishnan,Pending,Cash Withdrawal - Gold Loan - Aug 2022,467666.72,18.56,2130463.17
TXN1814404,CUST70810,24-05-2011,  NEFT,PRD0013,Insurance,568887.18,neft/rtgs,EAST ZONE,Karnataka,Deepa Krishnan,Failed,NEFT - Insurance - May 2011,0,0,568773.29
TXN2674720,CUST39762,05-07-2018,  Cash Withdrawal,PRD0007,loan against property,Rs.1028205.4,Mobile App,  South Zone,telangana,Priya Nair,Pending,Cash Withdrawal - Loan Against Property - Jul 2018,0,144.45,2798411.09
TXN9698904,CUST50888,13-Aug-23,UPI,PRD0006,  Business Loan,2795767.7,Phone Banking,EAST ZONE,TELANGANA,Priya Nair,Pending,UPI - Business Loan - Aug 2023,0,7,2795760.7
TXN9180434,CUST19952,22-03-2024,NEFT,PRD0006,business loan,3566142.96,Phone Banking,WEST ZONE,Telangana,Divya Iyer,Under Review,NEFT - Business Loan - Mar 2024,0,369.48,2923867.75
TXN2155443,CUST86273,09-Sep-17,RTGS,PRD0017,Auto Loan,3289152.27,Branch,East Zone,  Kerala,  Lalita Devi,Failed,RTGS - Auto Loan - Sep 2017,0,0,3289015.21
TXN2560013,CUST86273,01-02-2012,RTGS,PRD0017,Auto Loan,3289152.27,Branch,East Zone,Kerala,Lalita Devi,Completed,RTGS - Auto Loan - Sep 2017,0,137.06,3289015.21
TXN2147720,CUST86273,11-02-2022,UPI,PRD0001,Home Loan,1982413.45,ATM,WEST ZONE,Haryana,Deepa Krishnan,Completed,UPI - Home Loan - Feb 2022,0,223.54,1982189.91
TXN9612346,CUST84455,30-Mar-19,UPI,PRD0010,Fixed Deposit,4742425.44,NEFT/RTGS,Central Zone,Madhya Pradesh,Deepa Krishnan,Under Review,UPI - Fixed Deposit - Mar 2019,853636.58,375.17,3888413.69
TXN7879819,CUST89098,01-05-2015,Debit,PRD0009,Savings Account,Rs.1028205.4,POS,East Zone,West Bengal,Ramesh Yadav,Under Review,Debit - Savings Account - May 2015,576503.01,312.6,2625978.91
TXN2973991,CUST91922,22-10-2022,neft,PRD0005,Education Loan,3534429.55,Phone Banking,West Zone,Andhra Pradesh,Sanjay Gupta,Reversed,NEFT - Education Loan - Feb 2024,636197.32,428.75,2897803.48
TXN2231880,CUST23159,28-Jun-22,RTGS,PRD0010,Fixed Deposit,1190504.4,ATM,South Zone,Madhya Pradesh,ARUN MEHTA,Under Review,RTGS - Fixed Deposit - Jun 2022,0,452.81,1190051.59
TXN1279235,CUST13847,20-03-2022,UPI,PRD0006,BUSINESS LOAN,2732434.52,Mobile App,South Zone,West Bengal,Kavitha Subramanian,Under Review,UPI - Business Loan - Apr 2025,491838.21,411.71,2240184.6
TXN4262180,CUST42662,10-11-2022,UPI,PRD0012,Mutual Fund,3481774.81,INTERNET BANKING,North Zone,Telangana,Anita Bose,Pending,UPI - Mutual Fund - Oct 2022,626719.47,450.43,2854604.91
TXN3615427,CUST84341,23-03-2025,Credit,PRD0010,Fixed Deposit,4711499.84,ATM,East Zone,Madhya Pradesh,Mohan Das,Failed,Credit - Fixed Deposit - May 2011,0,411.72,4711088.12
TXN8438835,CUST50812,07-02-2015,IMPS,PRD0013,Insurance,4993593.45,Phone Banking,West Zone,haryana,sanjay gupta,SUCCESS,IMPS - Insurance - Apr 2016,898846.82,183.61,4094563.02
TXN6777319,CUST51032,30-03-2015,Credit,PRD0009,Savings Account,1687606.75,Branch,NORTH ZONE,Tamil Nadu,Kavitha Subramanian,SUCCESS,Credit - Savings Account - Jun 2019,303769.21,492.25,1383345.29
TXN6896597,CUST79228,31-05-2018,upi,PRD0009,Savings Account,4257119.71,POS,north zone,Karnataka,Nitin Joshi,Pending,UPI - Savings Account - May 2018,0,308.41,4256811.3
TXN2778142,CUST77394,06-01-2011,Debit,PRD0017,Auto Loan,445074.61,Phone Banking,North Zone,haryana,MOHAN DAS,Pending,Debit - Auto Loan - Jan 2011,80113.43,0,364782.06
TXN3072685,CUST23582,11-07-2020,EMI Payment,PRD0008,Credit Card,2343941.12,Phone Banking,North Zone,Rajasthan,  Deepa Krishnan,Reversed,EMI Payment - Credit Card - Jul 2020,0,217.55,2343723.57
TXN4635415,CUST40427,02-12-2022,  Cash Deposit,PRD0012,Mutual Fund,2128406.4,NEFT/RTGS,SOUTH ZONE,Maharashtra,Amit Patel,Under Review,Cash Deposit - Mutual Fund - Feb 2022,383113.15,147.68,Rs.1745145.57
TXN7721915,CUST73505,30-06-2015,CASH DEPOSIT,PRD0008,Credit Card,2430517.82,Branch,North Zone,Kerala,Amit Patel,Completed,Debit - Credit Card - Jun 2015,437493.21,480.82,1992543.79
TXN7220710,CUST25461,29-Oct-17,Interest Credit,PRD0012,MUTUAL FUND,3281668.81,phone banking,Central Zone,Andhra Pradesh,rahul sharma,Completed,Interest Credit - Mutual Fund - Oct 2017,590700.39,32.92,2690935.5
TXN1456338,CUST23751,12-08-2012,Credit,PRD0014,OD Facility,4576335.39,  ATM,Central Zone,Kerala,Sanjay Gupta,Failed,Credit - OD Facility - Aug 2012,823740.37,148.87,3752446.15
TXN8831653,CUST28117,18-12-2013,loan disbursal,PRD0003,  Auto Loan,215407.5,Mobile App,SOUTH ZONE,Delhi,Amit Patel,Pending,Loan Disbursal - Auto Loan - Dec 2013,0,336.95,176297.2
TXN8881187,CUST28322,09-Mar-12,CASH WITHDRAWAL,PRD0017,Auto Loan,2905727.21,NEFT/RTGS,west zone,West Bengal,Anita Bose,Under Review,Transfer - Auto Loan - Mar 2012,0,415.74,2382280.57
TXN5739193,CUST71952,23-02-2020,Loan Disbursal,PRD0014,od facility,2836364.45,NEFT/RTGS,East Zone,KERALA,LALITA DEVI,Completed,Loan Disbursal - OD Facility - Feb 2020,0,387.35,2325431.5
TXN7353743,CUST74990,21-12-2025,CREDIT,PRD0003,  Auto Loan,864241.32,Internet Banking,Central Zone,Karnataka,  Ramesh Yadav,Completed,Credit - Business Loan - Dec 2025,155563.44,403.73,708274.15
TXN9593281,CUST66371,15-09-2014,Interest Credit,PRD0007,LOAN AGAINST PROPERTY,1668014.51,  Phone Banking,Central Zone,UTTAR PRADESH,  Nitin Joshi,Pending,Interest Credit - Loan Against Property - Sep 2012,0,291.72,1667722.79
TXN1532363,CUST33094,22-08-2025,Debit,PRD0004,gold loan,624835.58,Branch,North Zone,Maharashtra,Sanjay Gupta,Completed,Debit - Gold Loan - Mar 2022,112470.4,461.96,511903.22
TXN3763482,CUST33094,25-Mar-22,Debit,PRD0004,Gold Loan,624835.58,Branch,North Zone,Maharashtra,Sanjay Gupta,Completed,Debit - Gold Loan - Mar 2022,112470.4,461.96,511903.22
TXN8843387,CUST40516,10-03-2011,Penalty Charge,PRD0017,Auto Loan,1848367.92,  Branch,West Zone,Telangana,Priya Nair,Under Review,Penalty Charge - Auto Loan - Aug 2019,332706.23,8.58,1515653.11
TXN6481897,CUST34600,25-06-2020,Cash Withdrawal,PRD0008,Credit Card,496762.24,POS,South Zone,KERALA,sanjay gupta,Pending,Cash Withdrawal - Credit Card - Feb 2015,0,54.07,496708.17
TXN8087989,CUST34323,02-01-2025,EMI Payment,PRD0010,fixed deposit,4962674.97,NEFT/RTGS,East Zone,Karnataka,Vijay Kumar,Failed,EMI Payment - Fixed Deposit - Feb 2025,0,242.06,4962432.91
TXN1278306,CUST38818,06-05-2012,EMI Payment,PRD0014,OD Facility,2454291.06,Mobile App,East Zone,Karnataka,Mohan Das,Completed,EMI Payment - OD Facility - Jun 2012,0,20.72,2454270.34
TXN8169518,CUST83399,08-02-2022,Credit,PRD0006,BUSINESS LOAN,4629329.71,Internet Banking,South Zone,Haryana,MOHAN DAS,Reversed,Credit - Business Loan - Nov 2010,833279.35,222.32,3795828.04
TXN8137563,CUST27705,07-11-2013,RTGS,PRD0012,Mutual Fund,626872.54,Phone Banking,West Zone,West Bengal,SUNITA RAO,Under Review,RTGS - Mutual Fund - Sep 2014,0,Rs.254.31,626618.23
TXN4034684,CUST63668,17-Nov-23,neft,PRD0012,Mutual Fund,Rs.2679449.84,POS,east zone,Rajasthan,Amit Patel,Pending,NEFT - Mutual Fund - Nov 2023,482300.97,379.62,Rs.2196769.25
TXN6245230,CUST82357,04-01-2024,  Loan Disbursal,PRD0001,home loan,1382673.07,Internet Banking,West Zone,Gujarat,Sanjay Gupta,Completed,Loan Disbursal - Home Loan - Jan 2024,248881.15,275.55,1382673.07
TXN3717344,CUST62989,13-Nov-24,Cash Withdrawal,PRD0007,Loan Against Property,3810056.28,Mobile App,west zone,KERALA,Anita Bose,Reversed,Cash Withdrawal - Loan Against Property - Nov 2024,0,212.34,3809843.94
TXN2358027,CUST43408,05-03-2019,EMI PAYMENT,PRD0012,Mutual Fund,2381499.17,BRANCH,North Zone,Uttar Pradesh,Vijay Kumar,Failed,EMI Payment - Mutual Fund - May 2019,428669.85,133.22,1952696.1
TXN3739144,CUST64746,22-01-2010,Interest Credit,PRD0014,OD Facility,667526.32,NEFT/RTGS,South Zone,West Bengal,Arun Mehta,Pending,Interest Credit - OD Facility - Jan 2010,120154.74,430.41,546941.17
TXN4546638,CUST33094,22-08-2025,  Loan Disbursal,PRD0001,home loan,Rs.3037339.26,Branch,South Zone,Tamil Nadu,Sunita Rao,Pending,Loan Disbursal - Home Loan - Sep 2014,546721.07,376.62,2490241.57
TXN2915312,CUST74174,03-11-2023,IMPS,PRD0004,Gold Loan,Rs.4937337.76,internet banking,West Zone,Tamil Nadu,VIJAY KUMAR,Reversed,IMPS - Gold Loan - Aug 2019,0,163.33,4937174.43
TXN8786115,CUST90868,05-05-2025,Interest Credit,PRD0003,  Auto Loan,2890921.43,  ATM,NORTH ZONE,Karnataka,Kavitha Subramanian,Failed,Interest Credit - Home Loan - May 2025,520365.86,0,2370490.09
TXN4731669,CUST87165,13-08-2022,DEBIT,PRD0001,Home Loan,652734.5,NEFT/RTGS,CENTRAL ZONE,West Bengal,lalita devi,Failed,Debit - Home Loan - Aug 2022,117492.21,239.42,535002.87
TXN8715400,CUST65518,16-08-2011,NEFT,PRD0013,Insurance,71125.47,NEFT/RTGS,North Zone,WEST BENGAL,priya nair,Reversed,NEFT - Insurance - Aug 2011,12802.58,336.73,57986.16
TXN6923761,CUST86619,14-07-2018,Cash Withdrawal,PRD0001,Home Loan,3969366.66,NEFT/RTGS,South Zone,Odisha,rajesh sharma,COMPLETED,Cash Withdrawal - Home Loan - May 2025,714486,0,3254532.37
TXN6346556,CUST80972,23-Dec-21,upi,PRD0012,Mutual Fund,2301643.66,Branch,East Zone,WEST BENGAL,  Rajesh Sharma,Pending,UPI - Mutual Fund - Dec 2021,0,474.23,2301169.43
TXN8939045,CUST20357,22-10-2022,Penalty Charge,PRD0006,Business Loan,2302367.44,  ATM,South Zone,Telangana,  Anita Bose,Reversed,Penalty Charge - Business Loan - Apr 2019,414426.14,31.29,1887910.01
TXN2903680,CUST13779,30-May-21,Interest Credit,PRD0004,  Gold Loan,Rs.3754224.37,POS,South Zone,West Bengal,Vijay Kumar,Failed,Interest Credit - Gold Loan - May 2021,675760.39,54.55,3078409.43
TXN8660321,CUST50988,07-06-2023,RTGS,PRD0001,Home Loan,3956506.03,Internet Banking,East Zone,Telangana,Rajesh Sharma,COMPLETED,RTGS - Home Loan - Sep 2021,712171.09,194.04,3244140.9
TXN6335817,CUST50988,07-06-2023,RTGS,PRD0001,Home Loan,3956506.03,Internet Banking,East Zone,Telangana,Rajesh Sharma,Completed,RTGS - Home Loan - Sep 2021,712171.09,194.04,3244140.9
TXN7933863,CUST19952,04-10-2012,UPI,PRD0010,fixed deposit,4138348.51,NEFT/RTGS,SOUTH ZONE,Tamil Nadu,Deepa Krishnan,Completed,UPI - Fixed Deposit - Oct 2012,0,230.59,4138117.92
TXN7989185,CUST17179,21-02-2020,  IMPS,PRD0003,  Auto Loan,4366560.04,Mobile App,Central Zone,Maharashtra,Deepa Krishnan,Pending,IMPS - Loan Against Property - Feb 2020,0,448.78,4366111.26
TXN2899165,CUST94018,05-12-2016,RTGS,PRD0005,Education Loan,4986736.99,NEFT/RTGS,east zone,Kerala,Nitin Joshi,Pending ,RTGS - Education Loan - Dec 2016,0,298.08,4986438.91
TXN2620447,CUST40345,27-11-2019,  Loan Disbursal,PRD0010,Fixed Deposit,4418829.84,Mobile App,North Zone,  Punjab,nitin joshi,Pending,Loan Disbursal - Fixed Deposit - Nov 2019,795389.37,262.66,3623177.81
TXN3800413,CUST10820,26-02-2016,UPI,PRD0007,Loan Against Property,3708277.66,NEFT/RTGS,Central Zone,Gujarat,  Rajesh Sharma,Pending,UPI - Loan Against Property - Feb 2016,667489.98,0,3040698.73
TXN3890192,CUST43357,11-02-2012,cash deposit,PRD0009,Savings Account,932334.71,NEFT/RTGS,Central Zone,Madhya Pradesh,Sanjay Gupta,Failed,Cash Deposit - Savings Account - Nov 2012,167820.25,420.87,764093.59
TXN8311198,CUST66349,06-03-2012,EMI Payment,PRD0009,Savings Account,2103957.96,POS,North Zone,Tamil Nadu,Sunita Rao,Pending,EMI Payment - Savings Account - Feb 2023,0,194.47,2103763.49
TXN9367309,CUST74724,10-09-2011,IMPS,PRD0013,Insurance,2813010.49,  NEFT/RTGS,east zone,haryana,Mohan Das,Under Review,IMPS - Insurance - Jan 2012,506341.89,137.88,2306530.72
TXN2708569,CUST59054,10-Jan-11,  Interest Credit,PRD0014,OD Facility,4023436.28,POS,North Zone,TELANGANA,Sanjay Gupta,Completed,Interest Credit - OD Facility - Jan 2011,0,1.32,4023434.96
TXN3217223,CUST13906,20-Mar-11,Loan Disbursal,PRD0011,Recurring Deposit,1952089.82,Branch,East Zone,Uttar Pradesh,Arun Mehta,Completed,Loan Disbursal - Recurring Deposit - Mar 2011,351376.17,46.03,1600667.62
TXN8906975,CUST50166,15-06-2015,UPI,PRD0001,Home Loan,1341669.38,  ATM,West Zone,Maharashtra,Arun Mehta,Completed,UPI - Home Loan - Jun 2015,241500.49,369.33,1099799.56
TXN7052904,CUST60096,17-10-2020,debit,PRD0014,OD Facility,1469863.18,Mobile App,Central Zone,Kerala,  Arun Mehta,Reversed,Debit - OD Facility - Oct 2020,264575.37,58.08,1205229.73
TXN5871780,CUST93472,08-08-2017,EMI Payment,PRD0010,FIXED DEPOSIT,1220306.71,MOBILE APP,East Zone,TAMIL NADU,ARUN MEHTA,Pending,EMI Payment - Fixed Deposit - Aug 2017,219655.21,33.33,1000618.17
TXN1502003,CUST93472,30-03-2015,EMI Payment,PRD0010,Fixed Deposit,1220306.71,Mobile App,East Zone,Tamil Nadu,Arun Mehta,Completed,EMI Payment - Fixed Deposit - Aug 2017,219655.21,33.33,1000618.17
TXN7850563,CUST50988,29-07-2010,Interest Credit,PRD0012,Mutual Fund,1847708.12,ATM,south zone,Gujarat,Arun Mehta,Under Review,Interest Credit - Mutual Fund - Jul 2010,332587.46,246.99,1847708.12
TXN5259574,CUST63848,30-03-2015,Transfer,PRD0007,Loan Against Property,3143294.88,Mobile App,North Zone,HARYANA,Vijay Kumar,Completed,Transfer - Loan Against Property - Jan 2025,0,Rs.48.24,3143246.64
TXN4594713,CUST64396,17-09-2016,UPI,PRD0002,Personal Loan,4122560.07,Phone Banking,SOUTH ZONE,Telangana,Nitin Joshi,Pending,UPI - Personal Loan - Dec 2025,0,241.49,4122318.58
TXN6570643,CUST83989,14-09-2012,Cash Withdrawal,PRD0012,MUTUAL FUND,2005421.91,ATM,South Zone,Andhra Pradesh,Vijay Kumar,Pending,Cash Withdrawal - Mutual Fund - Jan 2019,360975.94,55.56,1644390.41
TXN2298930,CUST92203,04-Nov-10,UPI,PRD0001,Home Loan,2430459.07,  ATM,North Zone,Tamil Nadu,Mohan Das,Failed,UPI - Home Loan - Nov 2010,437482.63,43.34,1992933.1
TXN8960261,CUST57277,07-03-2017,Interest Credit,PRD0005,Education Loan,1419661.62,POS,West Zone,DELHI,Vijay Kumar,Reversed,Interest Credit - Education Loan - Mar 2017,0,238.8,1419422.82
TXN6064814,CUST64396,17-09-2016,loan disbursal,PRD0010,Fixed Deposit,4651290.43,NEFT/RTGS,Central Zone,Uttar Pradesh,Anita Bose,Completed,Loan Disbursal - Fixed Deposit - Jul 2017,837232.28,20.57,3814037.58
TXN4349294,CUST64396,22-07-2017,Loan Disbursal,PRD0010,Fixed Deposit,4651290.43,NEFT/RTGS,Central Zone,Uttar Pradesh,Anita Bose,Completed,Loan Disbursal - Fixed Deposit - Jul 2017,837232.28,20.57,3814037.58
TXN3562878,CUST77559,05-04-2016,EMI Payment,PRD0001,Home Loan,316880.15,Internet Banking,East Zone,West Bengal,Rajesh Sharma,Under Review,EMI Payment - Home Loan - Apr 2016,57038.43,18.6,Rs.259823.12
TXN6496732,CUST39710,17-Nov-17,Cash Deposit,PRD0014,OD Facility,2320281.5,POS,Central Zone,haryana,ANITA BOSE,Completed,Cash Deposit - OD Facility - Nov 2017,0,188.4,2320093.1
TXN7671259,CUST74437,08-Apr-14,Loan Disbursal,PRD0017,Auto Loan,143138.87,ATM,North Zone,Delhi,Lalita Devi,Failed,Loan Disbursal - Auto Loan - Apr 2014,0,287.23,142851.64
TXN4492079,CUST76787,15-10-2025,Cash Withdrawal,PRD0010,fixed deposit,3477943.35,POS,East Zone,Madhya Pradesh,Nitin Joshi,Completed,Cash Withdrawal - Fixed Deposit - Oct 2025,626029.8,327.51,2851586.04
TXN1403964,CUST84130,05-04-2018,debit,PRD0002,personal loan,478198.81,Branch,West Zone,HARYANA,Lalita Devi,failed,Debit - Personal Loan - May 2018,0,417.84,477780.97
TXN7971200,CUST52550,11-07-2018,RTGS,PRD0017,Auto Loan,1760323.65,POS,South Zone,GUJARAT,mohan das,Completed,RTGS - Auto Loan - Jul 2018,316858.26,0,1443268.27
TXN4453603,CUST52550,07-11-2018,RTGS,PRD0017,Auto Loan,1760323.65,POS,South Zone,Gujarat,Mohan Das,Completed,RTGS - Auto Loan - Jul 2018,316858.26,197.12,1443268.27
TXN3713940,CUST74437,14-03-2022,Debit,PRD0013,Insurance,398022.51,ATM,Central Zone,West Bengal,Ramesh Yadav,Failed,Debit - Insurance - Mar 2022,0,155.52,397866.99
TXN3592606,CUST26936,17-05-2025,RTGS,PRD0006,business loan,3411151.32,NEFT/RTGS,West Zone,Haryana,Amit Patel,Under Review,RTGS - Business Loan - Dec 2010,0,214.01,3410937.31
TXN1223755,CUST50037,01-07-2018,Transfer,PRD0011,Recurring Deposit,1785646.7,  Mobile App,South Zone,Rajasthan,arun mehta,Pending,Transfer - Recurring Deposit - Jul 2018,321416.41,436.64,1463793.65
TXN4618609,CUST64446,21-04-2010,Cash Deposit,PRD0005,Education Loan,1403129.12,atm,West Zone,West Bengal,Nitin Joshi,Under Review,Cash Deposit - Education Loan - Feb 2012,0,212.79,1402916.33
TXN4477962,CUST22050,24-08-2023,NEFT,PRD0012,Mutual Fund,2120263.02,Mobile App,SOUTH ZONE,Madhya Pradesh,Arun Mehta,Pending,NEFT - Mutual Fund - Jan 2023,381647.34,351.11,1738264.57
TXN2738569,CUST48063,03-05-2014,Penalty Charge,PRD0006,Business Loan,1574800.31,Phone Banking,East Zone,Uttar Pradesh,Nitin Joshi,Pending,Penalty Charge - Business Loan - Mar 2014,283464.06,313.5,1291022.75
TXN5145304,CUST41925,17-12-2022,IMPS,PRD0001,Home Loan,917724.52,NEFT/RTGS,CENTRAL ZONE,ODISHA,Sanjay Gupta,Completed,IMPS - Home Loan - Dec 2022,165190.41,36.91,752497.2
TXN9175989,CUST16880,03-06-2015,Loan Disbursal,PRD0005,Education Loan,2014040.06,  Branch,East Zone,Delhi,MEENA IYER,Pending,Interest Credit - Education Loan - Aug 2021,362527.21,354.6,1651158.25
TXN2716268,CUST33562,17-04-2017,Penalty Charge,PRD0001,Home Loan,1755925.61,branch,West Zone,Karnataka,Nitin Joshi,failed,Penalty Charge - Home Loan - Aug 2020,316066.61,97.69,1439761.31
TXN2361083,CUST14555,03-01-2010,  Cash Withdrawal,PRD0008,Credit Card,426997.01,ATM,Central Zone,Kerala,arun mehta,Failed,Cash Withdrawal - Credit Card - Jan 2010,0,219.19,426777.82
TXN4431583,CUST15881,03-May-22,Cash Withdrawal,PRD0017,AUTO LOAN,Rs.3944692.89,ATM,Central Zone,Haryana,arun mehta,Completed,Cash Withdrawal - Auto Loan - May 2022,710044.72,155.57,Rs.3234492.6
TXN5039473,CUST98502,10-06-2013,Cash Deposit,PRD0010,Fixed Deposit,281649.6,Branch,West Zone,  Tamil Nadu,Lalita Devi,Failed,Cash Deposit - Fixed Deposit - Jun 2013,0,Rs.411.24,281238.36
TXN7015329,CUST72394,18-03-2012,IMPS,PRD0014,OD Facility,453461.4,Phone Banking,North Zone,West Bengal,Mohan Das,Pending,IMPS - OD Facility - Nov 2022,81623.05,472.78,371365.57
TXN7787073,CUST35652,25-09-2024,  Cash Deposit,PRD0001,Home Loan,Rs.1028205.4,Branch,North Zone,UTTAR PRADESH,Rajesh Sharma,Pending,Cash Deposit - Home Loan - Sep 2024,0,86.89,3162014.72
TXN9094783,CUST73156,08-02-2022,NEFT,PRD0009,SAVINGS ACCOUNT,4148130.84,neft/rtgs,North Zone,TAMIL NADU,Rajesh Sharma,Under Review,NEFT - Savings Account - Nov 2019,746663.55,13.53,3401453.76
TXN9535923,CUST45338,04-08-2013,RTGS,PRD0012,Mutual Fund,862157.73,Branch,East Zone,Delhi,Priya Nair,Failed,RTGS - Mutual Fund - Apr 2013,155188.39,167,706802.34
TXN6107124,CUST50378,12-04-2015,Transfer,PRD0010,Fixed Deposit,4740466.4,NEFT/RTGS,Central Zone,madhya pradesh,Sanjay Gupta,Pending,Transfer - Fixed Deposit - Apr 2015,853283.95,0,3887008.53
TXN1390814,CUST61964,06-08-2021,Cash Withdrawal,PRD0010,fixed deposit,3472514.47,Mobile App,south zone,Delhi,Arun Mehta,Completed,Cash Withdrawal - Fixed Deposit - Jun 2021,625052.6,243.41,2847218.46
TXN5470466,CUST17263,19-08-2019,Transfer,PRD0017,Auto Loan,2282677.47,NEFT/RTGS,West Zone,UTTAR PRADESH,ARUN MEHTA,Under Review,Transfer - Auto Loan - Oct 2025,410881.94,119.83,1871675.7
TXN4994747,CUST36518,03-06-2024,INTEREST CREDIT,PRD0013,Insurance,1829720.82,Branch,South Zone,Karnataka,Nitin Joshi,Completed,Interest Credit - Insurance - Aug 2025,0,271.18,1829449.64
TXN9567050,CUST24029,22-06-2012,Loan Disbursal,PRD0004,GOLD LOAN,4276249.74,pos,Central Zone,Kerala,anita bose,Pending,Loan Disbursal - Gold Loan - Jun 2012,769724.95,259.11,3506265.68
TXN1201675,CUST23413,01-09-2012,Debit,PRD0009,SAVINGS ACCOUNT,2004232.16,Mobile App,Central Zone,Madhya Pradesh,Ramesh Yadav,Failed,Debit - Savings Account - Sep 2012,360761.79,340.65,1643129.72
TXN6264746,CUST93993,10-03-2024,  NEFT,PRD0004,gold loan,2636195.73,INTERNET BANKING,North Zone,Haryana,Nitin Joshi,Pending,NEFT - Gold Loan - Mar 2024,0,394.99,2635800.74
TXN4252589,CUST81657,18-09-2023,  UPI,PRD0004,gold loan,2203233.48,ATM,South Zone,Odisha,Amit Patel,Reversed,UPI - Gold Loan - Sep 2023,0,113.35,2203120.13
TXN4129943,CUST74724,12-02-2018,  NEFT,PRD0004,  Gold Loan,4454774.1,Internet Banking,Central Zone,Uttar Pradesh,Nitin Joshi,Under Review,NEFT - Gold Loan - Feb 2018,0,209.39,4454564.71
TXN5345045,CUST65640,21-11-2018,Loan Disbursal,PRD0003,  Auto Loan,210469.89,ATM,South Zone,Delhi,Ramesh Yadav,Completed,Loan Disbursal - Education Loan - Nov 2018,0,48.74,Rs.210421.15
TXN9102292,CUST31750,09-03-2021,NEFT,PRD0009,Savings Account,4355855.42,Internet Banking,East Zone,West Bengal,Deepa Krishnan,Completed,NEFT - Savings Account - Sep 2019,784053.98,407.52,3571393.92
TXN7749278,CUST70810,30-Aug-18,IMPS,PRD0009,SAVINGS ACCOUNT,2181868.4,Branch,East Zone,West Bengal,RAJESH SHARMA,Failed,IMPS - Savings Account - Aug 2018,392736.31,468.14,1788663.95
TXN6984658,CUST98208,28-11-2016,Cash Deposit,PRD0006,Business Loan,4774647.8,NEFT/RTGS,east zone,Gujarat,Kavitha Subramanian,Pending,Cash Deposit - Business Loan - Nov 2016,0,30.87,4774616.93
TXN7842311,CUST49795,22-05-2021,Loan Disbursal,PRD0005,Education Loan,4263707.29,MOBILE APP,East Zone,Kerala,Rajesh Sharma,Completed,Loan Disbursal - Education Loan - May 2021,767467.31,370.81,3495869.17
TXN4916499,CUST60079,26-Aug-22,Loan Disbursal,PRD0006,Business Loan,1399155.87,ATM,CENTRAL ZONE,Haryana,Mohan Das,Reversed,Loan Disbursal - Business Loan - Aug 2022,Rs.0,425.05,1398730.82
TXN2872145,CUST38885,15-03-2010,TRANSFER,PRD0017,Auto Loan,408352.73,ATM,east zone,uttar pradesh,Nitin Joshi,Failed,Transfer - Auto Loan - Mar 2010,0,307.06,408045.67
TXN6532021,CUST38110,01-06-2024,cash deposit,PRD0009,Savings Account,986580.11,ATM,North Zone,TELANGANA,Vijay Kumar,Pending,Cash Deposit - Savings Account - Jun 2024,0,Rs.412.65,986167.46
TXN6644148,CUST26547,01-03-2024,Credit,PRD0004,  Gold Loan,2810265.54,Internet Banking,South Zone,Andhra Pradesh,Mohan Das,completed,Credit - Gold Loan - Mar 2015,0,346.78,2809918.76
TXN7652806,CUST49795,18-05-2013,Cash Withdrawal,PRD0001,Home Loan,104121.4,POS,  Central Zone,Karnataka,Sunita Rao,Failed,Cash Withdrawal - Home Loan - Jun 2024,18741.85,172.6,85206.95
TXN3114271,CUST24367,21-06-2020,Loan Disbursal,PRD0011,Recurring Deposit,1886537.79,ATM,East Zone,Tamil Nadu,  Anita Bose,Failed,NEFT - Recurring Deposit - Jun 2020,339576.8,481.38,1546479.61
TXN7092699,CUST62751,27-06-2015,Penalty Charge,PRD0066,  Fixed Deposit,2820901.09,Internet Banking,Central Zone,DELHI,Vijay Kumar,Completed,Penalty Charge - Fixed Deposit - Jun 2015,507762.2,235.75,2312903.14
TXN8427949,CUST84393,15-06-2023,EMI PAYMENT,PRD0007,loan against property,1086795.65,BRANCH,North Zone,  Rajasthan,Priya Nair,Failed,EMI Payment - Loan Against Property - Jun 2023,0,444.69,1086795.65
TXN2324967,CUST34600,13-Aug-24,transfer,PRD0017,Auto Loan,876152.5,Phone Banking,South Zone,Karnataka,lalita devi,Pending,Transfer - Auto Loan - Aug 2024,157707.45,4.57,718440.48
TXN5813532,CUST58140,20-07-2012,Cash Deposit,PRD0001,Home Loan,3191560.53,ATM,Central Zone,West Bengal,Sanjay Gupta,Under Review,Credit - Home Loan - Jul 2012,574480.9,263.37,2616816.26
TXN1493067,CUST71875,11-11-2024,Penalty Charge,PRD0013,Insurance,2738528.5,pos,  West Zone,punjab,mohan das,Failed,Penalty Charge - Insurance - Jun 2025,492935.13,479.41,2245113.96
TXN7659097,CUST21053,30-09-2013,interest credit,PRD0004,Gold Loan,2775345.3,ATM,south zone,TELANGANA,  Meena Iyer,Pending ,Interest Credit - Gold Loan - Feb 2025,499562.15,363.15,2275420
TXN4241041,CUST84455,20-04-2017,debit,PRD0011,Recurring Deposit,160556.43,Phone Banking,Central Zone,Andhra Pradesh,Nitin Joshi,Pending ,Debit - Recurring Deposit - Apr 2017,0,72.87,160483.56
TXN3528535,CUST30732,08-Apr-17,NEFT,PRD0010,Fixed Deposit,1171067.55,NEFT/RTGS,west zone,Andhra Pradesh,Kavitha Subramanian,Failed,NEFT - Fixed Deposit - Apr 2017,0,332.3,1170735.25
TXN4421507,CUST26961,27-02-2025,Interest Credit,PRD0007,Loan Against Property,4886620.93,phone banking,East Zone,Haryana,Ramesh Yadav,Under Review,Interest Credit - Loan Against Property - Feb 2025,879591.77,48.26,4006980.9
TXN9191640,CUST83566,12-09-2020,EMI PAYMENT,PRD0013,Insurance,1909250.43,ATM,South Zone,Rajasthan,LALITA DEVI,Under Review,EMI Payment - Insurance - Dec 2025,343665.08,95.92,1565489.43
TXN7199007,CUST17355,26-04-2012,Loan Disbursal,PRD0007,Loan Against Property,224525.83,phone banking,East Zone,West Bengal,NITIN JOSHI,Reversed,Loan Disbursal - Loan Against Property - Apr 2012,40414.65,173.72,183937.46
TXN1721777,CUST32746,09-07-2024,PENALTY CHARGE,PRD0013,INSURANCE,1049342.8,branch,North Zone,Gujarat,Anita Bose,Completed,Penalty Charge - Insurance - Sep 2024,188881.7,236.64,860224.46
TXN4938501,CUST60079,06-11-2018,EMI Payment,PRD0017,Auto Loan,4322174.91,MOBILE APP,WEST ZONE,Uttar Pradesh,Deepa Krishnan,completed,EMI Payment - Auto Loan - May 2022,0,146.44,4322028.47
TXN9583727,CUST84838,01-02-2012,NEFT,PRD0001,Home Loan,1482251.93,Phone Banking,  South Zone,Madhya Pradesh,Lalita Devi,Reversed,NEFT - Home Loan - Jun 2023,266805.35,358.28,1215088.3
TXN6568293,CUST69139,24-Feb-21,EMI Payment,PRD0001,  Home Loan,1857788.15,ATM,West Zone,Kerala,Priya Nair,Reversed,EMI Payment - Home Loan - Feb 2021,334401.87,114.93,1523271.35
TXN4172482,CUST74724,13-10-2023,cash deposit,PRD0006,Business Loan,3034043.52,  POS,North Zone,Odisha,Mohan Das,Failed,Cash Deposit - Business Loan - Oct 2023,0,204.5,3033839.02
TXN2887959,CUST93287,21-04-2020,Credit,PRD0014,OD Facility,2798216.54,NEFT/RTGS,Central Zone,Telangana,Nitin Joshi,Under Review,Credit - OD Facility - Apr 2020,0,290.03,2797926.51
TXN4127855,CUST88561,18-01-2023,cash withdrawal,PRD0007,Loan Against Property,1338829.51,ATM,North Zone,Gujarat,Sanjay Gupta,Pending,Cash Withdrawal - Loan Against Property - Jan 2023,240989.31,5.8,1338829.51
TXN1743273,CUST84912,15-03-2017,IMPS,PRD0002,  Personal Loan,Rs.4400997.39,POS,NORTH ZONE,Tamil Nadu,Mohan Das,Reversed,IMPS - Personal Loan - Mar 2017,792179.53,Rs.16.52,3608801.34
TXN5659990,CUST84912,15-Mar-17,IMPS,PRD0002,Personal Loan,4400997.39,POS,North Zone,Tamil Nadu,Mohan Das,Completed,IMPS - Personal Loan - Mar 2017,792179.53,16.52,3608801.34
TXN5063644,CUST19952,01-01-2012,EMI Payment,PRD0017,auto loan,13711.26,Mobile App,South Zone,Madhya Pradesh,Nitin Joshi,Under Review,EMI Payment - Auto Loan - Jan 2012,2468.03,207.54,11035.69
TXN2088396,CUST49703,06-11-2010,interest credit,PRD0010,Fixed Deposit,Rs.1692934.55,POS,West Zone,Madhya Pradesh,Mohan Das,SUCCESS,Interest Credit - Fixed Deposit - Nov 2010,304728.22,Rs.330.15,1387876.18
TXN1713455,CUST28322,19-09-2015,EMI Payment,PRD0012,Mutual Fund,2671011.12,Internet Banking,EAST ZONE,Punjab,Lalita Devi,Completed,EMI Payment - Mutual Fund - Mar 2023,480782,53.46,2190175.66
TXN5847586,CUST28322,27-03-2023,EMI Payment,PRD0012,Mutual Fund,2671011.12,Internet Banking,East Zone,Punjab,Lalita Devi,Completed,EMI Payment - Mutual Fund - Mar 2023,480782,53.46,2190175.66
TXN1036233,CUST35652,04-12-2018,Cash Withdrawal,PRD0014,  OD Facility,4454904.16,Mobile App,North Zone,Odisha,sunita rao,Completed,Cash Withdrawal - OD Facility - Dec 2018,0,50.41,4454904.16
TXN1123326,CUST64415,25-02-2012,rtgs,PRD0005,Education Loan,1514132.74,NEFT/RTGS,  West Zone,Andhra Pradesh,Anita Bose,Under Review,RTGS - Education Loan - Feb 2012,272543.89,174.06,1241414.79
TXN7709139,CUST19924,01-02-2013,neft,PRD0006,Business Loan,2140176.06,atm,North Zone,  Gujarat,VIJAY KUMAR,Under Review,NEFT - Business Loan - Oct 2024,385231.69,97.01,1754847.36
TXN6308090,CUST54742,29-01-2013,UPI,PRD0006,Business Loan,Rs.1028205.4,mobile app,Central Zone,TAMIL NADU,Priya Nair,Reversed,UPI - Business Loan - Sep 2018,139838.88,298.56,636745.25
TXN3917556,CUST29356,26-04-2023,RTGS,PRD0013,Insurance,861565.82,ATM,Central Zone,Delhi,amit patel,Reversed,RTGS - Insurance - Apr 2023,155081.85,136.56,706347.41
TXN8195542,CUST34673,30-Jul-13,Debit,PRD0012,Mutual Fund,1807070.97,NEFT/RTGS,East Zone,Telangana,Mohan Das,Reversed,Debit - Mutual Fund - Jul 2013,0,263.37,1806807.6
TXN1129115,CUST70211,09-04-2021,Cash Deposit,PRD0014,OD Facility,4732761.98,POS,central zone,Madhya Pradesh,Lalita Devi,Failed,Cash Deposit - OD Facility - Aug 2018,0,130.41,4732631.57
TXN3735688,CUST29215,21-12-2015,IMPS,PRD0008,Credit Card,286247.55,NEFT/RTGS,South Zone,Karnataka,Anita Bose,Completed,IMPS - Credit Card - Dec 2015,0,162.83,286084.72
TXN7604287,CUST64651,13-03-2024,Debit,PRD0017,Auto Loan,2183019.53,PHONE BANKING,East Zone,Maharashtra,Vijay Kumar,Pending,Debit - Auto Loan - Mar 2024,392943.52,399.98,Rs.1789676.03
TXN1717743,CUST83755,31-10-2015,  Interest Credit,PRD0010,Fixed Deposit,988485.2,ATM,Central Zone,Tamil Nadu,KAVITHA SUBRAMANIAN,Under Review,Interest Credit - Fixed Deposit - Aug 2017,0,292.5,988192.7
TXN3649635,CUST43408,06-06-2019,Penalty Charge,PRD0013,Insurance,1099206.04,POS,North Zone,kerala,Vijay Kumar,Reversed,Penalty Charge - Insurance - Mar 2020,0,Rs.360.23,1098845.81
TXN6063003,CUST23751,10-10-2010,Debit,PRD0017,Auto Loan,409051,ATM,Central Zone,Kerala,Sanjay Gupta,Reversed,Debit - Auto Loan - Oct 2010,0,Rs.385.69,Rs.408665.31
TXN3223390,CUST81657,17-03-2011,RTGS,PRD0010,Fixed Deposit,4550389.12,Mobile App,south zone,Telangana,Kavitha Subramanian,Completed,RTGS - Fixed Deposit - Mar 2011,0,266.94,3731052.14
TXN5749557,CUST39355,07-09-2020,NEFT,PRD0009,Savings Account,3298596.75,Mobile App,North Zone,Haryana,Meena Iyer,Pending,NEFT - Savings Account - Sep 2020,0,203.8,Rs.3298392.95
TXN4181706,CUST64396,05-06-2021,transfer,PRD0002,Personal Loan,Rs.555901.71,Mobile App,Central Zone,ANDHRA PRADESH,nitin joshi,Under Review,Transfer - Personal Loan - Jun 2021,0,311.44,555590.27
TXN8295412,CUST73941,12-Aug-14,UPI,PRD0075,  Education Loan,4097586.21,Phone Banking,South Zone,Odisha,Amit Patel,Completed,UPI - Education Loan - Aug 2014,737565.52,28.56,3359992.13
TXN7970122,CUST74990,08-05-2015,Debit,PRD0004,GOLD LOAN,260764.88,  ATM,South Zone,KARNATAKA,  Sunita Rao,Failed,Debit - Gold Loan - May 2015,0,Rs.119.22,260645.66
TXN1765747,CUST98502,01-02-2012,NEFT,PRD0013,insurance,3570820.08,POS,West Zone,Tamil Nadu,Arun Mehta,Under Review,NEFT - Insurance - Apr 2025,642747.61,45.55,2928026.92
TXN7921042,CUST36911,13-12-2014,Debit,PRD0014,od facility,Rs.1165628.57,POS,West Zone,Haryana,sanjay gupta,Reversed,Debit - OD Facility - Dec 2014,0,95.13,1165533.44
TXN4819930,CUST80047,17-08-2019,EMI Payment,PRD0008,Credit Card,3150564.06,POS,North Zone,Haryana,NITIN JOSHI,Under Review,EMI Payment - Credit Card - Aug 2019,Rs.0,363.36,3150200.7
TXN4488148,CUST23305,01-06-2017,EMI PAYMENT,PRD0008,Credit Card,2412835.38,Mobile App,North Zone,Karnataka,sunita rao,Failed,EMI Payment - Credit Card - Oct 2012,434310.37,120.48,1978404.53
TXN4125033,CUST19508,03-04-2015,IMPS,PRD0011,Recurring Deposit,1815081.09,POS,east zone,TELANGANA,Anita Bose,Pending,IMPS - Recurring Deposit - Apr 2015,0,347.04,1814734.05
TXN2755762,CUST79932,27-10-2014,Loan Disbursal,PRD0011,Recurring Deposit,4561478.66,Phone Banking,South Zone,Maharashtra,kavitha subramanian,Completed,UPI - Recurring Deposit - Oct 2014,821066.16,136.3,3740276.2
TXN6361267,CUST28953,04-05-2017,emi payment,PRD0003,  Auto Loan,1351448.93,Phone Banking,CENTRAL ZONE,Kerala,Sunita Rao,Pending,EMI Payment - Auto Loan - Jun 2017,243260.81,93.8,1108094.32
TXN6353255,CUST76829,14-10-2024,  Transfer,PRD0001,Home Loan,4429539.19,Phone Banking,SOUTH ZONE,Madhya Pradesh,Amit Patel,Pending,Transfer - Home Loan - Oct 2024,0,231.88,Rs.4429307.31
TXN9739134,CUST82089,22-05-2018,Loan Disbursal,PRD0010,Fixed Deposit,3891332.58,ATM,West Zone,Gujarat,Sanjay Gupta,Completed,Loan Disbursal - Fixed Deposit - May 2018,700439.86,272.02,3190620.7
TXN9643053,CUST23639,15-05-2014,RTGS,PRD0004,Gold Loan,4281666.03,Branch,South Zone,Karnataka,Lalita Devi,Completed,RTGS - Gold Loan - May 2014,770699.89,0,3510635.66
TXN8710151,CUST67534,25-Sep-22,cash deposit,PRD0004,Gold Loan,26395.08,Mobile App,  South Zone,West Bengal,Deepa Krishnan,Under Review,Cash Deposit - Gold Loan - Sep 2022,4751.11,178.53,21465.44
TXN3002899,CUST22050,06-10-2017,  IMPS,PRD0017,Auto Loan,3284915.71,NEFT/RTGS,South Zone,Andhra Pradesh,Anita Bose,Failed,IMPS - Auto Loan - Oct 2017,0,362.59,Rs.3284553.12
TXN3198167,CUST22050,10-06-2017,IMPS,PRD0017,Auto Loan,3284915.71,NEFT/RTGS,South Zone,Andhra Pradesh,Anita Bose,Completed,IMPS - Auto Loan - Oct 2017,0,362.59,3284553.12
TXN9070959,CUST28904,25-05-2010,IMPS,PRD0005,Education Loan,4624058.32,Branch,Central Zone,MADHYA PRADESH,Rajesh Sharma,Reversed,IMPS - Education Loan - May 2010,0,380.17,4623678.15
TXN5120635,CUST91167,11-03-2018,Cash Deposit,PRD0002,Personal Loan,358910.05,Mobile App,West Zone,  Kerala,Nitin Joshi,Completed,Cash Deposit - Personal Loan - Nov 2018,64603.81,10.6,294295.64
TXN9069454,CUST13406,26-03-2012,interest credit,PRD0096,  Mutual Fund,4741942.24,Mobile App,central zone,TAMIL NADU,Kavitha Subramanian,Pending,Interest Credit - Mutual Fund - Mar 2012,853549.6,212.24,3888180.4
TXN2289757,CUST71952,29-07-2023,IMPS,PRD0013,Insurance,2008481.91,Branch,West Zone,haryana,Rajesh Sharma,Under Review,IMPS - Insurance - Jul 2023,361526.74,415.25,1646539.92
TXN5931498,CUST66925,17-11-2015,Cash Withdrawal,PRD0013,Insurance,2807229.3,Phone Banking,WEST ZONE,Delhi,MEENA IYER,Under Review,Cash Withdrawal - Insurance - Nov 2015,505301.27,480.82,2301447.21
TXN1812494,CUST57002,11-09-2014,IMPS,PRD0006,BUSINESS LOAN,101110.07,Internet Banking,Central Zone,karnataka,Sunita Rao,Pending,IMPS - Business Loan - Sep 2012,18199.81,130.96,82779.3
TXN9576156,CUST95235,09-11-2024,NEFT,PRD0011,Recurring Deposit,650112.24,NEFT/RTGS,SOUTH ZONE,Andhra Pradesh,Sunita Rao,Completed,NEFT - Recurring Deposit - Nov 2024,117020.2,472.26,532619.78
TXN9803421,CUST94008,04-07-2020,CASH WITHDRAWAL,PRD0009,Savings Account,2724875.28,  Phone Banking,South Zone,DELHI,Sanjay Gupta,Reversed,Cash Withdrawal - Savings Account - Nov 2015,0,247.37,2724627.91
TXN9356428,CUST62312,11-09-2018,IMPS,PRD0006,Business Loan,2809263.71,Phone Banking,West Zone,Maharashtra,Arun Mehta,Failed,IMPS - Business Loan - Nov 2018,505667.47,303.72,2303292.52
TXN5826590,CUST88561,05-06-2017,IMPS,PRD0003,  Auto Loan,186454.99,ATM,East Zone,Delhi,  Mohan Das,Pending,IMPS - Business Loan - May 2017,33561.9,263.47,152629.62
TXN4716575,CUST27865,31-Jul-11,loan disbursal,PRD0014,OD Facility,809205.69,PHONE BANKING,North Zone,Karnataka,anita bose,Under Review,Loan Disbursal - OD Facility - Jul 2011,0,205.55,809000.14
TXN8857554,CUST40345,01-10-2011,EMI Payment,PRD0008,CREDIT CARD,1727634.58,  Mobile App,  South Zone,GUJARAT,MOHAN RAO,Pending,EMI Payment - Credit Card - Oct 2011,0,172.15,1727462.43
TXN4138155,CUST95649,04-05-2024,IMPS,PRD0004,Gold Loan,3338313.17,POS,central zone,Karnataka,rajesh sharma,Reversed,IMPS - Gold Loan - May 2024,0,281.99,3338031.18
TXN5552376,CUST35153,10-07-2025,RTGS,PRD0005,EDUCATION LOAN,263893.34,ATM,North Zone,Punjab,Meena Iyer,Under Review,RTGS - Education Loan - Oct 2025,0,279.58,263613.76
TXN8370993,CUST82089,10-07-2022,UPI,PRD0010,Fixed Deposit,1352312.01,ATM,South Zone,Haryana,Nitin Joshi,Pending,UPI - Fixed Deposit - Oct 2022,243416.16,230.35,1108665.5
TXN6332412,CUST50988,07-06-2023,NEFT,PRD0051,  Savings Account,Rs.1028205.4,atm,East Zone,Andhra Pradesh,LALITA DEVI,Failed,NEFT - Savings Account - Aug 2011,632653.75,245.97,2881843.33
TXN8082106,CUST89954,04-01-2012,Penalty Charge,PRD0010,Fixed Deposit,3284359.8,POS,North Zone,Telangana,rajesh sharma,Pending,Penalty Charge - Fixed Deposit - Jan 2012,591184.76,89.65,2693085.39
TXN1015799,CUST22202,30-12-2014,DEBIT,PRD0007,Loan Against Property,Rs.1028205.4,POS,south zone,Tamil Nadu,Sanjay Gupta,Completed,Debit - Loan Against Property - Dec 2014,0,56.33,1351942.65
TXN5021276,CUST22202,30-12-2014,Debit,PRD0007,Loan Against Property,1351998.98,POS,South Zone,Tamil Nadu,Sanjay Gupta,Completed,Debit - Loan Against Property - Dec 2014,0,56.33,1351942.65
TXN1940995,CUST59689,18-09-2011,emi payment,PRD0011,Recurring Deposit,2840135.35,  ATM,east zone,TELANGANA,Meena Iyer,Failed,EMI Payment - Recurring Deposit - Sep 2011,511224.36,311.09,2328599.9
TXN9041579,CUST14501,05-06-2017,IMPS,PRD0007,Loan Against Property,1183620.83,Mobile App,  Central Zone,West Bengal,MEENA IYER,Completed,IMPS - Loan Against Property - Dec 2017,213051.75,379.57,970189.51
TXN3010814,CUST81657,28-06-2025,Transfer,PRD0009,Savings Account,4718832.93,ATM,WEST ZONE,Odisha,Sanjay Gupta,Pending,Transfer - Savings Account - Apr 2024,0,197.82,4718635.11
TXN5534726,CUST57294,03-11-2010,Interest Credit,PRD0012,Mutual Fund,2924018.31,  Branch,North Zone,Telangana,Sunita Rao,Reversed,Interest Credit - Mutual Fund - Mar 2010,526323.3,362.19,2397332.82
TXN7254005,CUST27389,07-11-2013,Penalty Charge,PRD0010,Fixed Deposit,4289508.59,INTERNET BANKING,South Zone,Kerala,Nitin Joshi,Failed,Penalty Charge - Fixed Deposit - Nov 2025,0,476.38,4289032.21
TXN3989178,CUST86099,10-04-2018,EMI Payment,PRD0008,Credit Card,690374.87,ATM,central zone,  Telangana,Anita Bose,Completed,EMI Payment - Credit Card - Apr 2018,124267.48,37.07,566070.32
TXN8405855,CUST36041,18-02-2014,Penalty Charge,PRD0005,Education Loan,2747271.87,atm,South Zone,Odisha,Priya Nair,Completed,Penalty Charge - Education Loan - Feb 2014,494508.94,62.03,2252700.9
TXN4815625,CUST34420,01-01-2017,UPI,PRD0017,Auto Loan,3182801.02,POS,  North Zone,TAMIL NADU,mohan das,Completed,UPI - Auto Loan - Jan 2017,572904.18,335.14,2609561.7
TXN2436266,CUST39109,12-05-2025,DEBIT,PRD0017,auto loan,4439074.7,Phone Banking,West Zone,punjab,Amit Patel,Completed,Debit - Auto Loan - May 2025,0,0,4438788.86
TXN7011838,CUST93810,13-May-19,UPI,PRD0012,Mutual Fund,4120577.92,POS,north zone,Kerala,Rajesh Sharma,Completed,Penalty Charge - Mutual Fund - May 2019,0,123.54,4120454.38
TXN1431750,CUST52413,25-06-2020,Interest Credit,PRD0014,od facility,2787351.62,ATM,Central Zone,Karnataka,Deepa Krishnan,Reversed,Interest Credit - OD Facility - Jul 2011,0,348.42,2787003.2
TXN8887891,CUST60407,29-Jul-19,NEFT,PRD0012,MUTUAL FUND,4501942.21,Mobile App,South Zone,West Bengal,mohan das,Completed,NEFT - Mutual Fund - Jul 2019,0,466.13,4501476.08
TXN4906415,CUST40062,26-02-2022,  EMI Payment,PRD0011,Recurring Deposit,4250487.96,NEFT/RTGS,East Zone,andhra pradesh,vivaan mehta,Failed,EMI Payment - Recurring Deposit - Feb 2022,765087.83,92.45,3485307.68
TXN6161429,CUST61595,20-05-2013,Cash Deposit,PRD0002,Personal Loan,2249691.58,ATM,north zone,Odisha,Lalita Devi,Failed,Cash Deposit - Personal Loan - May 2013,404944.48,132.63,1844614.47
TXN7199170,CUST96752,08-11-2015,LOAN DISBURSAL,PRD0010,Fixed Deposit,4003527.1,POS,South Zone,Uttar Pradesh,Lalita Devi,Failed,Loan Disbursal - Fixed Deposit - Nov 2015,0,71.98,4003455.12
TXN3304274,CUST62761,30-04-2018,Loan Disbursal,PRD0008,Credit Card,4036675.42,MOBILE APP,West Zone,Andhra Pradesh,SANJAY GUPTA,Under Review,Loan Disbursal - Credit Card - Jul 2020,726601.58,375.59,3309698.25
TXN8519353,CUST17263,03-08-2016,NEFT,PRD0010,Fixed Deposit,3953717.17,POS,Central Zone,Uttar Pradesh,amit patel,Failed,NEFT - Fixed Deposit - Aug 2016,711669.09,0,3241917.1
TXN6084980,CUST70810,01-08-2016,RTGS,PRD0014,OD Facility,800672.26,Phone Banking,North Zone,Gujarat,Priya Nair,Completed,RTGS - OD Facility - Jan 2016,144121.01,0,800672.26
TXN3112816,CUST28045,09-Aug-14,NEFT,PRD0004,Gold Loan,1139687.77,  NEFT/RTGS,EAST ZONE,West Bengal,  Ramesh Yadav,Reversed,NEFT - Gold Loan - Aug 2014,205143.8,170.39,934373.58
TXN3842593,CUST35652,01-06-2016,NEFT,PRD0012,MUTUAL FUND,4043389.3,Branch,CENTRAL ZONE,West Bengal,Deepa Krishnan,Under Review,NEFT - Mutual Fund - Jun 2016,727810.07,207.73,3315371.5
TXN5821831,CUST27865,09-Jan-16,IMPS,PRD0002,Personal Loan,2634461.66,atm,South Zone,Maharashtra,Vijay Kumar,Pending,IMPS - Personal Loan - Jan 2016,0,240.21,2634221.45
TXN7147386,CUST73505,30-12-2012,RTGS,PRD0014,OD Facility,1525365.23,ATM,south zone,  Madhya Pradesh,Lalita Devi,Failed,RTGS - OD Facility - Oct 2025,274565.74,0,1250418.96
TXN5718483,CUST54852,09-10-2011,cash deposit,PRD0008,Credit Card,2662974.6,Internet Banking,East Zone,WEST BENGAL,PRIYA NAIR,Under Review,Cash Deposit - Credit Card - Sep 2011,479335.43,169.26,2183469.91
TXN4025651,CUST93634,16-05-2011,UPI,PRD0001,Home Loan,4357374.35,Branch,South Zone,Andhra Pradesh,Meena Iyer,Failed,UPI - Home Loan - Jun 2022,0,Rs.81.82,4357292.53
TXN4543301,CUST40516,17-11-2015,Cash Withdrawal,PRD0012,Mutual Fund,4113745.49,BRANCH,North Zone,Delhi,Arun Mehta,Reversed,Cash Withdrawal - Mutual Fund - Nov 2015,740474.19,Rs.161.58,3373109.72
TXN7740623,CUST69998,09-08-2019,RTGS,PRD0001,  Home Loan,4463364.3,NEFT/RTGS,  Central Zone,Kerala,Anita Bose,Pending,RTGS - Home Loan - May 2021,0,234.7,3659724.03
TXN6611594,CUST81658,03-07-2018,RTGS,PRD0013,Insurance,Rs.556602.46,MOBILE APP,SOUTH ZONE,Rajasthan,Kavitha Subramanian,Under Review,RTGS - Insurance - Jul 2018,0,494.31,556108.15
TXN5424131,CUST97755,12-09-2020,Transfer,PRD0009,Savings Account,4704863.42,Phone Banking,South Zone,Haryana,Vijay Kumar,Pending,Transfer - Savings Account - Aug 2019,0,388.56,Rs.4704474.86
TXN9444159,CUST97755,12-09-2020,Transfer,PRD0009,Savings Account,4704863.42,Phone Banking,South Zone,Haryana,Vijay Kumar,Completed,Transfer - Savings Account - Aug 2019,0,388.56,4704474.86
TXN6930016,CUST72394,03-03-2018,Credit,PRD0014,OD FACILITY,4888290.36,Mobile App,central zone,tamil nadu,Ramesh Yadav,Pending ,Credit - OD Facility - Mar 2018,879892.26,440.5,4007957.6
TXN2752914,CUST47982,09-01-2025,Interest Credit,PRD0009,Savings Account,2281885.24,ATM,  West Zone,Rajasthan,Amit Patel,Reversed,Interest Credit - Savings Account - Jan 2025,410739.34,311.56,1870834.34
TXN6704870,CUST64304,28-10-2014,Cash Withdrawal,PRD0011,recurring deposit,406548.62,POS,NORTH ZONE,Punjab,Nitin Joshi,Under Review,Cash Withdrawal - Recurring Deposit - Oct 2014,0,83.49,406465.13
TXN6128213,CUST64304,28-10-2014,Cash Withdrawal,PRD0011,Recurring Deposit,406548.62,POS,North Zone,Punjab,Nitin Joshi,Completed,Cash Withdrawal - Recurring Deposit - Oct 2014,0,83.49,406465.13
TXN2858361,CUST62312,09-04-2021,IMPS,PRD0010,Fixed Deposit,331958.35,NEFT/RTGS,east zone,Odisha,Mohan Das,Reversed,IMPS - Fixed Deposit - Oct 2021,59752.5,199.37,Rs.272006.48
TXN4108802,CUST45501,10-07-2019,Interest Credit,PRD0012,Mutual Fund,4885755.7,Internet Banking,NORTH ZONE,Odisha,Ramesh Yadav,Under Review,Interest Credit - Mutual Fund - Jul 2019,0,46.07,4885709.63
TXN8740449,CUST47982,29-11-2023,Transfer,PRD0011,Recurring Deposit,3450640.72,NEFT/RTGS,South Zone,madhya pradesh,Sanjay Gupta,Failed,Transfer - Recurring Deposit - Nov 2023,0,225.35,3450415.37
TXN8265882,CUST46915,24-03-2014,Penalty Charge,PRD0008,credit card,Rs.4561350.27,Branch,North Zone,Andhra Pradesh,  Kavitha Subramanian,Pending,Penalty Charge - Credit Card - Jul 2016,821043.05,27.43,3740279.79
TXN5109031,CUST79515,03-03-2021,Transfer,PRD0005,Education Loan,2390817.62,POS,North Zone,TELANGANA,Kavitha Subramanian,Failed,Transfer - Education Loan - Mar 2021,0,134.63,1960335.82
TXN3852123,CUST93454,15-05-2018,Penalty Charge,PRD0003,  Auto Loan,4078311.17,phone banking,Central Zone,Madhya Pradesh,Anita Bose,Under Review,Penalty Charge - Loan Against Property - May 2018,734096.01,421.81,3343793.35
TXN7558638,CUST72505,30-11-2020,PENALTY CHARGE,PRD0006,Business Loan,1262546.96,NEFT/RTGS,Central Zone,Delhi,Arun Mehta,Under Review,Penalty Charge - Business Loan - Nov 2020,0,134.98,1262411.98
TXN3483899,CUST96169,09-03-2021,UPI,PRD0012,Mutual Fund,4453254.08,Internet Banking,Central Zone,Delhi,Meena Iyer,Completed,UPI - Mutual Fund - Sep 2021,801585.73,396.01,3651272.34
TXN4340369,CUST25162,15-09-2014,Penalty Charge,PRD0002,Personal Loan,1582306.09,Internet Banking,East Zone,Uttar Pradesh,NITIN JOSHI,Completed,Penalty Charge - Personal Loan - Aug 2024,284815.1,182.79,1297308.2
TXN5630228,CUST81657,09-04-2010,Loan Disbursal,PRD0006,  Business Loan,36318.34,Branch,South Zone,West Bengal,sanjay gupta,COMPLETED,Loan Disbursal - Business Loan - Apr 2010,0,199.97,36118.37
TXN2831663,CUST61721,05-09-2019,TRANSFER,PRD0003,  Auto Loan,4228719.27,NEFT/RTGS,North Zone,Odisha,Ramesh Yadav,Completed,Transfer - Home Loan - Sep 2019,761169.47,313.5,3467236.3
TXN4876557,CUST61595,13-10-2022,EMI Payment,PRD0010,Fixed Deposit,4534490.51,INTERNET BANKING,South Zone,karnataka,Nitin Joshi,Failed,EMI Payment - Fixed Deposit - Jun 2022,816208.29,104.51,3718177.71
TXN9746691,CUST61595,13-10-2022,EMI Payment,PRD0010,Fixed Deposit,4534490.51,Internet Banking,South Zone,Karnataka,Nitin Joshi,Completed,EMI Payment - Fixed Deposit - Jun 2022,816208.29,104.51,3718177.71
TXN4517399,CUST69198,10-Feb-13,Credit,PRD0007,LOAN AGAINST PROPERTY,4632802.02,Internet Banking,West Zone,Tamil Nadu,Anita Bose,Reversed,Credit - Loan Against Property - Feb 2013,0,213.91,4632588.11
TXN7875773,CUST39762,06-06-2021,NEFT,PRD0013,INSURANCE,1367204.81,Branch,East Zone,West Bengal,Arun Mehta,Pending,NEFT - Insurance - Jun 2021,0,0,1366763.22
TXN8053849,CUST95119,12-02-2023,Interest Credit,PRD0012,Mutual Fund,4908697.61,Branch,South Zone,UTTAR PRADESH,Mohan Das,Reversed,Interest Credit - Mutual Fund - Feb 2023,883565.57,225.56,4024906.48
TXN7157419,CUST33562,03-11-2011,Debit,PRD0002,Personal Loan,3148804.09,ATM,East Zone,Andhra Pradesh,Anita Bose,Completed,Debit - Personal Loan - Mar 2011,0,199.81,Rs.3148604.28
TXN7678387,CUST73505,30-12-2012,EMI Payment,PRD0002,Personal Loan,2047351.45,Internet Banking,North Zone,Andhra Pradesh,Sanjay Gupta,Reversed,EMI Payment - Personal Loan - Mar 2020,368523.26,434.62,1678393.57
TXN2496733,CUST73505,30-12-2012,EMI Payment,PRD0002,Personal Loan,2047351.45,Internet Banking,North Zone,Andhra Pradesh,Sanjay Gupta,Completed,EMI Payment - Personal Loan - Mar 2020,368523.26,434.62,1678393.57
TXN6641486,CUST65640,15-10-2015,IMPS,PRD0012,Mutual Fund,2246576.47,Branch,West Zone,Telangana,Kavitha Subramanian,Failed,IMPS - Mutual Fund - Oct 2015,404383.76,367.46,1841825.25
TXN8373619,CUST71875,11-11-2024,interest credit,PRD0012,Mutual Fund,9279.09,MOBILE APP,East Zone,Madhya Pradesh,priya nair,Completed,Interest Credit - Mutual Fund - May 2011,0,221.57,9057.52
TXN8773594,CUST93478,30-12-2016,Loan Disbursal,PRD0005,Education Loan,43289.7,ATM,West Zone,West Bengal,Meena Iyer,Pending,Penalty Charge - Education Loan - Dec 2016,0,175.73,43113.97
TXN7802555,CUST74213,25-Jan-19,IMPS,PRD0004,  Gold Loan,Rs.4850843.03,branch,West Zone,Karnataka,RAJESH SHARMA,Reversed,IMPS - Gold Loan - Jan 2019,0,426.55,4850416.48
TXN7592343,CUST74174,03-11-2023,Transfer,PRD0017,AUTO LOAN,2798320.34,pos,North Zone,  Haryana,Sanjay Gupta,Failed,Transfer - Auto Loan - Mar 2018,503697.66,26.11,2294596.57
TXN1814950,CUST87165,12-12-2012,Cash Withdrawal,PRD0002,PERSONAL LOAN,2627996.88,pos,Central Zone,Delhi,Anita Bose,Reversed,Cash Withdrawal - Personal Loan - Dec 2012,473039.44,201.7,2154755.74
TXN8064393,CUST51311,26-05-2022,Debit,PRD0006,Business Loan,1358360.31,ATM,south zone,haryana,MOHAN DAS,Reversed,Debit - Business Loan - May 2022,0,272.22,1358088.09
TXN5172335,CUST60096,01-05-2019,Penalty Charge,PRD0017,auto loan,3994823.61,Branch,South Zone,Odisha,Nitin Joshi,Under Review,Penalty Charge - Auto Loan - May 2019,719068.25,250.51,3275504.85
TXN2718942,CUST94985,26-Mar-10,EMI Payment,PRD0007,  Loan Against Property,2576131.73,NEFT/RTGS,CENTRAL ZONE,Punjab,Sunita Rao,Reversed,EMI Payment - Loan Against Property - Mar 2010,0,176.35,2575955.38
TXN6026433,CUST61595,18-09-2019,Debit,PRD0014,OD Facility,4249737.46,Branch,West Zone,Tamil Nadu,Deepa Krishnan,Pending,Debit - OD Facility - Sep 2019,0,375.72,4249361.74
TXN4491181,CUST89129,09-08-2019,Credit,PRD0009,Savings Account,3638013.39,NEFT/RTGS,North Zone,Punjab,Lalita Devi,Under Review,Credit - Savings Account - May 2019,654842.41,344.51,2982826.47
TXN7802518,CUST54260,14-09-2012,IMPS,PRD0003,  Auto Loan,1065610.36,Internet Banking,Central Zone,Tamil Nadu,Mohan Das,Completed,IMPS - Home Loan - May 2020,Rs.191809.86,69.46,873731.04
TXN9652870,CUST93993,01-02-2012,Transfer,PRD0012,mutual fund,2665417.39,Mobile App,East Zone,Kerala,Anita Bose,SUCCESS,Transfer - Mutual Fund - Mar 2012,0,355.24,2665062.15
TXN6383332,CUST60990,19-05-2013,Loan Disbursal,PRD0005,Education Loan,3290379.79,Phone Banking,Central Zone,Delhi,  Meera Mehta,Completed,UPI - Education Loan - May 2013,592268.36,249.42,2697862.01
TXN3072857,CUST60990,03-05-2022,neft,PRD0001,Home Loan,1615747.1,PHONE BANKING,NORTH ZONE,Tamil Nadu,Anita Bose,Pending,NEFT - Home Loan - Jun 2015,0,203.72,1615543.38
TXN2502888,CUST58804,01-03-2025,NEFT,PRD0005,Education Loan,2952729.47,PHONE BANKING,East Zone,Delhi,Deepa Krishnan,COMPLETED,NEFT - Education Loan - Mar 2025,531491.3,272,2420966.17
TXN7066677,CUST76829,04-10-2016,IMPS,PRD0014,OD Facility,241459.97,NEFT/RTGS,SOUTH ZONE,Maharashtra,Rajesh Sharma,Pending ,IMPS - OD Facility - Oct 2016,43462.79,188.08,Rs.197809.1
TXN7909407,CUST93454,20-03-2022,Cash Withdrawal,PRD0005,Education Loan,391607.85,pos,west zone,Punjab,Sanjay Gupta,Under Review,Cash Withdrawal - Education Loan - Mar 2017,70489.41,108.14,321010.3
TXN9841557,CUST86969,17-10-2015,Interest Credit,PRD0010,Fixed Deposit,543644.5,NEFT/RTGS,south zone,West Bengal,deepa krishnan,Under Review,Interest Credit - Fixed Deposit - Oct 2015,0,Rs.417.03,543227.47
TXN3636852,CUST63093,09-04-2021,  Debit,PRD0004,Gold Loan,3601826.66,NEFT/RTGS,Central Zone,Punjab,Deepa Krishnan,Under Review,Debit - Gold Loan - Sep 2021,648328.8,488.58,2953009.28
TXN1668445,CUST31534,24-06-2012,Transfer,PRD0014,OD Facility,1044088.6,ATM,Central Zone,West Bengal,Ramesh Yadav,Completed,Transfer - OD Facility - Jun 2012,0,105.02,1043983.58
TXN6360912,CUST95403,30-07-2019,NEFT,PRD0002,Personal Loan,3117469.17,PHONE BANKING,north zone,Maharashtra,MEENA IYER,Pending,RTGS - Personal Loan - Jul 2019,0,240.03,3117229.14
TXN4601974,CUST40597,12-04-2020,RTGS,PRD0014,OD Facility,2519227.93,  ATM,Central Zone,Tamil Nadu,Sanjay Gupta,Pending,RTGS - OD Facility - Apr 2020,0,0,2518853.19
TXN5329711,CUST40597,26-06-2024,RTGS,PRD0014,OD Facility,2519227.93,POS,Central Zone,Tamil Nadu,Sanjay Gupta,Completed,RTGS - OD Facility - Apr 2020,0,374.74,2518853.19
TXN6275085,CUST39912,11-12-2024,Transfer,PRD0010,Fixed Deposit,1355531.3,PHONE BANKING,West Zone,Delhi,ramesh yadav,Under Review,Transfer - Fixed Deposit - Dec 2024,243995.63,245.36,1111290.31
TXN4654872,CUST86957,06-Jun-10,Cash Deposit,PRD0003,  Auto Loan,1648885.64,Branch,NORTH ZONE,UTTAR PRADESH,Sunita Rao,Reversed,Cash Deposit - Fixed Deposit - Jun 2010,296799.42,396.21,1351690.01
TXN9590530,CUST34600,14-10-2025,Cash Deposit,PRD0002,Personal Loan,Rs.683155.84,Branch,north zone,Tamil Nadu,Meena Iyer,completed,Cash Deposit - Personal Loan - Oct 2025,0,264.54,682891.3
TXN9834970,CUST68222,13-11-2014,Credit,PRD0002,Personal Loan,2979086.63,NEFT/RTGS,South Zone,Tamil Nadu,Deepa Krishnan,Pending,Credit - Personal Loan - Nov 2014,536235.59,0,2442632.86
TXN7811518,CUST67065,10-Oct-20,Debit,PRD0003,  Auto Loan,3369962.85,ATM,East Zone,Haryana,PRIYA NAIR,Pending,Debit - Education Loan - Oct 2020,0,215.61,3369747.24
TXN7056019,CUST55229,05-05-2015,IMPS,PRD0017,Auto Loan,4471209.61,Phone Banking,West Zone,HARYANA,Meena Iyer,failed,IMPS - Auto Loan - May 2015,0,108.28,4471101.33
TXN5490597,CUST89405,31-01-2019,EMI Payment,PRD0009,Savings Account,1050942.41,Phone Banking,East Zone,Kerala,Deepa Krishnan,Pending,EMI Payment - Savings Account - Jan 2019,189169.63,419.18,Rs.861353.6
TXN1486873,CUST30152,02-04-2019,Interest Credit,PRD0010,Fixed Deposit,3367304.24,  ATM,South Zone,  Madhya Pradesh,Arun Mehta,Completed,Interest Credit - Fixed Deposit - Apr 2019,0,220.63,3367083.61
TXN7249634,CUST62761,30-04-2018,imps,PRD0017,Auto Loan,4180693.54,Branch,South Zone,Rajasthan,Vijay Kumar,Completed,IMPS - Auto Loan - Feb 2017,0,155.3,4180538.24
TXN2894444,CUST83872,29-02-2012,Cash Deposit,PRD0008,Credit Card,4370992.74,Internet Banking,East Zone,Madhya Pradesh,Priya Nair,Reversed,Cash Deposit - Credit Card - Dec 2014,0,168.66,4370824.08
TXN4819026,CUST40396,10-10-2014,NEFT,PRD0010,Fixed Deposit,Rs.1028205.4,  ATM,WEST ZONE,Haryana,Meena Iyer,Under Review,NEFT - Fixed Deposit - Oct 2014,389074.8,201.64,1772250.24
TXN3959528,CUST16655,19-03-2021,debit,PRD0004,Gold Loan,4044294.2,ATM,West Zone,Punjab,Amit Patel,Completed,Debit - Gold Loan - Mar 2021,0,53.42,4044240.78
TXN6369431,CUST81658,11-09-2014,NEFT,PRD0010,Fixed Deposit,3977424.84,ATM,East Zone,Delhi,RAJESH SHARMA,Pending,NEFT - Fixed Deposit - Oct 2013,0,289.99,3977134.85
TXN5556745,CUST42441,27-Mar-21,TRANSFER,PRD0011,Recurring Deposit,3993291.73,NEFT/RTGS,WEST ZONE,Uttar Pradesh,Mohan Das,Pending,Transfer - Recurring Deposit - Mar 2021,718792.51,481.1,3274018.12
TXN7802789,CUST21108,09-12-2016,Cash Withdrawal,PRD0006,business loan,1120607.7,Branch,West Zone,Haryana,Kavitha Subramanian,Pending,Cash Withdrawal - Business Loan - Dec 2016,201709.39,15.57,918882.74
TXN2203728,CUST68222,10-02-2015,credit,PRD0003,  Auto Loan,1862864.23,ATM,Central Zone,Gujarat,lalita devi,Reversed,Credit - Credit Card - Nov 2011,335315.56,Rs.422.7,1527125.97
TXN7876526,CUST38885,01-Mar-19,  Cash Deposit,PRD0014,OD Facility,307679.86,  Phone Banking,West Zone,Punjab,Lalita Devi,Completed,IMPS - OD Facility - Mar 2019,0,164.87,252132.62
TXN5756051,CUST47408,28-11-2016,  Interest Credit,PRD0009,SAVINGS ACCOUNT,686787.62,Phone Banking,NORTH ZONE,Kerala,Vijay Kumar,Under Review,Interest Credit - Savings Account - Nov 2016,0,271.16,686516.46
TXN5439905,CUST93284,03-05-2022,  RTGS,PRD0003,  Auto Loan,Rs.3707134.77,Phone Banking,North Zone,  Telangana,Anita Bose,Completed,RTGS - Fixed Deposit - Oct 2020,Rs.0,178.52,3706956.25
TXN2678886,CUST63093,01-01-2010,Loan Disbursal,PRD0005,Education Loan,4432454.91,POS,South Zone,Delhi,Sunita Rao,Failed,Loan Disbursal - Education Loan - Jan 2010,797841.88,357.01,3634256.02
TXN3239685,CUST20357,22-10-2022,Credit,PRD0004,Gold Loan,72064.34,ATM,South Zone,Karnataka,Mohan Das,Under Review,Credit - Gold Loan - Dec 2014,0,367.58,71696.76
TXN9830976,CUST83399,08-02-2022,Interest Credit,PRD0005,Education Loan,4110323.55,Internet Banking,East Zone,gujarat,Mohan Das,Failed,Interest Credit - Education Loan - May 2012,0,273.55,4110050
TXN8485151,CUST61992,02-06-2013,IMPS,PRD0017,Auto Loan,3740552.87,pos,South Zone,West Bengal,  Mohan Das,Pending,IMPS - Auto Loan - Jun 2013,673299.52,356.78,3066896.57
TXN5527824,CUST12050,29-06-2023,IMPS,PRD0011,Recurring Deposit,189798.27,POS,north zone,Madhya Pradesh,AMIT PATEL,Under Review,IMPS - Recurring Deposit - Jun 2023,34163.69,0,155304.88
TXN1256705,CUST14555,31-03-2019,UPI,PRD0014,OD Facility,2704532.4,ATM,South Zone,  Delhi,PRIYA NAIR,Under Review,UPI - OD Facility - Mar 2019,486815.83,144.66,2217571.91
TXN4787969,CUST96661,03-12-2010,Loan Disbursal,PRD0004,  Gold Loan,3488151.68,Internet Banking,East Zone,Punjab,Aditya Nair,failed,Loan Disbursal - Gold Loan - Mar 2010,0,343.79,3487807.89
TXN6888183,CUST84473,23-03-2025,Interest Credit,PRD0003,  Auto Loan,2898744.81,ATM,CENTRAL ZONE,Karnataka,  Amit Patel,Pending,Interest Credit - Home Loan - Feb 2013,0,324.58,2898420.23
TXN3274094,CUST84473,15-02-2013,Interest Credit,PRD0001,Home Loan,2898744.81,ATM,Central Zone,Karnataka,Amit Patel,Completed,Interest Credit - Home Loan - Feb 2013,0,324.58,2898420.23
TXN8065647,CUST60079,06-11-2018,Cash Deposit,PRD0009,SAVINGS ACCOUNT,1260168.43,Mobile App,West Zone,Odisha,VIJAY KUMAR,Reversed,Cash Deposit - Savings Account - Mar 2019,226830.32,186.87,1033151.24
TXN2516985,CUST30516,11-11-2024,EMI Payment,PRD0007,Loan Against Property,3525791.96,Internet Banking,South Zone,Odisha,  Rajesh Sharma,Completed,EMI Payment - Loan Against Property - May 2011,0,124.01,3525667.95
TXN6741592,CUST19658,01-06-2011,EMI Payment,PRD0017,Auto Loan,2489815.48,Phone Banking,west zone,Rajasthan,Mohan Das,Pending ,EMI Payment - Auto Loan - Jun 2011,0,0,2489339.22
TXN7520305,CUST59689,22-11-2021,penalty charge,PRD0006,Business Loan,3130661.54,POS,West Zone,TELANGANA,Ramesh Yadav,Failed,Penalty Charge - Business Loan - Nov 2021,0,384.46,3130277.08
TXN9559606,CUST34105,26-05-2024,Credit,PRD0014,OD FACILITY,986839.2,Mobile App,central zone,MAHARASHTRA,Nitin Joshi,Under Review,Credit - OD Facility - May 2024,177631.06,143.07,809065.07
TXN3947264,CUST84455,29-02-2020,RTGS,PRD0005,EDUCATION LOAN,4836813.66,Phone Banking,WEST ZONE,Karnataka,Meena Iyer,Under Review,RTGS - Education Loan - Nov 2018,0,354.71,4836458.95
TXN8478148,CUST79185,10-Sep-23,Cash Withdrawal,PRD0001,Home Loan,106352.19,Internet Banking,East Zone,Haryana,  Meena Iyer,Under Review,Cash Withdrawal - Home Loan - Sep 2023,0,444.74,86764.06
TXN7489241,CUST89405,18-Jul-23,EMI Payment,PRD0009,savings account,1324649.8,NEFT/RTGS,West Zone,gujarat,  Sanjay Gupta,Pending ,EMI Payment - Savings Account - Jul 2023,238436.96,254.38,1085958.46
TXN2093361,CUST33281,07-01-2019,transfer,PRD0004,GOLD LOAN,4387045.48,Internet Banking,West Zone,Odisha,Anita Bose,Pending,Transfer - Gold Loan - Apr 2010,0,338.2,4386707.28
TXN5107009,CUST86344,11-08-2012,Interest Credit,PRD0008,Credit Card,1401212.31,Mobile App,Central Zone,Kerala,Sunita Rao,completed,Interest Credit - Credit Card - Aug 2012,252218.22,264.76,1148729.33
TXN4068183,CUST26803,14-03-2024,IMPS,PRD0005,EDUCATION LOAN,3911120.54,Mobile App,Central Zone,Kerala,Sanjay Gupta,Completed,IMPS - Education Loan - Mar 2024,0,134.94,3910985.6
TXN8664591,CUST28904,10-09-2022,Credit,PRD0009,Savings Account,858301.04,Branch,south zone,MAHARASHTRA,nitin joshi,Completed,Credit - Savings Account - Sep 2022,154494.19,47.38,703759.47
TXN3044508,CUST34105,10-08-2019,Interest Credit,PRD0009,SAVINGS ACCOUNT,2688408.86,Phone Banking,East Zone,Andhra Pradesh,deepa krishnan,Failed,Interest Credit - Savings Account - Aug 2019,483913.59,377.78,2204117.49
TXN2848380,CUST30016,22-08-2025,Loan Disbursal,PRD0002,Personal Loan,4026072.53,Mobile App,  North Zone,Maharashtra,Priya Nair,Reversed,Loan Disbursal - Personal Loan - Aug 2017,724693.06,39.49,3301339.98
TXN8086242,CUST30016,26-08-2017,Loan Disbursal,PRD0002,Personal Loan,4026072.53,Mobile App,North Zone,Maharashtra,Priya Nair,Completed,Loan Disbursal - Personal Loan - Aug 2017,724693.06,39.49,3301339.98
TXN7066577,CUST66431,10-02-2015,Credit,PRD0011,recurring deposit,1945479.43,Internet Banking,West Zone,Andhra Pradesh,Meena Iyer,Failed,Credit - Recurring Deposit - Nov 2013,350186.3,222.64,1595070.49
TXN3509080,CUST36518,03-06-2024,Loan Disbursal,PRD0014,OD Facility,845979.56,Phone Banking,West Zone,Tamil Nadu,ramesh yadav,Failed,Loan Disbursal - OD Facility - Mar 2023,152276.32,239.64,693463.6
TXN3794660,CUST36911,19-07-2017,PENALTY CHARGE,PRD0009,Savings Account,896916.38,Branch,West Zone,Telangana,sanjay gupta,Completed,Penalty Charge - Savings Account - Jul 2017,161444.95,11.9,735459.53
TXN9357589,CUST55229,27-05-2018,RTGS,PRD0013,Insurance,716273.19,  ATM,South Zone,Gujarat,Deepa Krishnan,Pending,RTGS - Insurance - May 2018,128929.17,369.94,586974.08
TXN5723726,CUST34164,11-01-2022,Cash Withdrawal,PRD0007,Loan Against Property,1395702.95,phone banking,South Zone,Karnataka,Arun Mehta,Pending,Cash Withdrawal - Loan Against Property - Jan 2024,Rs.251226.53,452.37,1144024.05
TXN1897142,CUST43408,25-07-2020,EMI Payment,PRD0002,Personal Loan,2087098.3,Mobile App,Central Zone,West Bengal,Sunita Rao,Completed,EMI Payment - Personal Loan - Jul 2020,0,182.96,2086915.34
TXN2067582,CUST84349,07-01-2014,Cash Withdrawal,PRD0014,od facility,Rs.1028205.4,Branch,East Zone,West Bengal,Priya Nair,Pending,Cash Withdrawal - OD Facility - Jan 2014,178183.11,416.71,811306.34
TXN6343418,CUST34600,25-06-2020,Credit,PRD0002,Personal Loan,4292339.22,ATM,East Zone,Andhra Pradesh,  Amit Patel,Completed,Credit - Personal Loan - Apr 2016,0,227.94,4292111.28
TXN8318067,CUST23614,24-04-2020,Cash Withdrawal,PRD0017,Auto Loan,3247879.37,Mobile App,North Zone,Tamil Nadu,Anita Bose,Under Review,Cash Withdrawal - Auto Loan - Apr 2020,584618.29,117.12,2663143.96
TXN3238680,CUST80593,07-01-2019,Debit,PRD0006,BUSINESS LOAN,3718098.17,Phone Banking,Central Zone,Punjab,Lalita Devi,Failed,Debit - Business Loan - May 2016,669257.67,238.5,Rs.3048602.0
TXN2823146,CUST94985,03-09-2017,RTGS,PRD0003,  Auto Loan,1359654.33,POS,SOUTH ZONE,DELHI,Nitin Joshi,Pending,RTGS - Personal Loan - Sep 2017,0,Rs.256.55,1359397.78
TXN9435943,CUST84473,03-02-2017,LOAN DISBURSAL,PRD0006,BUSINESS LOAN,2909531.17,INTERNET BANKING,West Zone,Uttar Pradesh,Vijay Kumar,Pending,Loan Disbursal - Business Loan - Feb 2017,523715.61,361.43,2385454.13
TXN3946838,CUST82510,13-05-2022,Interest Credit,PRD0006,BUSINESS LOAN,4592263.2,INTERNET BANKING,South Zone,Madhya Pradesh,anita bose,Under Review,Interest Credit - Business Loan - May 2022,0,218.2,4592263.2
TXN6310407,CUST36186,05-07-2025,EMI Payment,PRD0002,Personal Loan,291323.2,NEFT/RTGS,South Zone,Rajasthan,anita bose,Under Review,EMI Payment - Personal Loan - Jul 2025,0,104.97,291218.23
TXN3331442,CUST84349,29-12-2020,Transfer,PRD0007,Loan Against Property,2167298.83,POS,North Zone,Haryana,Lalita Devi,Reversed,Transfer - Loan Against Property - Dec 2020,Rs.390113.79,0,1776960.38
TXN1738154,CUST25461,01-02-2013,NEFT,PRD0004,Gold Loan,1788579.88,  Mobile App,Central Zone,Punjab,Amit Patel,Failed,NEFT - Gold Loan - Dec 2025,0,233.66,1788346.22
TXN8170352,CUST86619,14-07-2018,debit,PRD0009,Savings Account,905569.35,Phone Banking,Central Zone,KERALA,ARUN MEHTA,Pending,Debit - Savings Account - May 2014,0,0,905493.92
TXN5578934,CUST39762,17-05-2025,Cash Withdrawal,PRD0006,Business Loan,4751283.3,Phone Banking,East Zone,madhya pradesh,sanjay gupta,Pending,Cash Withdrawal - Business Loan - Aug 2017,0,0,4751091.27
TXN2067598,CUST39762,17-05-2025,Cash Withdrawal,PRD0006,Business Loan,4751283.3,Phone Banking,East Zone,Madhya Pradesh,Sanjay Gupta,Completed,Cash Withdrawal - Business Loan - Aug 2017,0,192.03,4751091.27
TXN4903786,CUST43619,12-04-2017,  Cash Deposit,PRD0012,Mutual Fund,3227845.61,Phone Banking,East Zone,DELHI,anita bose,Under Review,Cash Deposit - Mutual Fund - Apr 2017,581012.21,206.45,2646626.95
TXN9355285,CUST62751,05-01-2016,Loan Disbursal,PRD0009,Savings Account,897452.28,  Branch,North Zone,Madhya Pradesh,  Lalita Devi,Under Review,Loan Disbursal - Savings Account - Jan 2016,161541.41,339.03,735571.84
TXN9182630,CUST27451,01-May-19,Credit,PRD0009,Savings Account,4950927.86,  ATM,South Zone,karnataka,Lalita Devi,Pending,Credit - Savings Account - May 2019,0,62.4,4950865.46
TXN7820888,CUST47594,02-09-2015,Transfer,PRD0002,PERSONAL LOAN,4800473.16,Branch,north zone,rajasthan,Rajesh Sharma,Completed,Transfer - Personal Loan - Sep 2015,864085.17,337.25,3936050.74
TXN3121114,CUST98208,22-04-2012,Debit,PRD0001,Home Loan,1461195.03,POS,south zone,Uttar Pradesh,Vijay Kumar,Reversed,Debit - Home Loan - Apr 2012,263015.11,186.44,1197993.48
TXN7697400,CUST50037,27-Nov-13,IMPS,PRD0009,Savings Account,3157092.71,NEFT/RTGS,central zone,Kerala,ISHA MEHTA,Under Review,IMPS - Savings Account - Nov 2013,0,158.36,3156934.35
TXN3798112,CUST50037,27-11-2013,IMPS,PRD0009,Savings Account,3157092.71,NEFT/RTGS,South Zone,Kerala,Meena Iyer,Completed,IMPS - Savings Account - Nov 2013,0,158.36,3156934.35
TXN1059603,CUST21728,22-06-2018,  Transfer,PRD0012,Mutual Fund,3449554.74,NEFT/RTGS,Central Zone,Haryana,Ramesh Yadav,Pending,Transfer - Mutual Fund - Jun 2018,620919.85,103.24,2828531.65
TXN6848839,CUST23751,02-04-2023,  Cash Deposit,PRD0014,OD Facility,3551176.93,Phone Banking,East Zone,Punjab,Deepa Krishnan,Reversed,Debit - OD Facility - Apr 2023,639211.85,263.65,2911701.43
TXN4696693,CUST13906,01-Jun-16,EMI Payment,PRD0013,  Insurance,1106784.69,POS,Central Zone,  West Bengal,Rajesh Sharma,Failed,UPI - Insurance - Jun 2016,0,491.02,1106293.67
TXN7762728,CUST10820,10-08-2019,cash deposit,PRD0001,Home Loan,557122.95,Internet Banking,South Zone,west bengal,Amit Patel,Completed,Cash Deposit - Home Loan - Aug 2019,0,102.41,456738.41
TXN8518724,CUST29356,30-04-2018,Cash Withdrawal,PRD0010,Fixed Deposit,2556370.59,atm,East Zone,Tamil Nadu,Mohan Das,Under Review,Cash Withdrawal - Fixed Deposit - Mar 2013,460146.71,391.52,2095832.36
TXN5310993,CUST16113,08-12-2020,Penalty Charge,PRD0010,fixed deposit,4135436.49,pos,SOUTH ZONE,Punjab,meera mehta,Pending,Penalty Charge - Fixed Deposit - Dec 2020,744378.57,454.89,3390603.03
TXN1937632,CUST91292,11-11-2024,Interest Credit,PRD0010,Fixed Deposit,3035528.2,mobile app,North Zone,Telangana,kavitha subramanian,Pending,Interest Credit - Fixed Deposit - Jul 2020,0,53.98,3035474.22
TXN4386455,CUST91292,27-07-2020,Interest Credit,PRD0010,Fixed Deposit,3035528.2,Mobile App,North Zone,Telangana,Kavitha Subramanian,Completed,Interest Credit - Fixed Deposit - Jul 2020,0,53.98,3035474.22
TXN8179597,CUST70562,27-01-2023,Credit,PRD0010,Fixed Deposit,4067122.36,NEFT/RTGS,WEST ZONE,Delhi,deepa krishnan,Pending,Credit - Fixed Deposit - Jan 2023,0,211.18,4066911.18
TXN6503514,CUST95972,18-03-2015,  Transfer,PRD0001,Home Loan,923208.55,Phone Banking,North Zone,karnataka,Sunita Rao,Under Review,Transfer - Home Loan - Mar 2015,0,274.81,922933.74
TXN2953125,CUST37164,11-10-2010,UPI,PRD0001,Home Loan,Rs.2508772.31,ATM,North Zone,Tamil Nadu,anita bose,Under Review,UPI - Home Loan - Jul 2012,451579.02,294.06,2056899.23
TXN1668419,CUST16880,04-Aug-10,NEFT,PRD0009,Savings Account,Rs.1028205.4,Internet Banking,  East Zone,Odisha,kavitha subramanian,Pending ,NEFT - Savings Account - Aug 2010,0,226.6,16207.79
TXN7359161,CUST73998,31-05-2011,  IMPS,PRD0012,Mutual Fund,4345387.58,Internet Banking,South Zone,Madhya Pradesh,KAVITHA SUBRAMANIAN,SUCCESS,IMPS - Mutual Fund - May 2011,0,424.63,4344962.95
TXN8611572,CUST29356,30-04-2018,PENALTY CHARGE,PRD0012,Mutual Fund,4561553.83,Branch,central zone,Haryana,Aarav Nair,Completed,Penalty Charge - Mutual Fund - Sep 2013,821079.69,396.51,3740077.63
TXN9861224,CUST40427,29-03-2021,Debit,PRD0002,Personal Loan,1811947.01,ATM,West Zone,Rajasthan,Mohan Das,Under Review,Debit - Personal Loan - Mar 2021,326150.46,30.78,1485765.77
TXN6157115,CUST95235,20-Jul-14,  UPI,PRD0007,Loan Against Property,2951554.54,POS,east zone,West Bengal,Priya Nair,Failed,UPI - Loan Against Property - Jul 2014,0,202.43,2951352.11
TXN2373990,CUST81658,06-10-2025,Loan Disbursal,PRD0009,Savings Account,1809070.25,Mobile App,South Zone,Tamil Nadu,Sanjay Gupta,Reversed,Loan Disbursal - Savings Account - Oct 2025,0,20.99,1809049.26
TXN5579113,CUST76787,11-05-2024,Cash Withdrawal,PRD0001,Home Loan,4405147.58,Mobile App,WEST ZONE,Kerala,Meena Iyer,Reversed,Cash Withdrawal - Home Loan - May 2024,792926.56,189.78,3612031.24
TXN9786506,CUST33094,11-09-2017,cash deposit,PRD0004,Gold Loan,4243864.41,NEFT/RTGS,North Zone,Madhya Pradesh,Ramesh Yadav,Completed,Cash Deposit - Gold Loan - Sep 2017,Rs.763895.59,196.29,Rs.3479772.53
TXN2509275,CUST33094,11-Sep-17,Cash Deposit,PRD0004,Gold Loan,4243864.41,NEFT/RTGS,North Zone,Madhya Pradesh,Ramesh Yadav,Completed,Cash Deposit - Gold Loan - Sep 2017,763895.59,196.29,3479772.53
TXN7312072,CUST40062,02-06-2016,IMPS,PRD0096,  Mutual Fund,4149539.57,NEFT/RTGS,south zone,Rajasthan,  Lalita Devi,Failed,IMPS - Mutual Fund - Jun 2016,746917.12,168.98,3402453.47
TXN3058776,CUST42947,10-12-2018,Loan Disbursal,PRD0004,GOLD LOAN,1034520.2,Internet Banking,West Zone,Kerala,Ramesh Yadav,COMPLETED,Loan Disbursal - Gold Loan - Dec 2018,186213.64,184.88,848121.68
TXN3574856,CUST10255,21-May-13,EMI Payment,PRD0017,Auto Loan,2928205,POS,Central Zone,Haryana,meena iyer,Pending,EMI Payment - Auto Loan - May 2013,0,59.02,2928145.98
TXN2042878,CUST17458,10-07-2025,  Penalty Charge,PRD0002,Personal Loan,2719002.25,Phone Banking,Central Zone,WEST BENGAL,Anita Bose,Reversed,Penalty Charge - Personal Loan - Sep 2020,489420.4,425.05,2229156.8
TXN5904037,CUST50378,06-05-2017,Transfer,PRD0012,Mutual Fund,4627583.48,POS,West Zone,maharashtra,Mohan Das,Under Review,Transfer - Mutual Fund - Mar 2014,0,256.63,4627326.85
TXN1560564,CUST68554,07-01-2019,UPI,PRD0012,MUTUAL FUND,1928955.5,Branch,Central Zone,West Bengal,vijay kumar,Pending,Interest Credit - Mutual Fund - May 2011,0,188.54,1928766.96
TXN6248212,CUST95649,09-May-13,RTGS,PRD0013,Insurance,3174033.64,ATM,Central Zone,Kerala,Amit Patel,Under Review,RTGS - Insurance - May 2013,571326.06,Rs.212.32,2602495.26
TXN7019334,CUST33094,22-08-2025,Cash Withdrawal,PRD0001,Home Loan,1375530.65,Mobile App,West Zone,Uttar Pradesh,Deepa Krishnan,failed,Cash Withdrawal - Home Loan - Nov 2021,247595.52,267.55,1127667.58
TXN4573475,CUST29482,06-02-2016,DEBIT,PRD0001,Home Loan,4390147.77,Branch,east zone,haryana,Rajesh Sharma,Failed,Debit - Home Loan - Sep 2016,790226.6,66.39,3599854.78
TXN5444179,CUST26803,02-02-2013,Transfer,PRD0012,Mutual Fund,1113350.92,POS,Central Zone,ODISHA,LALITA DEVI,Completed,Transfer - Mutual Fund - Nov 2015,200403.17,425.57,912522.18
TXN3921083,CUST84341,03-06-2017,emi payment,PRD0001,Home Loan,137148.47,ATM,North Zone,andhra pradesh,Vijay Kumar,Pending,EMI Payment - Home Loan - Mar 2017,24686.72,353.7,112108.05
TXN9697238,CUST60194,01-04-2022,INTEREST CREDIT,PRD0008,credit card,3057013.33,BRANCH,West Zone,UTTAR PRADESH,Rajesh Sharma,Completed,Interest Credit - Credit Card - Apr 2022,Rs.0,161.37,3056851.96
TXN1771297,CUST96754,01-03-2024,Interest Credit,PRD0008,Credit Card,4854192.13,atm,West Zone,Haryana,Nitin Joshi,Reversed,Interest Credit - Credit Card - Jun 2017,0,10.2,4854181.93
TXN7818777,CUST76093,11-07-2016,imps,PRD0001,home loan,2131563.07,BRANCH,north zone,Andhra Pradesh,Arun Mehta,Reversed,IMPS - Home Loan - Oct 2011,383681.35,201.53,1747680.19
TXN1376888,CUST26936,30-07-2025,NEFT,PRD0008,CREDIT CARD,2459975.56,Branch,East Zone,Delhi,Rajesh Sharma,Under Review,NEFT - Credit Card - Jul 2025,442795.6,336.07,2016843.89
TXN2941764,CUST49838,26-01-2022,Interest Credit,PRD0009,Savings Account,4963823.35,Branch,north zone,odisha,kavitha subramanian,Pending,Interest Credit - Savings Account - Feb 2011,893488.2,375.92,4069959.23
TXN9261353,CUST93810,03-11-2016,Cash Withdrawal,PRD0014,OD Facility,2298384.13,ATM,south zone,andhra pradesh,Mohan Das,failed,Cash Withdrawal - OD Facility - Jun 2015,413709.14,2.64,1884672.35
TXN9893054,CUST16076,29-01-2013,Penalty Charge,PRD0009,Savings Account,4271929.97,internet banking,South Zone,UTTAR PRADESH,deepa krishnan,Completed,Penalty Charge - Savings Account - Sep 2023,0,208.52,4271721.45
TXN9733350,CUST72505,09-08-2011,RTGS,PRD0004,Gold Loan,274122.11,Mobile App,South Zone,uttar pradesh,Meena Iyer,Reversed,RTGS - Gold Loan - Aug 2011,49341.98,0,224445.32
TXN2660758,CUST73505,01-Oct-19,UPI,PRD0017,Auto Loan,4298541.23,Phone Banking,South Zone,Rajasthan,  Rajesh Sharma,Under Review,UPI - Auto Loan - Oct 2019,773737.42,300.9,3524502.91
TXN1774667,CUST14791,06-07-2019,Loan Disbursal,PRD0014,OD Facility,4293033.06,NEFT/RTGS,West Zone,Uttar Pradesh,Kavitha Subramanian,Reversed,Loan Disbursal - OD Facility - Jul 2019,0,47.72,4292985.34
TXN1007980,CUST83755,26-10-2010,UPI,PRD0008,Credit Card,2695712.26,Branch,SOUTH ZONE,West Bengal,Ramesh Yadav,Pending,UPI - Credit Card - Oct 2010,485228.21,454.84,2210029.21
TXN4547833,CUST49708,14-07-2013,NEFT,PRD0006,Business Loan,4450962.51,Branch,North Zone,  Haryana,Sunita Rao,Under Review,NEFT - Business Loan - Jul 2013,0,27.65,4450934.86
TXN5233498,CUST94008,04-07-2020,CASH DEPOSIT,PRD0017,Auto Loan,2589036.11,Branch,CENTRAL ZONE,Punjab,  Sanjay Gupta,Failed,Cash Deposit - Auto Loan - Aug 2022,466026.5,358.14,2122651.47
TXN4491008,CUST86397,29-03-2024,UPI,PRD0003,  Auto Loan,969025.6,ATM,South Zone,Uttar Pradesh,anita bose,Reversed,UPI - Home Loan - Feb 2010,0,325.68,968699.92
TXN5153918,CUST26936,17-05-2025,EMI Payment,PRD0011,Recurring Deposit,3499277.94,Phone Banking,CENTRAL ZONE,Haryana,Rajesh Sharma,Completed,EMI Payment - Recurring Deposit - Aug 2022,629870.03,152.83,2869255.08
TXN1037260,CUST23614,26-11-2017,RTGS,PRD0014,OD Facility,1874127.86,ATM,East Zone,Uttar Pradesh,Vijay Kumar,Completed,RTGS - OD Facility - Aug 2023,0,408.72,1873719.14
TXN2450866,CUST22736,10-08-2013,Penalty Charge,PRD0017,Auto Loan,4941291.86,  Branch,EAST ZONE,Andhra Pradesh,PRIYA NAIR,Under Review,Penalty Charge - Auto Loan - Aug 2013,889432.53,476.17,4051383.16
TXN5433217,CUST50166,09-04-2021,Cash Withdrawal,PRD0006,Business Loan,3340919.24,  ATM,North Zone,Delhi,MOHAN DAS,Failed,Cash Withdrawal - Business Loan - May 2018,Rs.0,0,3340737.16
TXN8995447,CUST20874,29-03-2024,Interest Credit,PRD0005,Education Loan,4357715.95,Branch,South Zone,andhra pradesh,Mohan Das,Completed,Interest Credit - Education Loan - Jan 2023,0,0,4357386.94
TXN2395339,CUST57131,04-Sep-10,Cash Deposit,PRD0014,OD Facility,3500257.85,Phone Banking,  South Zone,Karnataka,Meena Iyer,Pending,Cash Deposit - OD Facility - Sep 2010,0,461.26,2869750.18
TXN5267878,CUST15316,23-02-2015,Debit,PRD0014,OD Facility,658020.12,MOBILE APP,east zone,Uttar Pradesh,Lalita Devi,Reversed,Debit - OD Facility - Feb 2015,0,318.9,657701.22
TXN5029433,CUST75191,25-06-2016,Cash Withdrawal,PRD0013,INSURANCE,4598757.47,NEFT/RTGS,west zone,Gujarat,nitin joshi,Reversed,Cash Withdrawal - Insurance - Jun 2016,0,367.29,4598390.18
TXN2925837,CUST75191,20-01-2010,Transfer,PRD0009,Savings Account,2082581.88,  ATM,West Zone,  Andhra Pradesh,Priya Nair,Completed,Transfer - Savings Account - Jan 2010,374864.74,25.81,1707691.33
TXN6722490,CUST16914,01-05-2016,NEFT,PRD0004,Gold Loan,3851594.64,Mobile App,  South Zone,Uttar Pradesh,Sunita Rao,Pending,NEFT - Gold Loan - May 2016,693287.04,243.35,3158064.25
TXN3606501,CUST21069,18-05-2013,CREDIT,PRD0004,gold loan,1081471.09,NEFT/RTGS,West Zone,Haryana,SUNITA RAO,Under Review,EMI Payment - Gold Loan - Dec 2023,0,3.41,1081467.68
TXN3118357,CUST89761,06-11-2018,Cash Withdrawal,PRD0002,Personal Loan,3282772.9,NEFT/RTGS,South Zone,  Rajasthan,Sunita Rao,Reversed,Cash Withdrawal - Personal Loan - Apr 2014,0,189.93,3282582.97
TXN9187797,CUST63668,30-03-2015,neft,PRD0011,RECURRING DEPOSIT,2705105.11,ATM,West Zone,Punjab,Meena Iyer,Reversed,NEFT - Recurring Deposit - May 2018,0,12.85,2705092.26
TXN3487011,CUST24316,17-09-2014,UPI,PRD0017,Auto Loan,3742054.99,POS,North Zone,Odisha,Rajesh Sharma,Reversed,UPI - Auto Loan - Feb 2016,673569.9,Rs.85.7,3068399.39
TXN7396659,CUST40516,08-Nov-10,Loan Disbursal,PRD0013,Insurance,2815782.95,Phone Banking,West Zone,haryana,Lalita Devi,Reversed,Loan Disbursal - Insurance - Nov 2010,0,55.42,2815727.53
TXN8001895,CUST69151,03-03-2015,DEBIT,PRD0014,OD Facility,2504391.25,  ATM,East Zone,punjab,nitin joshi,Under Review,Debit - OD Facility - Mar 2015,0,339.19,2504052.06
TXN3303205,CUST81476,09-04-2019,Debit,PRD0008,CREDIT CARD,2858680.08,  NEFT/RTGS,north zone,KERALA,Vijay Kumar,Reversed,Debit - Credit Card - Jun 2012,0,Rs.92.92,2858587.16
TXN6705869,CUST80675,04-06-2021,IMPS,PRD0004,Gold Loan,2231547.28,NEFT/RTGS,Central Zone,West Bengal,Ramesh Yadav,Pending,IMPS - Gold Loan - Apr 2021,0,72.67,2231474.61
TXN6394586,CUST79515,26-01-2014,Penalty Charge,PRD0096,  Mutual Fund,1892810.74,Internet Banking,WEST ZONE,Telangana,amit patel,SUCCESS,Penalty Charge - Mutual Fund - Jan 2014,0,59.83,1892750.91
TXN4652231,CUST74219,25-Sep-18,Credit,PRD0009,Savings Account,2553188.41,Mobile App,South Zone,West Bengal,Kavitha Subramanian,Completed,Credit - Savings Account - Sep 2018,0,490.31,2552698.1
TXN3508999,CUST34435,04-03-2011,EMI Payment,PRD0002,PERSONAL LOAN,2261719.69,PHONE BANKING,Central Zone,MAHARASHTRA,arjun mehta,SUCCESS,EMI Payment - Personal Loan - Mar 2011,0,256.46,2261463.23
TXN1204977,CUST84341,09-02-2023,Debit,PRD0009,Savings Account,2921032.93,ATM,north zone,rajasthan,Vijay Kumar,Failed,Debit - Savings Account - Feb 2023,525785.93,418.2,2394828.8
TXN2998290,CUST30286,22-03-2022,IMPS,PRD0011,Recurring Deposit,144394.42,Internet Banking,WEST ZONE,Kerala,Nitin Joshi,Pending,IMPS - Recurring Deposit - Mar 2022,0,234.13,144394.42
TXN5465695,CUST59786,20-03-2022,cash withdrawal,PRD0011,Recurring Deposit,1630027.46,  Branch,North Zone,West Bengal,PRIYA NAIR,Reversed,Cash Withdrawal - Recurring Deposit - Jul 2022,293404.94,186.32,1336436.2
TXN2876591,CUST44825,07-11-2013,Transfer,PRD0003,  Auto Loan,1139202.51,phone banking,East Zone,Delhi,Anita Bose,Pending,Transfer - Business Loan - Mar 2015,0,30.74,1139202.51
TXN2096020,CUST53420,20-10-2014,UPI,PRD0006,Business Loan,Rs.4558280.56,ATM,West Zone,West Bengal,Vijay Kumar,Failed,UPI - Business Loan - Oct 2014,820490.5,233.52,3737556.54
TXN3513242,CUST95799,17-09-2016,Cash Withdrawal,PRD0013,Insurance,Rs.4012573.74,NEFT/RTGS,North Zone,Uttar Pradesh,Sunita Rao,Under Review,Cash Withdrawal - Insurance - Apr 2011,722263.27,118.61,Rs.4012573.74
TXN7696773,CUST63093,09-04-2021,Loan Disbursal,PRD0011,Recurring Deposit,2786556.1,ATM,central zone,Haryana,Sanjay Gupta,Completed,Loan Disbursal - Recurring Deposit - Jun 2014,Rs.0,0.29,2786555.81
TXN8191823,CUST69839,24-03-2014,Penalty Charge,PRD0017,Auto Loan,1865434.28,  ATM,SOUTH ZONE,TELANGANA,Vijay Kumar,Under Review,Penalty Charge - Auto Loan - Apr 2012,0,0,1865115.1
TXN1951744,CUST69839,30-04-2012,Penalty Charge,PRD0017,Auto Loan,1865434.28,Mobile App,South Zone,Telangana,Vijay Kumar,Completed,Penalty Charge - Auto Loan - Apr 2012,0,319.18,1865115.1
TXN3072165,CUST96754,29-10-2015,IMPS,PRD0006,business loan,3150346.41,Branch,east zone,Uttar Pradesh,Nitin Joshi,Under Review,IMPS - Business Loan - Oct 2015,567062.35,455.4,2582828.66
TXN4622389,CUST27705,07-11-2013,NEFT,PRD0002,Personal Loan,1711927.63,Phone Banking,South Zone,Uttar Pradesh,Sanjay Gupta,Reversed,Loan Disbursal - Personal Loan - Aug 2010,0,110.74,1403669.92
TXN8476002,CUST24316,14-03-2021,Credit,PRD0011,recurring deposit,2675827.97,POS,North Zone,  Uttar Pradesh,Arjun Iyer,Pending,Credit - Recurring Deposit - Mar 2021,481649.03,27.59,2194151.35
TXN6557312,CUST21053,20-10-2020,Cash Withdrawal,PRD0005,EDUCATION LOAN,4157135.36,NEFT/RTGS,South Zone,haryana,Sai Nair,Completed,Cash Withdrawal - Education Loan - Oct 2020,0,174.63,4156960.73
TXN5392965,CUST19924,31-10-2011,Loan Disbursal,PRD0075,  Education Loan,3879914.82,  ATM,Central Zone,Haryana,Meena Iyer,Failed,Loan Disbursal - Education Loan - Oct 2011,0,166.23,3879748.59
TXN6907783,CUST24367,25-12-2011,Penalty Charge,PRD0017,AUTO LOAN,1791995.76,atm,South Zone,Punjab,Ramesh Yadav,Reversed,Penalty Charge - Auto Loan - Dec 2011,0,46.7,1791949.06
TXN9371971,CUST26803,08-07-2025,Penalty Charge,PRD0013,Insurance,3684882.55,Mobile App,CENTRAL ZONE,West Bengal,Vijay Kumar,Pending,Penalty Charge - Insurance - Jul 2025,663278.86,0,3684882.55
TXN8654198,CUST58705,10-06-2025,Cash Withdrawal,PRD0014,OD Facility,1735451.49,Mobile App,North Zone,Rajasthan,Nitin Joshi,SUCCESS,Cash Withdrawal - OD Facility - Feb 2010,312381.27,218.95,1422851.27
TXN6566088,CUST31237,19-10-2025,IMPS,PRD0010,Fixed Deposit,1383319.12,Internet Banking,North Zone,Karnataka,sai joshi,Pending ,IMPS - Fixed Deposit - Oct 2025,248997.44,176.84,1134144.84
TXN8279207,CUST88956,24-06-2019,Penalty Charge,PRD0011,Recurring Deposit,2914316.03,Phone Banking,Central Zone,RAJASTHAN,Amit Patel,Reversed,Penalty Charge - Recurring Deposit - Jun 2019,524576.89,457.03,2389282.11
TXN1795543,CUST39710,17-05-2019,  UPI,PRD0013,Insurance,1345913.53,Branch,North Zone,MAHARASHTRA,Anita Bose,Failed,UPI - Insurance - May 2019,242264.44,277.46,1103371.63
TXN5949005,CUST58323,11-09-2018,IMPS,PRD0002,Personal Loan,4566206.07,mobile app,West Zone,Uttar Pradesh,Vijay Kumar,Pending,IMPS - Personal Loan - Sep 2018,0,469.7,4565736.37
TXN2400628,CUST62312,09-04-2021,NEFT,PRD0002,Personal Loan,Rs.1028205.4,Phone Banking,WEST ZONE,Delhi,Nitin Joshi,Reversed,NEFT - Personal Loan - Jun 2014,0,270.72,3545572.26
TXN8705171,CUST72459,28-06-2025,RTGS,PRD0001,Home Loan,3634506.17,Internet Banking,East Zone,  Punjab,Sunita Rao,failed,RTGS - Home Loan - May 2023,0,450.46,3634055.71
TXN3562352,CUST17263,19-08-2019,Loan Disbursal,PRD0012,Mutual Fund,1214591.56,Branch,North Zone,Andhra Pradesh,Sunita Rao,Failed,Loan Disbursal - Mutual Fund - Jun 2021,0,2.08,1214589.48
TXN4841298,CUST42441,11-01-2022,transfer,PRD0008,  Credit Card,4072150.16,Branch,EAST ZONE,Maharashtra,Rajesh Sharma,Pending,Transfer - Credit Card - Mar 2011,0,267.77,4071882.39
TXN4833800,CUST90863,08-05-2019,Cash Withdrawal,PRD0004,Gold Loan,752255.86,  ATM,North Zone,Haryana,DEEPA KRISHNAN,Under Review,Cash Withdrawal - Gold Loan - May 2019,0,427.53,751828.33
TXN3773182,CUST65215,10-08-2017,Penalty Charge,PRD0006,Business Loan,747387.61,MOBILE APP,NORTH ZONE,Odisha,AMIT PATEL,Under Review,Penalty Charge - Business Loan - Aug 2017,0,405.1,746982.51
TXN9172306,CUST75494,17-09-2014,NEFT,PRD0003,  Auto Loan,2132791.05,BRANCH,East Zone,Andhra Pradesh,Ramesh Yadav,COMPLETED,NEFT - Loan Against Property - Jun 2017,383902.39,281.02,1748607.64
TXN1746527,CUST87912,12-04-2017,Interest Credit,PRD0003,  Auto Loan,3796995.81,MOBILE APP,North Zone,Delhi,Amit Patel,Under Review,Interest Credit - Personal Loan - Dec 2019,683459.25,0,3113293.62
TXN7543209,CUST60096,20-03-2022,interest credit,PRD0013,Insurance,4268275.87,PHONE BANKING,West Zone,Uttar Pradesh,Deepa Krishnan,Failed,Interest Credit - Insurance - Aug 2014,768289.66,43.38,3499942.83
TXN6351984,CUST93284,03-05-2022,CASH DEPOSIT,PRD0008,Credit Card,1280585.01,  ATM,Central Zone,uttar pradesh,Mohan Das,Reversed,Cash Deposit - Credit Card - May 2024,0,311.16,1280273.85
TXN6470328,CUST78679,04-10-2011,EMI Payment,PRD0017,Auto Loan,2404391.91,  POS,South Zone,Punjab,Nitin Joshi,Under Review,EMI Payment - Auto Loan - Oct 2011,0,71.18,2404320.73
TXN7324096,CUST40345,06-06-2019,rtgs,PRD0007,Loan Against Property,1964493.36,POS,  West Zone,Rajasthan,RAMESH YADAV,Completed,RTGS - Loan Against Property - Sep 2013,353608.8,393.24,1610491.32
TXN2805032,CUST85887,13-03-2012,CREDIT,PRD0004,gold loan,73894.09,Phone Banking,West Zone,KARNATAKA,RAJESH SHARMA,Failed,NEFT - Gold Loan - Mar 2012,0,13.48,73880.61
TXN7634633,CUST49152,09-05-2023,interest credit,PRD0014,OD Facility,607991.54,MOBILE APP,South Zone,Madhya Pradesh,amit patel,failed,Interest Credit - OD Facility - Aug 2017,0,246.98,607744.56
TXN4844975,CUST43518,17-05-2011,Penalty Charge,PRD0014,OD Facility,306853.2,Internet Banking,West Zone,maharashtra,mohan das,Completed,Penalty Charge - OD Facility - Mar 2021,0,104.07,306749.13
TXN2503651,CUST98208,24-11-2016,IMPS,PRD0010,fixed deposit,1885237.61,  Mobile App,South Zone,Odisha,Nitin Joshi,Pending ,IMPS - Fixed Deposit - Nov 2016,0,29.6,Rs.1885208.01
TXN2355893,CUST89761,10-06-2014,CASH WITHDRAWAL,PRD0013,Insurance,1126036.92,Branch,North Zone,Telangana,Ramesh Yadav,Reversed,Cash Withdrawal - Insurance - Jun 2014,0,320.03,1125716.89
TXN8394218,CUST19432,10-07-2022,credit,PRD0012,Mutual Fund,4258224.4,NEFT/RTGS,  East Zone,Kerala,MEENA IYER,Failed,Credit - Mutual Fund - Jul 2022,0,194.8,4258029.6
TXN9730849,CUST95235,25-Feb-16,Cash Deposit,PRD0008,credit card,626329.98,  ATM,East Zone,Delhi,SANJAY GUPTA,completed,Cash Deposit - Credit Card - Feb 2016,112739.4,233.83,626329.98
TXN1881059,CUST96363,25-Dec-13,Transfer,PRD0012,Mutual Fund,4427189.89,Phone Banking,West Zone,Kerala,Mohan Das,Under Review,Transfer - Mutual Fund - Dec 2013,0,22.44,4427167.45
TXN9398747,CUST83872,23-02-2024,IMPS,PRD0007,Loan Against Property,2024830.57,ATM,West Zone,Kerala,MOHAN DAS,Pending,IMPS - Loan Against Property - Feb 2024,364469.5,415.53,1659945.54
TXN9544721,CUST69198,14-04-2013,loan disbursal,PRD0017,Auto Loan,4290796.88,NEFT/RTGS,  North Zone,Odisha,Priya Nair,Under Review,Loan Disbursal - Auto Loan - Apr 2013,772343.44,121.35,Rs.3518332.09
TXN9469386,CUST16461,22-05-2022,cash withdrawal,PRD0002,Personal Loan,1999342.46,Mobile App,Central Zone,Karnataka,ramesh yadav,Reversed,Cash Withdrawal - Personal Loan - May 2022,0,318.94,1999023.52
TXN1590471,CUST45989,30-03-2015,RTGS,PRD0017,Auto Loan,1123929.7,ATM,South Zone,Madhya Pradesh,Mohan Das,Completed,RTGS - Auto Loan - Nov 2020,202307.35,320.02,921302.33
TXN4491559,CUST80675,28-Mar-19,Interest Credit,PRD0014,OD Facility,101098,POS,West Zone,KERALA,amit patel,Pending,Interest Credit - OD Facility - Mar 2019,18197.64,34.19,82866.17
TXN9595075,CUST65236,15-02-2011,Transfer,PRD0007,loan against property,22799.08,Branch,South Zone,Tamil Nadu,Lalita Devi,Failed,Transfer - Loan Against Property - Feb 2011,4103.83,374.85,18320.4
TXN6716299,CUST27428,10-04-2014,  Cash Withdrawal,PRD0008,Credit Card,320162.5,MOBILE APP,West Zone,Andhra Pradesh,Rajesh Sharma,Under Review,Cash Withdrawal - Credit Card - Apr 2014,0,277.11,319885.39
TXN6681473,CUST17736,06-07-2022,Cash Withdrawal,PRD0010,Fixed Deposit,1644570.65,Phone Banking,Central Zone,Andhra Pradesh,Mohan Das,Failed,Cash Deposit - Fixed Deposit - Feb 2021,296022.72,162.72,Rs.1348385.21
TXN1600155,CUST21770,18-01-2021,Loan Disbursal,PRD0011,Recurring Deposit,1830007.23,Internet Banking,West Zone,WEST BENGAL,Ramesh Yadav,Pending ,Loan Disbursal - Recurring Deposit - Jan 2021,0,289.18,1829718.05
TXN2451661,CUST49838,04-Apr-22,Transfer,PRD0002,Personal Loan,4826209.9,Branch,West Zone,DELHI,Vijay Kumar,Failed,Transfer - Personal Loan - Apr 2022,868717.78,322.4,3957169.72
TXN3757923,CUST75191,15-Jun-25,Debit,PRD0001,home loan,1404758.01,mobile app,East Zone,Punjab,  Rajesh Sharma,Failed,Debit - Home Loan - Jun 2025,252856.44,387.69,1151513.88
TXN4660124,CUST93810,03-11-2016,Debit,PRD0014,od facility,Rs.2756385.28,POS,West Zone,Andhra Pradesh,Ramesh Yadav,Completed,Debit - OD Facility - Mar 2016,496149.35,464.52,2259771.41
TXN4118479,CUST82357,18-Jan-25,Loan Disbursal,PRD0010,Fixed Deposit,4414653,  ATM,South Zone,Gujarat,Sunita Rao,Failed,Loan Disbursal - Fixed Deposit - Jan 2025,794637.54,156.95,3619858.51
TXN7089223,CUST71952,23-Mar-23,  Cash Deposit,PRD0006,Business Loan,4011573.22,  ATM,  South Zone,Kerala,Rajesh Sharma,Failed,Cash Deposit - Business Loan - Mar 2023,722083.18,118.25,3289371.79
TXN4450659,CUST89691,10-Sep-25,Cash Deposit,PRD0008,credit card,293147.74,Mobile App,West Zone,TAMIL NADU,Sanjay Gupta,Under Review,Cash Deposit - Credit Card - Sep 2025,0,289.74,292858
TXN1755884,CUST64419,26-11-2017,Credit,PRD0003,  Auto Loan,Rs.1028205.4,Phone Banking,South Zone,Karnataka,Lalita Devi,Completed,Credit - Fixed Deposit - Mar 2017,0,225.71,2066855.84
TXN2492468,CUST82357,21-Oct-21,RTGS,PRD0017,Auto Loan,3272481.21,NEFT/RTGS,NORTH ZONE,andhra pradesh,Priya Nair,Pending,RTGS - Auto Loan - Oct 2021,0,466.3,3272014.91
TXN7347110,CUST51311,06-06-2019,Transfer,PRD0007,Loan Against Property,282258.43,NEFT/RTGS,North Zone,Maharashtra,Kavitha Subramanian,Reversed,Transfer - Loan Against Property - Jul 2010,50806.52,0,231124.28
TXN9231679,CUST50166,09-04-2021,Loan Disbursal,PRD0012,Mutual Fund,1185340.48,neft/rtgs,NORTH ZONE,Rajasthan,Lalita Devi,Completed,Loan Disbursal - Mutual Fund - Dec 2019,213361.29,57.86,971921.33
TXN1006934,CUST59786,10-12-2025,Cash Withdrawal,PRD0010,Fixed Deposit,992365.59,Branch,north zone,West Bengal,Vijay Kumar,Under Review,Interest Credit - Fixed Deposit - Dec 2025,178625.81,412.07,813327.71
TXN8811403,CUST59528,12-11-2020,CREDIT,PRD0013,Insurance,451213.24,Phone Banking,East Zone,Odisha,Rajesh Sharma,Pending,Credit - Insurance - Nov 2020,0,303.34,450909.9
TXN2627574,CUST63093,19-Jul-12,Interest Credit,PRD0014,  OD Facility,4843675.3,mobile app,South Zone,Karnataka,Priya Nair,Under Review,Interest Credit - OD Facility - Jul 2012,0,106.73,4843568.57
TXN4137942,CUST70036,27-11-2013,IMPS,PRD0012,Mutual Fund,1844336.64,Internet Banking,East Zone,Uttar Pradesh,Mohan Das,Completed,IMPS - Mutual Fund - Nov 2013,331980.6,391.58,1511964.46
TXN4562995,CUST34697,11-10-2010,  Cash Deposit,PRD0014,OD Facility,2939466.65,ATM,Central Zone,Madhya Pradesh,Mohan Das,Reversed,Loan Disbursal - OD Facility - Apr 2015,529104,342.58,2410020.07
TXN7051811,CUST39710,04-07-2012,Credit,PRD0012,Mutual Fund,4645162.86,POS,South Zone,Karnataka,Anita Bose,Reversed,Credit - Mutual Fund - Apr 2012,836129.31,230.6,3808802.95
TXN5789660,CUST84341,23-03-2025,NEFT,PRD0010,Fixed Deposit,4132060.33,  Mobile App,Central Zone,KERALA,Nitin Joshi,Reversed,NEFT - Fixed Deposit - Nov 2019,0,454.71,3387834.76
TXN5704263,CUST61721,18-11-2023,Cash Withdrawal,PRD0012,Mutual Fund,1994812.46,  ATM,central zone,  Haryana,Kavitha Subramanian,Pending,Cash Withdrawal - Mutual Fund - Nov 2023,0,188.21,1635558.01
TXN3421140,CUST97304,29-03-2021,neft,PRD0004,Gold Loan,1208016.8,NEFT/RTGS,East Zone,DELHI,Priya Nair,Reversed,NEFT - Gold Loan - Mar 2021,217443.02,286.63,990287.15
TXN8579997,CUST27451,10-03-2022,IMPS,PRD0009,Savings Account,2850266.16,NEFT/RTGS,south zone,West Bengal,Rajesh Sharma,Under Review,IMPS - Savings Account - Mar 2022,513047.91,215.79,2337002.46
TXN1919809,CUST50888,09-08-2019,Cash Deposit,PRD0002,Personal Loan,4978414.82,ATM,West Zone,Punjab,Arun Mehta,Pending,Cash Deposit - Personal Loan - Jan 2011,0,0,4978074.96
TXN5848715,CUST88956,20-Jul-14,credit,PRD0010,Fixed Deposit,2869653.85,Mobile App,North Zone,Kerala,Amit Patel,Pending,Credit - Fixed Deposit - Jul 2014,516537.69,161.33,2352954.83
TXN8131348,CUST21053,06-11-2021,Interest Credit,PRD0009,Savings Account,549673.58,ATM,EAST ZONE,Kerala,Mohan Das,Under Review,Interest Credit - Savings Account - Nov 2021,98941.24,409.12,450323.22
TXN9938950,CUST21053,11-06-2021,Interest Credit,PRD0009,Savings Account,549673.58,ATM,East Zone,Kerala,Mohan Das,Completed,Interest Credit - Savings Account - Nov 2021,98941.24,409.12,450323.22
TXN1157081,CUST83566,13-04-2024,Credit,PRD0012,Mutual Fund,4734473.91,Branch,South Zone,Delhi,Kavitha Subramanian,Pending ,Credit - Mutual Fund - Apr 2024,852205.3,411.09,3881857.52
TXN3443772,CUST81654,14-09-2012,Transfer,PRD0013,Insurance,2821224.28,phone banking,CENTRAL ZONE,Andhra Pradesh,NITIN JOSHI,Reversed,Transfer - Insurance - Jul 2014,0,399.08,2820825.2
TXN5305076,CUST72722,16-05-2012,Interest Credit,PRD0008,Credit Card,1504026.87,Internet Banking,east zone,West Bengal,Mohan Das,Reversed,Interest Credit - Credit Card - May 2012,0,438.85,1503588.02
TXN7348190,CUST14959,14-07-2016,Interest Credit,PRD0008,CREDIT CARD,Rs.4287673.12,Phone Banking,Central Zone,TELANGANA,Sunita Rao,Reversed,Interest Credit - Credit Card - Jul 2016,771781.16,428.53,3515463.43
TXN1455015,CUST63848,05-Feb-15,CASH DEPOSIT,PRD0008,Credit Card,1864025.85,Mobile App,South Zone,West Bengal,Priya Nair,Pending,RTGS - Credit Card - Feb 2015,335524.65,178.5,1528322.7
TXN3622036,CUST49708,21-11-2020,Interest Credit,PRD0002,  Personal Loan,1293935.4,NEFT/RTGS,West Zone,Kerala,Lalita Devi,Pending,Interest Credit - Personal Loan - Nov 2020,232908.37,264.82,1060762.21
TXN9595678,CUST83308,08-05-2022,emi payment,PRD0006,business loan,1021714.07,POS,North Zone,Andhra Pradesh,Vijay Kumar,Reversed,EMI Payment - Business Loan - May 2022,183908.53,40.86,837764.68
TXN5989529,CUST73156,01-08-2014,UPI,PRD0010,fixed deposit,2400107.98,NEFT/RTGS,West Zone,rajasthan,anita bose,Under Review,UPI - Fixed Deposit - Aug 2014,432019.44,304.65,1967783.89
TXN1235083,CUST18993,03-05-2022,EMI Payment,PRD0008,Credit Card,1360609.05,Phone Banking,East Zone,Andhra Pradesh,Priya Joshi,Completed,EMI Payment - Credit Card - Jul 2011,244909.63,160.69,1115538.73
TXN7070703,CUST75288,08-10-2017,interest credit,PRD0017,auto loan,2397180.09,Mobile App,NORTH ZONE,MADHYA PRADESH,DEEPA KRISHNAN,Failed,Interest Credit - Auto Loan - Nov 2023,431492.42,0,1965531.04
TXN8853340,CUST14501,19-07-2024,Loan Disbursal,PRD0004,  Gold Loan,52796.48,POS,east zone,Telangana,  Sunita Rao,Completed,Loan Disbursal - Gold Loan - Jul 2024,9503.37,405.89,42887.22
TXN3800326,CUST95403,21-04-2010,NEFT,PRD0005,EDUCATION LOAN,Rs.1028205.4,Phone Banking,North Zone,MAHARASHTRA,Lalita Devi,Completed,NEFT - Education Loan - Aug 2023,0,174.82,2929932.33
TXN2506719,CUST12933,03-11-2010,NEFT,PRD0017,Auto Loan,1841945.09,Phone Banking,North Zone,Haryana,Nitin Joshi,Reversed,NEFT - Auto Loan - Mar 2010,0,348.41,1841596.68
TXN4293935,CUST20127,13-10-2022,debit,PRD0017,Auto Loan,4421607.29,phone banking,North Zone,Haryana,priya nair,Under Review,Debit - Auto Loan - Sep 2021,0,135.05,4421472.24
TXN9035881,CUST11209,28-12-2014,Credit,PRD0013,Insurance,4148007.96,atm,NORTH ZONE,Odisha,Sanjay Gupta,Pending,Credit - Insurance - Dec 2014,0,66.66,4147941.3
TXN9904485,CUST23413,21-01-2015,Cash Deposit,PRD0008,CREDIT CARD,3242803.72,POS,East Zone,Karnataka,Ramesh Yadav,Completed,Cash Deposit - Credit Card - Jan 2015,583704.67,377.16,2658721.89
TXN7268734,CUST85051,23-06-2018,IMPS,PRD0004,GOLD LOAN,3978863.86,  Internet Banking,East Zone,Karnataka,Meena Iyer,Reversed,IMPS - Gold Loan - Jun 2018,0,117.23,3978746.63
TXN4219048,CUST83399,06-12-2010,Credit,PRD0017,AUTO LOAN,4449058.57,ATM,South Zone,Rajasthan,Kavitha Subramanian,Pending ,Credit - Auto Loan - Jun 2010,0,447.44,4448611.13
TXN5402774,CUST60326,16-06-2024,Cash Deposit,PRD0009,Savings Account,219789.92,ATM,East Zone,Kerala,Arun Mehta,completed,Cash Deposit - Savings Account - Jun 2024,0,409.62,219380.3
TXN7552224,CUST20749,06-11-2019,NEFT,PRD0003,  Auto Loan,341153.95,Mobile App,Central Zone,Kerala,Deepa Krishnan,Pending,NEFT - Auto Loan - Nov 2019,0,84.1,341153.95
TXN6768381,CUST24515,03-03-2015,debit,PRD0002,Personal Loan,1228489.97,NEFT/RTGS,North Zone,kerala,Mohan Das,Under Review,Debit - Personal Loan - Mar 2015,221128.19,301.77,1007060.01
TXN6911937,CUST85631,12-08-2020,UPI,PRD0011,Recurring Deposit,1092749.87,atm,North Zone,haryana,Kavitha Subramanian,Reversed,UPI - Recurring Deposit - Dec 2020,0,46.35,1092703.52
TXN1232360,CUST14501,05-06-2017,Loan Disbursal,PRD0005,Education Loan,1169210.56,Mobile App,south zone,Karnataka,Lalita Devi,Reversed,Loan Disbursal - Education Loan - Mar 2017,210457.9,490.66,958262
TXN8051602,CUST50812,10-07-2016,IMPS,PRD0011,Recurring Deposit,965561.64,Mobile App,South Zone,West Bengal,Arun Mehta,Reversed,IMPS - Recurring Deposit - Jul 2016,173801.1,177.89,791582.65
TXN1299296,CUST88561,05-Dec-21,UPI,PRD0001,  Home Loan,490506.52,MOBILE APP,NORTH ZONE,Rajasthan,Priya Nair,Failed,UPI - Home Loan - Dec 2021,88291.17,290.55,401924.8
TXN5078680,CUST89098,04-Apr-10,NEFT,PRD0012,Mutual Fund,3691757.78,ATM,  South Zone,Maharashtra,sanjay gupta,Under Review,NEFT - Mutual Fund - Apr 2010,0,309.77,3691448.01
TXN4702879,CUST24515,29-07-2020,  IMPS,PRD0014,OD Facility,3831772.28,ATM,East Zone,Gujarat,Kavitha Subramanian,COMPLETED,IMPS - OD Facility - Jul 2020,689719.01,253.46,3141799.81
TXN6321112,CUST82089,15-Oct-14,Loan Disbursal,PRD0010,Fixed Deposit,245881.65,POS,south zone,Tamil Nadu,Rajesh Sharma,Failed,Loan Disbursal - Fixed Deposit - Oct 2014,44258.7,346.65,201276.3
TXN5090013,CUST28117,18-10-2025,RTGS,PRD0009,Savings Account,741538.64,Internet Banking,Central Zone,MADHYA PRADESH,Mohan Das,Failed,RTGS - Savings Account - Oct 2025,133476.96,395.91,607665.77
TXN2646606,CUST13906,03-06-2023,Transfer,PRD0012,Mutual Fund,Rs.2272907.04,  Branch,south zone,Gujarat,RAMESH YADAV,SUCCESS,Transfer - Mutual Fund - Jun 2023,0,117.64,2272789.4
TXN8749596,CUST17179,25-Jun-22,Interest Credit,PRD0006,Business Loan,3617728.12,  ATM,Central Zone,WEST BENGAL,Ramesh Yadav,Under Review,Interest Credit - Business Loan - Jun 2022,651191.06,0,2966158.38
TXN3932701,CUST50812,23-Dec-14,UPI,PRD0017,AUTO LOAN,123573.48,Mobile App,South Zone,Punjab,Ramesh Yadav,Failed,UPI - Auto Loan - Dec 2014,0,166.31,123407.17
TXN6887260,CUST62286,02-07-2018,Cash Withdrawal,PRD0005,Education Loan,4650276.52,Mobile App,West Zone,Uttar Pradesh,Mohan Das,Failed,Cash Withdrawal - Education Loan - Jul 2018,837049.77,21.99,3813204.76
TXN4982656,CUST77394,31-May-13,upi,PRD0014,OD Facility,2694006.2,Mobile App,west zone,Delhi,Arun Mehta,Pending,UPI - OD Facility - May 2013,484921.12,149.16,2208935.92
TXN5821938,CUST36911,06-01-2012,  Debit,PRD0012,Mutual Fund,3954550.47,ATM,  Central Zone,TELANGANA,Kavitha Subramanian,Under Review,Debit - Mutual Fund - Jan 2012,0,482.61,3954067.86
TXN5869878,CUST42947,19-12-2016,CASH DEPOSIT,PRD0006,Business Loan,1387899.89,Phone Banking,East Zone,Maharashtra,Mohan Das,Pending ,Cash Deposit - Business Loan - Dec 2016,249821.98,68.78,1138009.13
TXN1281181,CUST74219,20-04-2016,IMPS,PRD0014,OD Facility,2672042.83,POS,North Zone,Haryana,Lalita Devi,Pending,IMPS - OD Facility - Apr 2016,480967.71,265.88,2672042.83
TXN3293564,CUST95403,21-04-2010,Interest Credit,PRD0017,AUTO LOAN,3562242.15,ATM,Central Zone,West Bengal,Nitin Joshi,Completed,Interest Credit - Auto Loan - Aug 2022,641203.59,498.7,2920539.86
TXN1791101,CUST18807,18-07-2019,Cash Deposit,PRD0007,Loan Against Property,4059463.77,NEFT/RTGS,West Zone,Telangana,Meena Iyer,Pending,Cash Deposit - Loan Against Property - Jul 2019,730703.48,364.76,Rs.3328395.53
TXN2403825,CUST18993,10-06-2018,NEFT,PRD0017,Auto Loan,Rs.3438967.19,ATM,west zone,Karnataka,  Sunita Rao,failed,NEFT - Auto Loan - Oct 2018,619014.09,212.23,Rs.2819740.87
TXN6769851,CUST38885,11-06-2018,Cash Deposit,PRD0007,Loan Against Property,3428305.35,ATM,West Zone,  Kerala,Sunita Rao,Failed,Cash Deposit - Loan Against Property - Jun 2018,617094.96,381.98,2810828.41
TXN1194742,CUST34420,06-05-2017,Loan Disbursal,PRD0013,insurance,Rs.200251.67,ATM,East Zone,haryana,DEEPA KRISHNAN,Pending,Loan Disbursal - Insurance - Sep 2018,0,462.76,199788.91
TXN2404901,CUST73505,30-12-2012,RTGS,PRD0009,Savings Account,3239497.47,POS,  North Zone,West Bengal,Amit Patel,SUCCESS,RTGS - Savings Account - Feb 2017,583109.54,433.95,2655953.98
TXN8029070,CUST92203,22-04-2010,Transfer,PRD0010,Fixed Deposit,Rs.1807915.87,phone banking,East Zone,Madhya Pradesh,mohan das,Failed,Transfer - Fixed Deposit - Apr 2010,0,417.26,1807498.61
TXN6994821,CUST29356,08-09-2021,NEFT,PRD0003,  Auto Loan,609009.61,Phone Banking,West Zone,uttar pradesh,Deepa Krishnan,Under Review,NEFT - Mutual Fund - Aug 2021,109621.73,0,498983.22
TXN7638324,CUST87912,12-04-2017,EMI Payment,PRD0009,Savings Account,33927.99,  ATM,South Zone,Karnataka,Anita Bose,Completed,EMI Payment - Savings Account - Jan 2020,6107.04,151.14,27669.81
TXN9247768,CUST52584,18-10-2021,PENALTY CHARGE,PRD0001,Home Loan,946559.07,Branch,East Zone,KARNATAKA,rajesh sharma,Completed,Penalty Charge - Home Loan - Oct 2021,170380.63,358.05,775820.39
TXN8032560,CUST39109,18-05-2013,RTGS,PRD0005,EDUCATION LOAN,1715656.39,ATM,Central Zone,Tamil Nadu,  Arun Mehta,Failed,RTGS - Education Loan - Jan 2019,308818.15,153.04,1406685.2
TXN9404513,CUST72722,14-10-2024,Cash Deposit,PRD0075,  Education Loan,3387936.43,Phone Banking,  South Zone,Odisha,Anita Bose,Under Review,Cash Deposit - Education Loan - Oct 2024,609828.56,140.16,2777967.71
TXN1112079,CUST72722,01-03-2024,RTGS,PRD0010,Fixed Deposit,336979.03,Phone Banking,North Zone,West Bengal,Vivaan Pillai,Pending,RTGS - Fixed Deposit - Jul 2017,60656.23,199.54,276123.26
TXN5188792,CUST71587,20-06-2012,Transfer,PRD0004,Gold Loan,3921579.44,Mobile App,East Zone,Odisha,Vijay Kumar,Failed,Transfer - Gold Loan - Jun 2012,0,191.6,3215503.54
TXN2319672,CUST84341,06-Sep-13,Debit,PRD0002,Personal Loan,4642622.96,Mobile App,South Zone,Uttar Pradesh,priya reddy,Completed,Debit - Personal Loan - Sep 2013,835672.13,373.98,3806576.85
TXN3289781,CUST83399,24-Aug-12,loan disbursal,PRD0012,Mutual Fund,61938.71,Phone Banking,East Zone,kerala,Amit Patel,Completed,Loan Disbursal - Mutual Fund - Aug 2012,0,170.65,50619.09
TXN4665027,CUST21069,25-Jan-22,neft,PRD0001,Home Loan,3143477.78,Mobile App,CENTRAL ZONE,Tamil Nadu,Nitin Joshi,Pending,NEFT - Home Loan - Jan 2022,0,315.95,3143161.83
TXN6881509,CUST98502,10-02-2011,Loan Disbursal,PRD0004,Gold Loan,1949277.97,Mobile App,CENTRAL ZONE,Gujarat,Kavitha Subramanian,Failed,Loan Disbursal - Gold Loan - Oct 2011,350870.03,236.72,1598171.22
TXN7454196,CUST58688,26-11-2017,LOAN DISBURSAL,PRD0012,MUTUAL FUND,3457076.26,NEFT/RTGS,East Zone,Odisha,Arun Mehta,Completed,Loan Disbursal - Mutual Fund - Aug 2022,622273.73,312.39,2834490.14
TXN9138235,CUST81646,29-09-2024,Cash Withdrawal,PRD0002,Personal Loan,970047.28,  ATM,Central Zone,  Kerala,Sunita Rao,Reversed,Cash Withdrawal - Personal Loan - Sep 2024,0,27.57,970019.71
TXN5527547,CUST31337,16-06-2010,Penalty Charge,PRD0013,Insurance,2805674.46,POS,North Zone,maharashtra,Sunita Rao,Reversed,Penalty Charge - Insurance - Jun 2010,505021.4,100.19,2300552.87
TXN3151713,CUST39355,31-01-2017,IMPS,PRD0004,Gold Loan,4122273.76,ATM,west zone,West Bengal,Kavitha Subramanian,Pending,IMPS - Gold Loan - Jan 2017,742009.28,0,3379891.39
TXN3494359,CUST65236,24-06-2010,Debit,PRD0007,loan against property,Rs.2700112.47,ATM,North Zone,tamil nadu,Anita Bose,Under Review,Debit - Loan Against Property - Jul 2016,486020.24,396.75,2213695.48
TXN8689650,CUST61697,20-12-2010,emi payment,PRD0013,Insurance,349527.48,  Internet Banking,North Zone,Delhi,Amit Patel,Pending ,EMI Payment - Insurance - Dec 2010,0,9.97,349517.51
TXN4463253,CUST89405,28-12-2014,Transfer,PRD0009,Savings Account,4534406.19,POS,west zone,Odisha,Amit Patel,Completed,Transfer - Savings Account - Dec 2014,816193.11,177.73,3718035.35
TXN2515352,CUST89405,28-Dec-14,Transfer,PRD0009,Savings Account,4534406.19,POS,West Zone,Odisha,Amit Patel,Completed,Transfer - Savings Account - Dec 2014,816193.11,177.73,3718035.35
TXN1575066,CUST31660,29-02-2020,IMPS,PRD0012,Mutual Fund,4511120.56,  ATM,North Zone,Karnataka,Sunita Rao,Under Review,IMPS - Mutual Fund - Jul 2015,Rs.0,153.83,Rs.4510966.73
TXN6678976,CUST33281,21-05-2022,Cash Withdrawal,PRD0011,recurring deposit,2590892.78,Branch,South Zone,Andhra Pradesh,Lalita Devi,Pending,Cash Withdrawal - Recurring Deposit - May 2022,466360.7,331.63,2124200.45
TXN7102039,CUST28953,09-03-2023,Transfer,PRD0012,Mutual Fund,781421.4,Phone Banking,West Zone,Odisha,Meena Iyer,Failed,Transfer - Mutual Fund - Sep 2023,0,70.96,781350.44
TXN2666553,CUST92203,24-11-2015,Cash Withdrawal,PRD0010,Fixed Deposit,2658284.86,Phone Banking,south zone,Punjab,Kavitha Subramanian,Completed,Cash Withdrawal - Fixed Deposit - Nov 2015,478491.27,249.76,2179543.83
TXN7109102,CUST92203,24-11-2015,Cash Withdrawal,PRD0010,Fixed Deposit,2658284.86,Phone Banking,South Zone,Punjab,Kavitha Subramanian,Completed,Cash Withdrawal - Fixed Deposit - Nov 2015,478491.27,249.76,2179543.83
TXN4415305,CUST26936,23-04-2011,upi,PRD0006,Business Loan,2743325.41,ATM,EAST ZONE,Delhi,MEENA IYER,Completed,IMPS - Business Loan - Apr 2011,0,343.12,2742982.29
TXN8002674,CUST61697,27-11-2013,Credit,PRD0006,BUSINESS LOAN,4879434.31,pos,Central Zone,Haryana,Divya Iyer,Under Review,Credit - Business Loan - Nov 2013,0,325.87,4879108.44
TXN1737913,CUST61697,27-Nov-13,Credit,PRD0006,Business Loan,4879434.31,POS,Central Zone,Haryana,Amit Patel,Completed,Credit - Business Loan - Nov 2013,0,325.87,4879108.44
TXN6571225,CUST84107,29-08-2022,Loan Disbursal,PRD0011,RECURRING DEPOSIT,1810804.94,NEFT/RTGS,North Zone,RAJASTHAN,Anita Bose,Failed,Loan Disbursal - Recurring Deposit - Aug 2022,325944.89,96.89,1484763.16
TXN5282460,CUST40345,19-09-2023,IMPS,PRD0002,PERSONAL LOAN,266439.61,NEFT/RTGS,West Zone,RAJASTHAN,vijay kumar,Under Review,IMPS - Personal Loan - Sep 2023,0,3.84,266435.77
TXN3719015,CUST72394,29-04-2017,Interest Credit,PRD0001,Home Loan,1352714.17,POS,East Zone,West Bengal,Lalita Devi,Reversed,Interest Credit - Home Loan - Apr 2017,243488.55,442.87,1108782.75
TXN1438502,CUST37021,23-Jun-13,debit,PRD0005,Education Loan,Rs.4203326.34,ATM,South Zone,Gujarat,Nitin Joshi,Reversed,Debit - Education Loan - Jun 2013,0,440.79,4202885.55
TXN4549038,CUST89691,03-12-2010,NEFT,PRD0014,OD Facility,2184305.45,Branch,CENTRAL ZONE,Uttar Pradesh,RAJESH SHARMA,Completed,NEFT - OD Facility - Mar 2010,0,380.13,2183925.32
TXN8165443,CUST48138,23-10-2016,Cash Deposit,PRD0007,Loan Against Property,1534764.73,Phone Banking,East Zone,Punjab,Meena Iyer,Completed,Cash Deposit - Loan Against Property - Oct 2016,0,283.68,1534481.05
TXN8770227,CUST60738,05-Apr-25,Credit,PRD0001,Home Loan,2419006.14,Mobile App,North Zone,gujarat,Kavitha Subramanian,completed,Credit - Home Loan - Apr 2025,0,129.27,1983455.76
TXN8467981,CUST72459,28-06-2025,Penalty Charge,PRD0017,Auto Loan,84914.31,Phone Banking,South Zone,Tamil Nadu,Ramesh Yadav,Completed,Penalty Charge - Auto Loan - Apr 2023,0,399.2,84515.11
TXN4741345,CUST81732,27-12-2016,RTGS,PRD0013,INSURANCE,1029562.53,Branch,WEST ZONE,Kerala,ANITA BOSE,Pending,RTGS - Insurance - Dec 2016,185321.26,245.64,843995.63
TXN7548634,CUST81732,27-Dec-16,RTGS,PRD0013,Insurance,1029562.53,Branch,West Zone,Kerala,Anita Bose,Completed,RTGS - Insurance - Dec 2016,185321.26,245.64,843995.63
TXN9934819,CUST69139,25-06-2011,upi,PRD0003,  Auto Loan,802630.72,phone banking,East Zone,RAJASTHAN,Nitin Joshi,Completed,UPI - Business Loan - Oct 2024,144473.53,33.06,658124.13
TXN2405711,CUST98208,11-03-2013,debit,PRD0017,AUTO LOAN,254498.87,pos,East Zone,Telangana,Vijay Kumar,Reversed,Debit - Auto Loan - Mar 2013,45809.8,326.1,208362.97
TXN9982862,CUST49152,12-Dec-13,CASH DEPOSIT,PRD0008,Credit Card,3613955.73,Branch,west zone,Tamil Nadu,Priya Nair,Pending,Transfer - Credit Card - Dec 2013,0,315.77,3613955.73
TXN4052318,CUST69198,21-08-2012,Debit,PRD0012,Mutual Fund,2371342.89,branch,west zone,Tamil Nadu,Deepa Krishnan,Reversed,Debit - Mutual Fund - Aug 2012,426841.72,Rs.27.04,1944474.13
TXN1442405,CUST19743,22-11-2020,Cash Withdrawal,PRD0008,Credit Card,1754464.2,BRANCH,East Zone,Punjab,Deepa Krishnan,Pending,Cash Withdrawal - Credit Card - Aug 2014,315803.56,92.83,1438567.81
TXN1913900,CUST87912,16-09-2012,Cash Withdrawal,PRD0009,Savings Account,30577.59,  ATM,EAST ZONE,RAJASTHAN,nitin joshi,Failed,Cash Withdrawal - Savings Account - Sep 2012,5503.97,237.14,Rs.24836.48
TXN6630453,CUST59501,16-05-2011,Debit,PRD0002,Personal Loan,3021217.07,MOBILE APP,East Zone,Odisha,Meena Iyer,Reversed,Debit - Personal Loan - Sep 2012,543819.07,148.86,2477249.14
TXN9849037,CUST64401,20-Nov-23,Credit,PRD0002,PERSONAL LOAN,1756368.32,Internet Banking,SOUTH ZONE,Odisha,Mohan Das,Completed,Credit - Personal Loan - Nov 2023,316146.3,376.71,1439845.31
TXN9320782,CUST74219,11-Nov-21,Interest Credit,PRD0004,  Gold Loan,3894574.93,neft/rtgs,West Zone,Haryana,Anita Bose,Reversed,Interest Credit - Gold Loan - Nov 2021,0,10.04,3894564.89
TXN2685309,CUST28350,16-12-2015,Penalty Charge,PRD0001,Home Loan,1792862.53,BRANCH,West Zone,Odisha,kavitha subramanian,failed,Penalty Charge - Home Loan - Dec 2015,0,346.41,1792516.12
TXN3263681,CUST80686,20-03-2022,Penalty Charge,PRD0095,  Recurring Deposit,3137807.17,Internet Banking,North Zone,Rajasthan,Sanjay Gupta,Reversed,Penalty Charge - Recurring Deposit - Nov 2021,564805.29,Rs.399.41,2572602.47
TXN7470308,CUST62797,18-06-2016,Debit,PRD0011,recurring deposit,1214515.64,NEFT/RTGS,North Zone,Madhya Pradesh,Arun Mehta,Failed,Debit - Recurring Deposit - Jun 2016,218612.82,288.34,995614.48
TXN3452554,CUST45501,03-12-2013,  Loan Disbursal,PRD0014,  OD Facility,1830124.02,BRANCH,East Zone,delhi,Sunita Rao,Reversed,Loan Disbursal - OD Facility - Mar 2013,0,277.42,1500424.28
TXN9916089,CUST24723,07-08-2011,Cash Withdrawal,PRD0002,Personal Loan,1276876.61,Internet Banking,West Zone,karnataka,Lalita Devi,Under Review,Cash Withdrawal - Personal Loan - Aug 2011,0,123.05,1276753.56
TXN3394748,CUST84393,11-01-2015,RTGS,PRD0003,  Auto Loan,3422645.59,NEFT/RTGS,East Zone,Andhra Pradesh,MOHAN DAS,Completed,RTGS - Recurring Deposit - Jan 2015,616076.21,158.41,2806410.97
TXN1775487,CUST94489,23-Aug-10,Debit,PRD0017,AUTO LOAN,2423470.62,Mobile App,East Zone,Tamil Nadu,Kavitha Subramanian,Pending,Debit - Auto Loan - Aug 2010,436224.71,45.51,1987200.4
TXN1551309,CUST25300,14-02-2024,IMPS,PRD0004,Gold Loan,410639.43,Branch,East Zone,West Bengal,Anita Bose,COMPLETED,IMPS - Gold Loan - Feb 2024,0,461.03,336263.3
TXN8183399,CUST84393,30-10-2011,RTGS,PRD0008,credit card,3885610.5,Branch,East Zone,Gujarat,Sanjay Gupta,Reversed,RTGS - Credit Card - Oct 2011,699409.89,434.29,3185766.32
TXN6739498,CUST10055,07-02-2015,Penalty Charge,PRD0011,Recurring Deposit,472775.31,POS,South Zone,Andhra Pradesh,meena iyer,COMPLETED,Penalty Charge - Recurring Deposit - Apr 2024,85099.56,410.99,Rs.387264.76
TXN3881227,CUST20749,23-11-2018,Interest Credit,PRD0007,Loan Against Property,Rs.951789.8,Branch,East Zone,Punjab,Sunita Rao,Under Review,Interest Credit - Loan Against Property - Nov 2018,171322.16,0,Rs.780390.37
TXN1701861,CUST55229,02-04-2020,Debit,PRD0004,Gold Loan,255355.2,Internet Banking,Central Zone,Rajasthan,Ramesh Yadav,Completed,Debit - Gold Loan - Apr 2020,0,214.73,255140.47
TXN7188530,CUST36976,16-07-2021,UPI,PRD0008,Credit Card,3845236.39,POS,West Zone,gujarat,Deepa Krishnan,failed,UPI - Credit Card - Jul 2021,692142.55,75.05,3153018.79
TXN4956038,CUST23305,04-08-2024,UPI,PRD0002,Personal Loan,Rs.1815946.7,NEFT/RTGS,  North Zone,  Maharashtra,Vijay Kumar,failed,UPI - Personal Loan - Apr 2024,0,118,1815828.7
TXN7313430,CUST89761,06-11-2018,EMI Payment,PRD0011,Recurring Deposit,1184508.7,Branch,West Zone,Odisha,  Rajesh Sharma,Pending,EMI Payment - Recurring Deposit - Mar 2012,213211.57,39.88,971257.25
TXN2884638,CUST63026,25-06-2011,UPI,PRD0014,  OD Facility,4610040.35,atm,NORTH ZONE,West Bengal,Nitin Joshi,COMPLETED,UPI - OD Facility - Jun 2011,829807.26,204.89,3780028.2
TXN7576304,CUST54017,27-03-2021,Penalty Charge,PRD0014,OD Facility,4345831.67,Phone Banking,Central Zone,  Karnataka,Vijay Kumar,Failed,Penalty Charge - OD Facility - Mar 2021,0,114.87,4345716.8
TXN3398939,CUST64419,26-11-2017,IMPS,PRD0007,Loan Against Property,2700219.51,NEFT/RTGS,CENTRAL ZONE,Haryana,Deepa Krishnan,Under Review,IMPS - Loan Against Property - Jul 2024,486039.51,408.86,2213771.14
TXN8858498,CUST52688,05-06-2017,Cash Deposit,PRD0017,Auto Loan,4360334.71,Mobile App,West Zone,maharashtra,Amit Patel,Failed,Cash Deposit - Auto Loan - Aug 2020,784860.25,132.27,3575342.19
TXN7830305,CUST58705,16-05-2013,Credit,PRD0003,  Auto Loan,3810978.59,ATM,South Zone,Maharashtra,Arun Mehta,Reversed,Credit - Education Loan - May 2013,0,289.47,3810978.59
TXN4347131,CUST17179,01-09-2013,EMI Payment,PRD0012,Mutual Fund,4664042.01,Mobile App,West Zone,Haryana,sunita rao,Completed,EMI Payment - Mutual Fund - Sep 2013,0,82.55,4663959.46
TXN5379066,CUST60194,12-10-2025,Debit,PRD0004,  Gold Loan,Rs.4646537.8,Phone Banking,South Zone,West Bengal,  Amit Patel,Pending,Debit - Gold Loan - Oct 2025,836376.8,160.31,3810000.69
TXN4584107,CUST66346,01-03-2024,Interest Credit,PRD0010,Fixed Deposit,3514436.42,Phone Banking,Central Zone,Karnataka,nitin joshi,Failed,Interest Credit - Fixed Deposit - Mar 2020,632598.56,499.88,2881337.98
TXN5678791,CUST14501,17-07-2015,PENALTY CHARGE,PRD0005,Education Loan,1015105.69,Phone Banking,North Zone,Haryana,Priya Nair,Failed,Penalty Charge - Education Loan - Jul 2015,0,472.09,1014633.6
TXN4072597,CUST86273,01-02-2012,Credit,PRD0002,personal loan,3652069.17,  Mobile App,North Zone,Tamil Nadu,Kavitha Subramanian,Pending,Credit - Personal Loan - Mar 2010,657372.45,373.61,2994323.11
TXN9116243,CUST54742,05-03-2017,EMI Payment,PRD0013,Insurance,1767935.71,ATM,North Zone,Rajasthan,Deepa Krishnan,Failed,EMI Payment - Insurance - Mar 2017,318228.43,402.12,1449305.16
TXN1305306,CUST65685,28-12-2021,debit,PRD0014,OD Facility,3935005.72,neft/rtgs,South Zone,Gujarat,Anita Bose,SUCCESS,Debit - OD Facility - Mar 2015,708301.03,375.93,3226328.76
TXN2386300,CUST28322,08-06-2021,Penalty Charge,PRD0007,Loan Against Property,879388.82,Branch,East Zone,Uttar Pradesh,Kavitha Subramanian,Failed,Penalty Charge - Loan Against Property - Jun 2021,0,125.27,879263.55
TXN1070741,CUST86099,03-07-2024,DEBIT,PRD0006,Business Loan,665887.66,ATM,north zone,tamil nadu,LALITA DEVI,Under Review,Debit - Business Loan - Jul 2024,0,441.92,665445.74
TXN5668918,CUST30207,12-12-2023,UPI,PRD0008,Credit Card,1937997.3,Mobile App,South Zone,Tamil Nadu,Meena Iyer,Failed,UPI - Credit Card - Dec 2023,0,0,1937876.03
TXN9750030,CUST83872,02-01-2015,Debit,PRD0001,Home Loan,4645595.28,Internet Banking,Central Zone,Haryana,Anita Bose,SUCCESS,Debit - Home Loan - Feb 2015,836207.15,461.47,3808926.66
TXN9711949,CUST57277,30-01-2025,RTGS,PRD0012,Mutual Fund,4027848.19,Branch,South Zone,Rajasthan,Anita Bose,Failed,RTGS - Mutual Fund - Jan 2025,725012.67,406.48,4027848.19
TXN6625218,CUST40516,03-11-2012,Interest Credit,PRD0004,Gold Loan,2176709.53,POS,East Zone,Rajasthan,Kavitha Subramanian,Under Review,Interest Credit - Gold Loan - Nov 2012,391807.72,106.45,1784795.36
TXN8432761,CUST19658,07-06-2023,IMPS,PRD0013,Insurance,Rs.1900970.61,Internet Banking,West Zone,Andhra Pradesh,Arun Mehta,Completed,IMPS - Insurance - Jun 2011,0,417.87,1900552.74
TXN1070957,CUST53420,11-09-2014,Loan Disbursal,PRD0017,Auto Loan,4880476.54,Mobile App,Central Zone,Odisha,AMIT PATEL,Pending ,Loan Disbursal - Auto Loan - Oct 2015,Rs.878485.78,300.76,4001690
TXN7148098,CUST64304,18-05-2013,Credit,PRD0013,insurance,1253273.54,ATM,East Zone,ODISHA,RAMESH DAS,Reversed,Credit - Insurance - Nov 2023,225589.24,409.16,1027275.14
TXN1902919,CUST81476,13-12-2023,UPI,PRD0012,Mutual Fund,1546619.66,Branch,South Zone,Rajasthan,Sunita Rao,Reversed,UPI - Mutual Fund - Dec 2023,0,248.43,1546371.23
TXN7088134,CUST93478,21-01-2020,Penalty Charge,PRD0008,Credit Card,295268.97,Branch,West Zone,Odisha,Amit Patel,Completed,Penalty Charge - Credit Card - Jan 2020,0,99.85,295169.12
TXN4099155,CUST93284,03-05-2022,LOAN DISBURSAL,PRD0006,  Business Loan,3993487.61,Branch,west zone,Gujarat,Deepa Krishnan,Under Review,Loan Disbursal - Business Loan - Aug 2013,718827.77,0.84,3274659
TXN1243938,CUST93284,22-08-2013,Loan Disbursal,PRD0006,Business Loan,3993487.61,Branch,West Zone,Gujarat,Deepa Krishnan,Completed,Loan Disbursal - Business Loan - Aug 2013,718827.77,0.84,3274659
TXN6803690,CUST55224,21-10-2011,Loan Disbursal,PRD0002,  Personal Loan,4546692,Mobile App,East Zone,Gujarat,Mohan Das,Under Review,Loan Disbursal - Personal Loan - Oct 2011,0,0,4546338.79
TXN4240998,CUST39933,21-03-2015,RTGS,PRD0002,Personal Loan,3590122.07,Phone Banking,WEST ZONE,West Bengal,Kavitha Subramanian,Completed,RTGS - Personal Loan - Mar 2015,646221.97,448.72,2943451.38
TXN1902484,CUST74174,30-11-2023,NEFT,PRD0017,Auto Loan,4268483.67,  ATM,Central Zone,kerala,Rajesh Sharma,Pending,NEFT - Auto Loan - Nov 2023,768327.06,484.56,3499672.05
TXN4290644,CUST87165,30-01-2013,Loan Disbursal,PRD0014,OD Facility,972970.89,Phone Banking,West Zone,Tamil Nadu,Priya Nair,Completed,Loan Disbursal - OD Facility - Jan 2013,0,464.03,972506.86
TXN6637825,CUST49363,15-10-2019,Debit,PRD0014,OD Facility,3122391.61,Mobile App,South Zone,Kerala,  Sunita Rao,Pending,Debit - OD Facility - Oct 2019,562030.49,412.63,2559948.49
TXN3046501,CUST77394,11-10-2010,IMPS,PRD0010,Fixed Deposit,Rs.1028205.4,Internet Banking,North Zone,Odisha,  Arun Mehta,Failed,IMPS - Fixed Deposit - May 2015,0,122.16,713895.65
TXN1557200,CUST34164,28-12-2015,cash deposit,PRD0012,Mutual Fund,3215658.34,Branch,West Zone,Madhya Pradesh,Sunita Rao,Reversed,Cash Deposit - Mutual Fund - Dec 2015,578818.5,352,Rs.2636487.84
TXN8497466,CUST57277,01-01-2025,Interest Credit,PRD0017,Auto Loan,3767823.73,ATM,West Zone,Tamil Nadu,Mohan Das,Reversed,Interest Credit - Auto Loan - Jan 2016,678208.27,269.78,3089345.68
TXN6289850,CUST95403,21-04-2010,UPI,PRD0013,Insurance,1348273.88,  ATM,south zone,Madhya Pradesh,Vijay Kumar,Completed,UPI - Insurance - Jul 2019,0,0,1347868.32
TXN8990166,CUST64651,11-01-2022,IMPS,PRD0010,Fixed Deposit,4617356.22,  Internet Banking,West Zone,Haryana,Rajesh Sharma,Failed,IMPS - Fixed Deposit - Apr 2020,831124.12,85.44,3786146.66
TXN9858126,CUST76935,02-Apr-22,Penalty Charge,PRD0002,Personal Loan,3025250.78,Mobile App,North Zone,  Rajasthan,Ramesh Yadav,Under Review,Penalty Charge - Personal Loan - Apr 2022,544545.14,0,2480400.76
TXN4738608,CUST58688,26-11-2017,Credit,PRD0007,Loan Against Property,4884705.39,Branch,South Zone,Punjab,Anita Bose,Completed,Credit - Loan Against Property - Jan 2025,879246.97,275.05,4005183.37
TXN1483650,CUST31660,04-08-2012,UPI,PRD0014,OD FACILITY,3991696.6,Internet Banking,South Zone,Maharashtra,Arun Mehta,Failed,UPI - OD Facility - Aug 2012,0,315.33,3991381.27
TXN1358987,CUST13779,05-09-2015,EMI Payment,PRD0013,Insurance,2204489.05,POS,Central Zone,haryana,Ramesh Yadav,Pending,EMI Payment - Insurance - Dec 2022,396808.03,197.87,1807483.15
TXN8833179,CUST20040,10-Jul-15,Transfer,PRD0013,Insurance,2153917.76,ATM,East Zone,Rajasthan,Kavitha Subramanian,Failed,Transfer - Insurance - Jul 2015,387705.2,294.09,1765918.47
TXN3699372,CUST74437,23-07-2018,credit,PRD0008,Credit Card,4255569.84,Branch,  West Zone,Gujarat,Mohan Das,Failed,Credit - Credit Card - Jul 2018,766002.57,474.35,3489092.92
TXN4681455,CUST35652,06-Mar-17,Debit,PRD0013,Insurance,349067.64,Internet Banking,CENTRAL ZONE,Uttar Pradesh,Rajesh Sharma,Failed,Debit - Insurance - Mar 2017,62832.18,37.06,286198.4
TXN2447986,CUST49917,07-11-2021,Cash Deposit,PRD0005,Education Loan,4288986.63,mobile app,North Zone,Andhra Pradesh,ANITA BOSE,Completed,Cash Deposit - Education Loan - Nov 2021,772017.59,219.63,3516749.41
TXN8751681,CUST83989,12-05-2019,Credit,PRD0001,HOME LOAN,3789215.56,Phone Banking,North Zone,Telangana,GEETA RAO,failed,Credit - Home Loan - May 2019,0,0,3788723.03
TXN9776602,CUST95972,19-08-2017,UPI,PRD0004,Gold Loan,279551.09,Phone Banking,east zone,ODISHA,Arun Mehta,Under Review,UPI - Gold Loan - Aug 2017,50319.2,252.36,228979.53
TXN2232682,CUST23305,01-06-2017,Debit,PRD0009,Savings Account,3666350.59,NEFT/RTGS,East Zone,Andhra Pradesh,Rohan Verma,Completed,Debit - Savings Account - Mar 2016,659943.11,148.78,3006258.7
TXN3216457,CUST23305,01-06-2017,Debit,PRD0009,Savings Account,3666350.59,NEFT/RTGS,North Zone,Andhra Pradesh,Kavitha Subramanian,Completed,Debit - Savings Account - Mar 2016,659943.11,148.78,3006258.7
TXN8501551,CUST17736,17-04-2018,Cash Withdrawal,PRD0007,Loan Against Property,2132265.94,internet banking,North Zone,Punjab,Amit Patel,Under Review,Cash Withdrawal - Loan Against Property - Apr 2018,0,394.6,2131871.34
TXN9390530,CUST16840,07-01-2019,debit,PRD0009,SAVINGS ACCOUNT,2539847.37,POS,West Zone,HARYANA,Mohan Iyer,Reversed,Debit - Savings Account - Feb 2015,457172.53,471.21,Rs.2082203.63
TXN4579673,CUST79228,30-05-2014,Debit,PRD0003,  Auto Loan,Rs.4597482.48,Branch,  West Zone,Tamil Nadu,RAJESH SHARMA,Failed,Debit - Loan Against Property - May 2014,0,281.53,Rs.4597482.48
TXN9455757,CUST70786,29-01-2013,interest credit,PRD0014,od facility,3065773.32,  ATM,North Zone,Rajasthan,ARUN MEHTA,Completed,Interest Credit - OD Facility - Oct 2014,551839.2,475.57,2513458.55
TXN2404352,CUST71952,11-06-2013,Transfer,PRD0001,Home Loan,Rs.717396.89,Phone Banking,East Zone,Odisha,Ramesh Yadav,Pending,Transfer - Home Loan - Nov 2013,129131.44,272.27,587993.18
TXN9890523,CUST28350,23-04-2013,Transfer,PRD0012,mutual fund,Rs.4880708.22,Branch,East Zone,Odisha,Amit Patel,Failed,Transfer - Mutual Fund - Apr 2013,878527.48,140.06,4002040.68
TXN1625901,CUST12048,05-06-2020,Interest Credit,PRD0013,Insurance,4124692.32,Mobile App,West Zone,Madhya Pradesh,Vijay Kumar,Pending,Interest Credit - Insurance - Jun 2020,742444.62,171.02,3382076.68
TXN6611280,CUST42925,29-02-2012,  UPI,PRD0009,Savings Account,347597.92,Mobile App,North Zone,Odisha,Anita Bose,Under Review,UPI - Savings Account - May 2016,0,265.77,347332.15
TXN6843221,CUST49708,20-Feb-20,Cash Withdrawal,PRD0001,HOME LOAN,3509590.63,internet banking,South Zone,Kerala,Amit Patel,SUCCESS,Cash Withdrawal - Home Loan - Feb 2020,631726.31,401,Rs.2877463.32
TXN4304382,CUST60079,06-11-2018,RTGS,PRD0006,Business Loan,Rs.1028205.4,Internet Banking,North Zone,  Maharashtra,Deepa Krishnan,Failed,RTGS - Business Loan - Dec 2025,415480.19,178.75,1892564.34
TXN7351116,CUST38748,06-Nov-24,cash deposit,PRD0001,home loan,3995334.96,NEFT/RTGS,West Zone,Madhya Pradesh,Priya Nair,Reversed,Cash Deposit - Home Loan - Nov 2024,719160.29,465.48,3275709.19
TXN2793024,CUST63026,13-03-2019,Debit,PRD0006,Business Loan,3944738.98,Internet Banking,North Zone,Tamil Nadu,deepa krishnan,Completed,Debit - Business Loan - Mar 2019,710053.02,0,3234538.62
TXN9499010,CUST10820,16-12-2011,CASH WITHDRAWAL,PRD0012,Mutual Fund,Rs.3428674.98,  POS,East Zone,Maharashtra,Priya Nair,Failed,Cash Withdrawal - Mutual Fund - Dec 2011,617161.5,201.46,2811312.02
TXN5359737,CUST33562,09-01-2015,Cash Withdrawal,PRD0017,Auto Loan,3996061.63,Internet Banking,North Zone,gujarat,Amit Patel,Failed,Cash Withdrawal - Auto Loan - Jan 2015,0,224.49,3995837.14
TXN2855972,CUST43315,21-Aug-20,CASH DEPOSIT,PRD0014,OD Facility,3599362.71,ATM,North Zone,Kerala,sanjay gupta,Completed,Cash Deposit - OD Facility - Aug 2020,0,185.63,3599177.08
TXN1540537,CUST81654,01-Apr-25,RTGS,PRD0006,Business Loan,3818008.6,Internet Banking,south zone,West Bengal,Priya Nair,Pending ,RTGS - Business Loan - Apr 2025,687241.55,472.55,3130294.5
TXN7705359,CUST94985,29-02-2012,emi payment,PRD0012,Mutual Fund,4206360.14,ATM,East Zone,Madhya Pradesh,Priya Nair,Pending,EMI Payment - Mutual Fund - Dec 2010,0,148.27,4206211.87
TXN8977439,CUST21053,23-05-2023,neft,PRD0005,EDUCATION LOAN,2970726.79,Branch,SOUTH ZONE,Andhra Pradesh,Kavitha Subramanian,Under Review,NEFT - Education Loan - May 2023,0,Rs.163.59,2970563.2
TXN6753307,CUST43315,24-Nov-13,UPI,PRD0001,Home Loan,4026737.9,NEFT/RTGS,South Zone,Madhya Pradesh,SUNITA RAO,Failed,UPI - Home Loan - Nov 2013,0,197.12,4026540.78
TXN6890454,CUST70036,19-09-2013,EMI Payment,PRD0012,MUTUAL FUND,118339.24,Internet Banking,north zone,WEST BENGAL,Sunita Rao,Reversed,EMI Payment - Mutual Fund - Sep 2013,21301.06,207.54,Rs.96830.64
TXN2215952,CUST76448,06-11-2018,Credit,PRD0001,Home Loan,4454471.24,Phone Banking,CENTRAL ZONE,Karnataka,Sanjay Gupta,Under Review,Credit - Home Loan - Oct 2023,0,174.23,4454297.01
TXN4960577,CUST81476,21-10-2018,CREDIT,PRD0001,Home Loan,2784259.64,INTERNET BANKING,WEST ZONE,Odisha,Priya Nair,Pending,Credit - Home Loan - Oct 2018,501166.74,159.2,2282933.7
TXN1428873,CUST86619,13-09-2022,Interest Credit,PRD0009,Savings Account,96167.28,ATM,Central Zone,Maharashtra,Surendra Reddy,Under Review,Interest Credit - Savings Account - Sep 2022,17310.11,350.77,78506.4
TXN8310114,CUST53911,15-Apr-15,Debit,PRD0017,AUTO LOAN,3985532.71,POS,West Zone,uttar pradesh,meena iyer,Completed,Debit - Auto Loan - Apr 2015,0,322.6,3985210.11
TXN4526803,CUST28350,01-04-2024,EMI Payment,PRD0014,OD Facility,3468508.07,NEFT/RTGS,south zone,Uttar Pradesh,Mohan Das,Reversed,EMI Payment - OD Facility - Apr 2024,624331.45,302.48,2843874.14
TXN5300334,CUST68554,07-01-2019,Cash Deposit,PRD0008,CREDIT CARD,3891833.42,  ATM,North Zone,Andhra Pradesh,Vijay Kumar,Failed,Cash Deposit - Credit Card - Aug 2014,700530.02,0,3190824.76
TXN5093751,CUST74828,17-04-2017,UPI,PRD0001,Home Loan,2450169.8,mobile app,South Zone,Rajasthan,Meena Iyer,Pending,UPI - Home Loan - Sep 2010,441030.56,78.49,2009060.75
TXN5735763,CUST17887,10-Jul-14,Loan Disbursal,PRD0017,Auto Loan,721545.19,Branch,West Zone,Rajasthan,ARUN MEHTA,Completed,Loan Disbursal - Auto Loan - Jul 2014,129878.13,126.11,591540.95
TXN9986490,CUST91289,26-10-2016,Transfer,PRD0066,  Fixed Deposit,3080835.21,  ATM,East Zone,West Bengal,Vijay Kumar,Under Review,Transfer - Fixed Deposit - Oct 2016,554550.34,475.82,2525809.05
TXN2675945,CUST65685,12-06-2010,Penalty Charge,PRD0005,Education Loan,2098431.13,Mobile App,East Zone,UTTAR PRADESH,Meena Iyer,Failed,Penalty Charge - Education Loan - Jun 2010,377717.6,310.14,1720403.39
TXN5494083,CUST93478,19-09-2015,RTGS,PRD0002,Personal Loan,3159110.13,Phone Banking,South Zone,Kerala,rajesh sharma,Under Review,RTGS - Personal Loan - Mar 2017,568639.82,484.96,2589985.35
TXN9500477,CUST79185,30-03-2015,  Interest Credit,PRD0002,Personal Loan,3911450.62,Mobile App,South Zone,Rajasthan,Arun Mehta,completed,Interest Credit - Personal Loan - Nov 2024,0,Rs.479.83,3910970.79
TXN3178930,CUST24316,17-09-2014,Credit,PRD0002,Personal Loan,2436825.76,  ATM,North Zone,West Bengal,Sanjay Gupta,Pending,Credit - Personal Loan - Mar 2014,438628.64,Rs.143.67,1998053.45
TXN5384248,CUST79681,16-Dec-23,RTGS,PRD0010,Fixed Deposit,4879955.28,  Mobile App,North Zone,Maharashtra,Kavitha Subramanian,Under Review,RTGS - Fixed Deposit - Dec 2023,0,247.72,4001315.61
TXN4146988,CUST82973,30-08-2022,Loan Disbursal,PRD0011,Recurring Deposit,2780845.83,Mobile App,South Zone,Andhra Pradesh,PRIYA NAIR,Completed,Loan Disbursal - Recurring Deposit - Jan 2011,0,155.45,2780690.38
TXN4501774,CUST55220,30-11-2016,IMPS,PRD0001,Home Loan,Rs.259891.96,  Mobile App,East Zone,Karnataka,Mohan Das,Completed,IMPS - Home Loan - Nov 2016,0,265.31,259626.65
TXN5861483,CUST83989,05-Jan-13,UPI,PRD0009,Savings Account,2255271.41,Mobile App,West Zone,Tamil Nadu,Lalita Devi,Completed,UPI - Savings Account - Jan 2013,0,283.45,2254987.96
TXN7574228,CUST42487,03-09-2015,Cash Deposit,PRD0007,LOAN AGAINST PROPERTY,1090803.18,Mobile App,Central Zone,Madhya Pradesh,Meena Iyer,COMPLETED,Cash Deposit - Loan Against Property - Mar 2015,196344.57,104.63,894353.98
TXN1415370,CUST69921,11-04-2021,debit,PRD0011,Recurring Deposit,4808723.61,Branch,  Central Zone,Rajasthan,Sanjay Gupta,Pending,Debit - Recurring Deposit - Dec 2010,865570.25,214.79,3942938.57
TXN8876923,CUST25220,01-06-2010,Cash Withdrawal,PRD0007,LOAN AGAINST PROPERTY,3646858.82,Mobile App,North Zone,Andhra Pradesh,Kavitha Subramanian,Completed,Cash Withdrawal - Loan Against Property - Jun 2010,656434.59,482.62,2989941.61
TXN3751101,CUST63848,30-03-2015,Loan Disbursal,PRD0004,  Gold Loan,75520.95,ATM,North Zone,Odisha,Sunita Rao,Failed,Loan Disbursal - Gold Loan - Jan 2013,13593.77,449.87,61477.31
TXN6565014,CUST16840,31-10-2015,Cash Withdrawal,PRD0004,Gold Loan,4293283.25,ATM,West Zone,Madhya Pradesh,ARUN MEHTA,Failed,Cash Withdrawal - Gold Loan - Oct 2015,0,105.12,4293178.13
TXN2730078,CUST30152,06-06-2019,EMI Payment,PRD0011,Recurring Deposit,2355591.99,mobile app,South Zone,Karnataka,nitin joshi,Reversed,EMI Payment - Recurring Deposit - Jul 2010,0,157.05,2355591.99
TXN5779038,CUST22202,04-12-2020,neft,PRD0005,Education Loan,4970622.36,Internet Banking,East Zone,Uttar Pradesh,Vijay Kumar,Reversed,NEFT - Education Loan - Dec 2020,0,310.46,4970311.9
TXN7029910,CUST37164,11-10-2010,Cash Deposit,PRD0011,Recurring Deposit,813456.06,POS,West Zone,west bengal,Priya Nair,Failed,Cash Deposit - Recurring Deposit - Apr 2011,146422.09,12.06,667021.91
TXN3561923,CUST28558,18-Mar-24,UPI,PRD0012,mutual fund,4409760.57,POS,Central Zone,Uttar Pradesh,Sunita Rao,Failed,UPI - Mutual Fund - Mar 2024,793756.9,101.37,3615902.3
TXN5548253,CUST69892,01-03-2024,  Transfer,PRD0017,Auto Loan,2877776.85,ATM,North Zone,Odisha,  Nitin Joshi,Pending,Transfer - Auto Loan - Sep 2013,517999.83,139.98,2359637.04
TXN4130628,CUST61697,31-01-2025,Transfer,PRD0012,Mutual Fund,4741640.85,NEFT/RTGS,West Zone,Rajasthan,Rajesh Sharma,Pending,Transfer - Mutual Fund - Jan 2025,853495.35,380.23,3887765.27
TXN4157821,CUST50037,30-09-2013,CASH DEPOSIT,PRD0010,FIXED DEPOSIT,3741994.24,POS,East Zone,Punjab,Vijay Kumar,Under Review,Cash Deposit - Fixed Deposit - May 2017,0,170.85,3741823.39
TXN7050402,CUST61347,06-03-2012,CREDIT,PRD0004,Gold Loan,4272415.08,POS,East Zone,punjab,Sunita Rao,Failed,Penalty Charge - Gold Loan - Feb 2022,769034.71,0,3503323.56
TXN7035797,CUST62645,21-02-2014,RTGS,PRD0009,Savings Account,2573937.69,INTERNET BANKING,West Zone,  Gujarat,Priya Nair,Reversed,RTGS - Savings Account - Feb 2014,0,302.49,2573635.2
TXN9552618,CUST68222,14-03-2014,interest credit,PRD0012,mutual fund,1968655.86,NEFT/RTGS,East Zone,West Bengal,  Arun Mehta,Pending ,Interest Credit - Mutual Fund - Mar 2014,354358.05,0,1614040.92
TXN1331386,CUST13385,07-02-2015,Transfer,PRD0006,Business Loan,2291071.64,Internet Banking,North Zone,Odisha,Meena Iyer,Under Review,Transfer - Business Loan - Jul 2013,412392.9,155.13,1878523.61
TXN9877799,CUST20874,12-10-2019,CREDIT,PRD0013,Insurance,424023.68,internet banking,North Zone,Andhra Pradesh,Nitin Joshi,Reversed,Credit - Insurance - Oct 2019,76324.26,30.64,347668.78
TXN2231528,CUST84912,01-12-2018,Penalty Charge,PRD0001,Home Loan,4985096.13,Phone Banking,East Zone,Tamil Nadu,Sanjay Gupta,Pending,Penalty Charge - Home Loan - Jan 2018,897317.3,420.88,4087357.95
TXN1863814,CUST93478,19-09-2015,Penalty Charge,PRD0006,BUSINESS LOAN,Rs.3689033.71,POS,CENTRAL ZONE,Madhya Pradesh,Vijay Kumar,Failed,Penalty Charge - Business Loan - Apr 2016,Rs.664026.07,487.65,3024519.99
TXN3246005,CUST26547,01-03-2024,IMPS,PRD0001,Home Loan,1892446.89,Phone Banking,Central Zone,gujarat,Priya Nair,Pending,IMPS - Home Loan - Aug 2023,340640.44,317.37,1551489.08
TXN9810051,CUST42415,30-08-2022,EMI Payment,PRD0010,Fixed Deposit,3222566.38,NEFT/RTGS,West Zone,West Bengal,ramesh yadav,Reversed,EMI Payment - Fixed Deposit - Apr 2015,580061.95,361.7,2642142.73
TXN5753379,CUST91490,08-02-2017,RTGS,PRD0009,Savings Account,613739.46,Mobile App,Central Zone,West Bengal,RAJESH SHARMA,Reversed,RTGS - Savings Account - Feb 2017,110473.1,442.01,502824.35
TXN1033260,CUST50166,09-04-2021,Loan Disbursal,PRD0013,Insurance,82549.98,POS,East Zone,West Bengal,Lalita Devi,Under Review,Loan Disbursal - Insurance - Mar 2013,14859,320.78,67370.2
TXN5875693,CUST72459,14-04-2021,IMPS,PRD0014,OD Facility,2746937,mobile app,North Zone,Maharashtra,Deepa Krishnan,Completed,IMPS - OD Facility - Apr 2021,0,371.48,2746565.52
TXN1244789,CUST21053,04-03-2018,Transfer,PRD0001,Home Loan,3574345.01,Mobile App,East Zone,Andhra Pradesh,Nitin Joshi,Completed,Transfer - Home Loan - Mar 2018,643382.1,403.65,2930559.26
TXN8989252,CUST65685,28-12-2021,Credit,PRD0011,recurring deposit,4093537.39,POS,West Zone,Punjab,Amit Patel,Reversed,Credit - Recurring Deposit - Jun 2010,736836.73,443.71,3356256.95
TXN7302993,CUST64746,29-06-2021,Penalty Charge,PRD0066,  Fixed Deposit,305156.38,Internet Banking,Central Zone,Kerala,PRIYA NAIR,Completed,Penalty Charge - Fixed Deposit - Jun 2021,54928.15,499.57,249728.66
TXN1691589,CUST64746,29-Jun-21,Penalty Charge,PRD0010,Fixed Deposit,305156.38,Internet Banking,Central Zone,Telangana,Priya Nair,Completed,Penalty Charge - Fixed Deposit - Jun 2021,54928.15,499.57,249728.66
TXN7557475,CUST11052,02-11-2023,rtgs,PRD0005,Education Loan,4641642.25,Branch,WEST ZONE,ANDHRA PRADESH,Sunita Rao,Failed,RTGS - Education Loan - Nov 2023,835495.6,69.26,3806077.39
TXN4298937,CUST50037,12-04-2025,Debit,PRD0096,  Mutual Fund,723886.09,Mobile App,Central Zone,Delhi,Rajesh Sharma,Pending,Debit - Mutual Fund - Apr 2025,0,327.91,723558.18
TXN1193276,CUST52384,15-09-2014,debit,PRD0013,Insurance,2280932.52,  ATM,North Zone,madhya pradesh,Vijay Kumar,Under Review,Debit - Insurance - Nov 2024,410567.85,193,1870171.67
TXN9895813,CUST14791,29-12-2018,EMI Payment,PRD0001,Home Loan,308893.39,Mobile App,east zone,Karnataka,Sanjay Gupta,Under Review,EMI Payment - Home Loan - Dec 2018,0,59.54,308833.85
TXN4957587,CUST13492,20-04-2016,Credit,PRD0006,Business Loan,1411330.44,Phone Banking,South Zone,Kerala,Anita Bose,Under Review,Credit - Business Loan - Apr 2016,Rs.254039.48,209.1,1157081.86
TXN4822688,CUST69839,24-03-2014,Credit,PRD0006,Business Loan,3991555.63,phone banking,West Zone,Haryana,Rajesh Sharma,Pending,Credit - Business Loan - Jan 2011,718480.01,426.96,3272648.66
TXN4345630,CUST90863,17-Feb-13,IMPS,PRD0002,Personal Loan,3878946.91,Internet Banking,central zone,Telangana,  Kavitha Subramanian,Completed,IMPS - Personal Loan - Feb 2013,698210.44,0,3180710.19
TXN6003140,CUST61992,09-07-2010,Transfer,PRD0007,Loan Against Property,2216070.48,MOBILE APP,Central Zone,Maharashtra,Vijay Kumar,Failed,Transfer - Loan Against Property - Jul 2010,0,76.81,2215993.67
TXN8171970,CUST44825,09-07-2019,Debit,PRD0051,  Savings Account,3451691.05,POS,  South Zone,Kerala,Ramesh Yadav,Completed,Debit - Savings Account - Jul 2019,0,168.16,3451522.89
TXN3212809,CUST66346,05-05-2023,Credit,PRD0005,Education Loan,2224202.18,mobile app,North Zone,Kerala,sunita rao,Pending,Credit - Education Loan - May 2023,0,83.36,2224202.18
TXN1290538,CUST84393,29-09-2014,Cash Deposit,PRD0007,Loan Against Property,1262530.81,POS,North Zone,west bengal,SUNITA RAO,Failed,Cash Deposit - Loan Against Property - Sep 2014,227255.55,183.5,1035091.76
TXN3143380,CUST77559,24-03-2014,UPI,PRD0017,Auto Loan,2488282.98,POS,NORTH ZONE,Gujarat,Kavitha Subramanian,Completed,UPI - Auto Loan - Jul 2014,447890.94,477.2,2039914.84
TXN1224202,CUST84349,21-12-2019,  NEFT,PRD0014,OD Facility,2762940.24,Branch,west zone,Kerala,Lalita Devi,Failed,NEFT - OD Facility - Dec 2019,497329.24,307.15,2265303.85
TXN3193829,CUST80593,07-01-2019,imps,PRD0004,Gold Loan,128435.19,Branch,North Zone,  Madhya Pradesh,anita bose,Reversed,IMPS - Gold Loan - Mar 2010,23118.33,67.89,105248.97
TXN6424054,CUST42415,30-08-2022,UPI,PRD0013,Insurance,3194076.19,Branch,West Zone,Madhya Pradesh,Priya Nair,Reversed,UPI - Insurance - Jan 2012,574933.71,141.47,2619001.01
TXN8766067,CUST19658,12-07-2016,Credit,PRD0007,Loan Against Property,4845776.88,Mobile App,  West Zone,Uttar Pradesh,Meena Iyer,Reversed,Credit - Loan Against Property - Jul 2016,872239.84,257.08,3973279.96
TXN3765930,CUST54852,22-10-2022,Cash Deposit,PRD0006,BUSINESS LOAN,3674897.56,Mobile App,South Zone,Rajasthan,Rajesh Sharma,Completed,Cash Deposit - Business Loan - Oct 2022,0,198.41,3674699.15
TXN1612595,CUST18993,27-11-2020,UPI,PRD0002,Personal Loan,745541.83,NEFT/RTGS,West Zone,Rajasthan,Nitin Joshi,completed,UPI - Personal Loan - Nov 2020,134197.53,Rs.121.4,611222.9
TXN9674908,CUST64746,23-02-2014,Cash Withdrawal,PRD0009,savings account,3334737.05,Phone Banking,CENTRAL ZONE,Haryana,Mohan Das,Completed,Cash Withdrawal - Savings Account - Feb 2014,0,Rs.285.98,3334451.07
TXN3279706,CUST64304,15-05-2016,Credit,PRD0013,insurance,301032.85,POS,South Zone,Andhra Pradesh,Rajesh Sharma,Pending,Credit - Insurance - May 2016,54185.91,110.12,246736.82
TXN1339820,CUST31534,10-02-2023,NEFT,PRD0008,Credit Card,4421732.49,  ATM,Central Zone,Delhi,Lalita Devi,Pending,NEFT - Credit Card - Feb 2023,0,429.13,4421303.36
TXN4213792,CUST22736,08-Dec-25,Credit,PRD0012,Mutual Fund,1185828.25,Mobile App,South Zone,Punjab,Amit Patel,Under Review,Credit - Mutual Fund - Dec 2025,213449.08,56.1,972323.07
TXN1875394,CUST31753,14-08-2024,EMI PAYMENT,PRD0012,Mutual Fund,Rs.1028205.4,Internet Banking,South Zone,punjab,Arun Mehta,Reversed,EMI Payment - Mutual Fund - Aug 2024,504970.15,347.14,2300072.41
TXN8246755,CUST26144,27-10-2012,Loan Disbursal,PRD0007,Loan Against Property,4033556.22,neft/rtgs,  North Zone,Andhra Pradesh,Anita Bose,Reversed,Loan Disbursal - Loan Against Property - Oct 2012,726040.12,30.69,3307485.41
TXN5542993,CUST83989,14-09-2012,IMPS,PRD0017,Auto Loan,2765739.85,ATM,North Zone,Gujarat,Amit Patel,Failed,IMPS - Auto Loan - Apr 2017,497833.17,235.95,2267670.73
TXN9155873,CUST41925,06-03-2012,UPI,PRD0009,Savings Account,1902760.88,POS,West Zone,Andhra Pradesh,Rohan Pillai,Reversed,UPI - Savings Account - Jun 2014,342496.96,177.55,Rs.1560086.37
TXN5237082,CUST19658,13-08-2011,Loan Disbursal,PRD0013,Insurance,622522.57,ATM,West Zone,madhya pradesh,Vijay Kumar,Pending,Loan Disbursal - Insurance - Aug 2011,112054.06,36.64,510431.87
TXN3582756,CUST34435,19-06-2020,Cash Withdrawal,PRD0008,Credit Card,2069077.22,Branch,West Zone,Rajasthan,Sanjay Gupta,Failed,Cash Withdrawal - Credit Card - Jun 2020,372433.9,140.76,1696502.56
TXN2859960,CUST99226,28-07-2023,PENALTY CHARGE,PRD0012,Mutual Fund,727825.06,mobile app,central zone,Haryana,Deepa Krishnan,Pending,Penalty Charge - Mutual Fund - Jul 2023,0,425.39,727399.67
TXN7112895,CUST82140,30-12-2012,EMI Payment,PRD0017,Auto Loan,4074888.03,Mobile App,West Zone,Uttar Pradesh,ramesh yadav,Reversed,EMI Payment - Auto Loan - Jun 2012,0,103.74,4074784.29
TXN1439171,CUST47594,30-10-2024,RTGS,PRD0014,OD Facility,179926.43,ATM,North Zone,Punjab,Sunita Rao,Under Review,RTGS - OD Facility - Oct 2024,0,386.12,179540.31
TXN7680453,CUST64651,11-01-2022,NEFT,PRD0013,Insurance,4724855.64,POS,East Zone,Kerala,sunita rao,Completed,NEFT - Insurance - Sep 2015,850474.02,149.42,3874232.2
TXN3075254,CUST38329,21-03-2013,Transfer,PRD0009,savings account,2949864.18,  Mobile App,  Central Zone,haryana,Deepa Krishnan,Under Review,Transfer - Savings Account - Mar 2013,530975.55,123.56,2418765.07
TXN7666558,CUST77672,08-03-2017,Debit,PRD0010,Fixed Deposit,4195702.05,Phone Banking,WEST ZONE,uttar pradesh,LALITA DEVI,Reversed,Debit - Fixed Deposit - Mar 2017,755226.37,183.86,3440291.82
TXN7487763,CUST93810,19-10-2017,Debit,PRD0017,Auto Loan,2963640.58,pos,South Zone,Madhya Pradesh,Ramesh Yadav,Under Review,Debit - Auto Loan - Oct 2017,533455.3,316.26,2429869.02
TXN9903583,CUST50988,18-05-2024,Loan Disbursal,PRD0004,Gold Loan,163449.39,Branch,Central Zone,Haryana,Amit Patel,Reversed,Loan Disbursal - Gold Loan - May 2024,Rs.0,403.09,163046.3
TXN2038618,CUST70036,19-06-2022,Transfer,PRD0009,Savings Account,2513025.29,Mobile App,East Zone,  Madhya Pradesh,Sanjay Gupta,Pending,Transfer - Savings Account - Jun 2022,452344.55,473.76,2060206.98
TXN2220519,CUST64651,11-01-2022,Transfer,PRD0012,Mutual Fund,2578265.45,phone banking,East Zone,TELANGANA,Ramesh Yadav,Pending,Transfer - Mutual Fund - Feb 2023,464087.78,318.84,2113858.83
TXN3877666,CUST74990,28-03-2022,CASH DEPOSIT,PRD0009,Savings Account,3339077.34,  ATM,East Zone,odisha,Ramesh Yadav,Reversed,Cash Deposit - Savings Account - Mar 2022,601033.92,470.62,2737572.8
TXN6937762,CUST63093,02-03-2016,RTGS,PRD0013,Insurance,1464820.75,POS,North Zone,  Delhi,Rajesh Sharma,Completed,RTGS - Insurance - Mar 2016,0,0,1464706.48
TXN4580189,CUST21770,18-05-2013,Debit,PRD0014,OD Facility,2573376.32,ATM,East Zone,Karnataka,MEENA IYER,Pending,Debit - OD Facility - May 2013,0,221.55,2573154.77
TXN8839405,CUST62751,28-06-2025,UPI,PRD0009,Savings Account,548384.96,POS,south zone,Rajasthan,Rajesh Sharma,Reversed,UPI - Savings Account - Jul 2014,98709.29,238.48,449437.19
TXN3539274,CUST67065,04-01-2010,Credit,PRD0004,Gold Loan,1444538.41,Phone Banking,Central Zone,Uttar Pradesh,Anita Bose,Under Review,Credit - Gold Loan - Apr 2010,260016.91,134.12,1184387.38
TXN9210097,CUST81646,20-03-2017,Cash Withdrawal,PRD0096,  Mutual Fund,2077279.21,Internet Banking,EAST ZONE,Odisha,Sunita Rao,Under Review,Cash Withdrawal - Mutual Fund - Mar 2017,0,0,Rs.2076949.35
TXN9736584,CUST30517,08-09-2010,UPI,PRD0009,Savings Account,2072106.86,Phone Banking,East Zone,West Bengal,rajesh sharma,Under Review,UPI - Savings Account - Aug 2010,372979.23,445.16,1698682.47
TXN5405205,CUST28117,11-01-2013,Debit,PRD0002,Personal Loan,4087946.04,Phone Banking,West Zone,Madhya Pradesh,Sunita Rao,SUCCESS,Debit - Personal Loan - Jan 2013,0,12.99,4087933.05
TXN7296180,CUST50888,07-07-2013,CASH DEPOSIT,PRD0009,Savings Account,4390526.51,Phone Banking,Central Zone,Telangana,Deepa Krishnan,completed,Cash Deposit - Savings Account - Jul 2013,790294.77,Rs.366.48,3599865.26
TXN9956546,CUST30648,04-Dec-19,upi,PRD0010,Fixed Deposit,714859.32,Mobile App,East Zone,Kerala,RAJESH SHARMA,Pending,UPI - Fixed Deposit - Dec 2019,0,202.65,714656.67
TXN3711766,CUST61992,16-Nov-11,NEFT,PRD0017,Auto Loan,4528419.69,pos,west zone,Uttar Pradesh,Vijay Kumar,Failed,NEFT - Auto Loan - Nov 2011,815115.54,31.76,3713272.39
TXN6471582,CUST51151,12-Aug-24,IMPS,PRD0009,savings account,1693387.49,NEFT/RTGS,Central Zone,Maharashtra,Sanjay Gupta,Failed,Penalty Charge - Savings Account - Aug 2024,0,286.84,1693100.65
TXN7851572,CUST58688,09-11-2015,Credit,PRD0011,RECURRING DEPOSIT,Rs.2270711.86,NEFT/RTGS,North Zone,andhra pradesh,Meena Iyer,completed,Credit - Recurring Deposit - Nov 2015,408728.13,285.89,1861697.84
TXN9277223,CUST45785,02-07-2018,Cash Withdrawal,PRD0013,Insurance,1416207.03,phone banking,west zone,West Bengal,Mohan Das,Completed,Cash Withdrawal - Insurance - Jul 2018,254917.27,Rs.317.57,1160972.19
TXN5962271,CUST58931,03-09-2018,Loan Disbursal,PRD0001,  Home Loan,1583415.4,ATM,North Zone,Gujarat,Deepa Krishnan,Under Review,Loan Disbursal - Home Loan - Sep 2018,0,409.96,1583005.44
TXN3395600,CUST16840,07-01-2019,CREDIT,PRD0007,loan against property,735314.11,NEFT/RTGS,East Zone,West Bengal,  Nitin Joshi,Under Review,Credit - Loan Against Property - Mar 2018,0,452.37,734861.74
TXN8269699,CUST61721,10-03-2024,UPI,PRD0012,Mutual Fund,2554052.55,Phone Banking,West Zone,Punjab,Rajesh Sharma,Under Review,UPI - Mutual Fund - Mar 2024,0,268.12,2553784.43
TXN1547769,CUST28045,20-01-2016,Interest Credit,PRD0009,Savings Account,4802990.67,PHONE BANKING,  East Zone,Kerala,Rajesh Sharma,COMPLETED,Interest Credit - Savings Account - Jan 2016,864538.32,429.36,3938022.99
TXN1563604,CUST43330,22-May-21,IMPS,PRD0006,  Business Loan,Rs.1028205.4,Internet Banking,  East Zone,madhya pradesh,Kavitha Subramanian,failed,IMPS - Business Loan - May 2021,0,237.27,2336387.78
TXN8148276,CUST35153,04-12-2017,Penalty Charge,PRD0012,Mutual Fund,695728.46,NEFT/RTGS,East Zone,Gujarat,Sanjay Gupta,Reversed,Penalty Charge - Mutual Fund - Dec 2017,0,Rs.260.12,695468.34
TXN8457271,CUST83308,02-09-2017,RTGS,PRD0005,Education Loan,822893.51,Phone Banking,central zone,kerala,Lalita Devi,Reversed,RTGS - Education Loan - Sep 2017,0,217.73,822675.78
TXN4943499,CUST93472,18-10-2012,IMPS,PRD0002,personal loan,3759138.68,branch,East Zone,Tamil Nadu,anita bose,Under Review,IMPS - Personal Loan - Oct 2012,0,470.46,3758668.22
TXN7227328,CUST40396,17-04-2017,Penalty Charge,PRD0003,  Auto Loan,4126541.94,Internet Banking,south zone,tamil nadu,Lalita Devi,Completed,Penalty Charge - Business Loan - Apr 2017,0,220.54,4126541.94
TXN4884771,CUST50812,05-Feb-10,Debit,PRD0075,  Education Loan,1185334.89,  Mobile App,East Zone,Rajasthan,Amit Patel,Reversed,Debit - Education Loan - Feb 2010,0,346.98,1184987.91
TXN2869469,CUST15486,11-12-2017,transfer,PRD0004,gold loan,4314115.74,mobile app,South Zone,DELHI,rajesh sharma,Reversed,Transfer - Gold Loan - Dec 2017,776540.83,389.17,3537185.74
TXN4812829,CUST83399,08-02-2022,IMPS,PRD0013,Insurance,3176828.5,ATM,West Zone,KARNATAKA,priya nair,Failed,IMPS - Insurance - May 2012,571829.13,20.71,3176828.5
TXN3261703,CUST90439,17-09-2016,IMPS,PRD0003,  Auto Loan,2966269.27,NEFT/RTGS,East Zone,West Bengal,Anita Bose,COMPLETED,IMPS - Loan Against Property - Jun 2013,533928.47,0,2432058.74
TXN6819506,CUST81657,28-06-2025,IMPS,PRD0004,Gold Loan,2231080.55,POS,North Zone,Uttar Pradesh,  Sanjay Gupta,Under Review,IMPS - Gold Loan - May 2019,0,172.91,2230907.64
TXN6278766,CUST12933,03-03-2022,PENALTY CHARGE,PRD0013,Insurance,424165.32,  Mobile App,North Zone,Tamil Nadu,Nitin Joshi,Failed,Penalty Charge - Insurance - Mar 2022,76349.76,249.67,347565.89
TXN3377313,CUST68554,14-Feb-23,cash withdrawal,PRD0005,Education Loan,3941885.92,Phone Banking,North Zone,Punjab,Meena Iyer,Reversed,Cash Withdrawal - Education Loan - Feb 2023,0,22.56,3941863.36
TXN6598061,CUST58140,11-09-2022,INTEREST CREDIT,PRD0009,Savings Account,301776.08,POS,South Zone,Tamil Nadu,Lalita Devi,Under Review,Interest Credit - Savings Account - Sep 2022,0,Rs.118.13,301657.95
TXN7563240,CUST91292,11-11-2024,CASH DEPOSIT,PRD0012,Mutual Fund,2536744.64,mobile app,South Zone,Tamil Nadu,ramesh yadav,Pending,Cash Deposit - Mutual Fund - Mar 2020,456614.04,166.63,2079963.97
TXN7426899,CUST17887,30-Oct-18,NEFT,PRD0001,Home Loan,3310452.55,Mobile App,north zone,Haryana,Vijay Kumar,Reversed,NEFT - Home Loan - Oct 2018,0,244.1,3310208.45
TXN4290894,CUST22108,01-02-2018,neft,PRD0010,Fixed Deposit,4220462.26,internet banking,North Zone,Punjab,Meena Iyer,SUCCESS,NEFT - Fixed Deposit - Nov 2020,759683.21,468.61,3460310.44
TXN3282902,CUST43315,11-10-2010,EMI Payment,PRD0017,auto loan,2639930.96,NEFT/RTGS,North Zone,Madhya Pradesh,Priya Nair,Reversed,EMI Payment - Auto Loan - May 2024,0,450.49,2639480.47
TXN3356037,CUST43315,11-10-2010,EMI Payment,PRD0017,Auto Loan,2639930.96,NEFT/RTGS,North Zone,Madhya Pradesh,Priya Nair,Completed,EMI Payment - Auto Loan - May 2024,0,450.49,2639480.47
TXN8385683,CUST31660,29-02-2020,Transfer,PRD0005,EDUCATION LOAN,3126543.33,  Phone Banking,South Zone,Maharashtra,Nitin Joshi,Failed,Transfer - Education Loan - Aug 2024,0,130.56,3126412.77
TXN6467113,CUST96661,06-06-2019,PENALTY CHARGE,PRD0012,Mutual Fund,578928.99,Branch,East Zone,West Bengal,Rajesh Sharma,Failed,Penalty Charge - Mutual Fund - Nov 2017,0,36.27,578892.72
TXN9898942,CUST82089,13-11-2025,RTGS,PRD0005,EDUCATION LOAN,3828390.34,NEFT/RTGS,North Zone,Rajasthan,Sanjay Gupta,Completed,RTGS - Education Loan - Nov 2025,Rs.0,176.54,3828213.8
TXN3799414,CUST71875,12-Aug-24,EMI Payment,PRD0004,Gold Loan,2721813.8,PHONE BANKING,North Zone,Odisha,Sanjay Gupta,Pending,EMI Payment - Gold Loan - Aug 2024,489926.48,266.07,2231621.25
TXN8823829,CUST72394,01-06-2022,Cash Deposit,PRD0007,Loan Against Property,1030375.44,NEFT/RTGS,North Zone,Gujarat,Rajesh Sharma,Completed,Cash Deposit - Loan Against Property - Jun 2022,0,229.31,1030146.13
TXN5166056,CUST95972,15-May-22,Debit,PRD0014,OD Facility,2075141.94,NEFT/RTGS,south zone,WEST BENGAL,Amit Patel,Failed,Debit - OD Facility - May 2022,0,99.92,2075042.02
TXN9951660,CUST73941,30-12-2012,UPI,PRD0012,Mutual Fund,2363802.04,Phone Banking,WEST ZONE,Andhra Pradesh,Priya Nair,Completed,UPI - Mutual Fund - Apr 2012,425484.37,250.49,1938067.18
TXN9939578,CUST89988,26-11-2013,Interest Credit,PRD0010,Fixed Deposit,391974.83,  ATM,West Zone,Madhya Pradesh,Lalita Devi,Completed,Interest Credit - Fixed Deposit - Nov 2013,0,446.48,391528.35
TXN5445895,CUST43619,07-01-2019,UPI,PRD0013,insurance,2017487.24,  ATM,West Zone,Maharashtra,Rajesh Sharma,Failed,UPI - Insurance - Mar 2014,363147.7,446.95,1653892.59
TXN3587736,CUST61964,09-04-2019,Debit,PRD0006,Business Loan,3186990.32,Branch,  South Zone,Punjab,lalita devi,Reversed,Debit - Business Loan - Aug 2011,0,152.13,3186838.19
TXN6034060,CUST29162,17-12-2014,PENALTY CHARGE,PRD0012,mutual fund,4284412.78,POS,South Zone,KERALA,Deepa Krishnan,Reversed,Penalty Charge - Mutual Fund - Dec 2014,0,204.05,4284208.73
TXN3596796,CUST34435,06-04-2017,Cash Deposit,PRD0011,RECURRING DEPOSIT,4189347.93,  POS,North Zone,WEST BENGAL,vijay kumar,Reversed,Cash Deposit - Recurring Deposit - Jun 2017,754082.63,31.34,Rs.3435233.96
TXN1464203,CUST13406,25-04-2010,RTGS,PRD0001,HOME LOAN,2337590.62,Internet Banking,East Zone,andhra pradesh,Sunita Rao,Failed,RTGS - Home Loan - Oct 2019,420766.31,306.44,Rs.1916517.87
TXN5098682,CUST22202,01-03-2024,CASH WITHDRAWAL,PRD0017,Auto Loan,2623548.62,Phone Banking,South Zone,Tamil Nadu,Meena Iyer,Failed,Interest Credit - Auto Loan - Sep 2018,0,175.29,2623373.33
TXN1533503,CUST26803,02-02-2013,loan disbursal,PRD0014,OD Facility,1850068.46,Phone Banking,East Zone,Odisha,Vijay Kumar,Reversed,Loan Disbursal - OD Facility - Oct 2012,0,224.18,1849844.28
TXN8177305,CUST69198,29-02-2020,Penalty Charge,PRD0075,  Education Loan,Rs.1028205.4,Branch,Central Zone,Haryana,Vijay Kumar,Pending,Penalty Charge - Education Loan - Dec 2017,0,415.72,2626243.95
TXN1172820,CUST30517,30-10-2012,imps,PRD0013,Insurance,4705737.63,POS,South Zone,  Delhi,Meena Iyer,Failed,IMPS - Insurance - Oct 2012,0,194.22,4705543.41
TXN2833012,CUST40062,07-03-2019,Cash Deposit,PRD0007,loan against property,1627028.57,  POS,West Zone,Rajasthan,Sunita Rao,Reversed,Cash Deposit - Loan Against Property - Jul 2019,0,186.9,1626841.67
TXN9091547,CUST17736,04-Oct-19,Loan Disbursal,PRD0005,Education Loan,1647090.68,Mobile App,North Zone,Telangana,Lalita Devi,Pending,Loan Disbursal - Education Loan - Oct 2019,296476.32,57.01,1647090.68
TXN2533623,CUST49363,06-02-2016,IMPS,PRD0017,Auto Loan,237991.06,Internet Banking,  South Zone,Delhi,Sunita Rao,Failed,IMPS - Auto Loan - May 2025,0,25.71,237965.35
TXN7476001,CUST94985,29-02-2012,Loan Disbursal,PRD0008,Credit Card,4470001.7,neft/rtgs,South Zone,rajasthan,Arun Mehta,Under Review,Loan Disbursal - Credit Card - Jun 2018,804600.31,273.63,3665127.76
TXN2557974,CUST34673,25-06-2011,  EMI Payment,PRD0007,Loan Against Property,1629934.72,Mobile App,South Zone,west bengal,Rajesh Sharma,Completed,Penalty Charge - Loan Against Property - Dec 2010,0,0,1629588.32
TXN6939792,CUST90868,18-09-2023,Cash Deposit,PRD0007,Loan Against Property,4531301.98,ATM,North Zone,Telangana,Vijay Kumar,Pending,Cash Deposit - Loan Against Property - Sep 2023,Rs.815634.36,94.43,3715573.19
TXN3450730,CUST63914,07-Oct-24,  Cash Withdrawal,PRD0051,  Savings Account,3848449.25,Mobile App,  North Zone,telangana,Vijay Kumar,Failed,Cash Withdrawal - Savings Account - Oct 2024,0,97.99,3848351.26
TXN1388357,CUST95799,05-10-2023,Transfer,PRD0005,Education Loan,2267675.88,  POS,West Zone,Uttar Pradesh,Ramesh Yadav,Pending,Transfer - Education Loan - Oct 2023,0,251.71,2267424.17
TXN3174657,CUST90135,29-07-2025,Credit,PRD0001,  Home Loan,2420331.2,Phone Banking,West Zone,  Karnataka,Kavitha Subramanian,Completed,Credit - Home Loan - Jul 2025,435659.62,88.77,1984582.81
TXN7519096,CUST48063,01-06-2014,Transfer,PRD0009,Savings Account,2112545.24,Mobile App,West Zone,Rajasthan,Sunita Rao,Under Review,Transfer - Savings Account - Jun 2014,0,23.95,2112521.29
TXN1699495,CUST28322,04-08-2013,Cash Deposit,PRD0006,Business Loan,3927475.93,pos,East Zone,TELANGANA,Anita Bose,Completed,Cash Deposit - Business Loan - Aug 2013,706945.67,477.06,3220053.2
TXN1060977,CUST90135,03-Sep-13,Penalty Charge,PRD0011,Recurring Deposit,326405.31,Internet Banking,south zone,madhya pradesh,Amit Patel,Completed,Penalty Charge - Recurring Deposit - Sep 2013,0,344.04,326061.27
TXN1306478,CUST39710,03-09-2015,UPI,PRD0005,Education Loan,390130.15,ATM,CENTRAL ZONE,punjab,Lalita Devi,Reversed,UPI - Education Loan - Sep 2015,0,247.52,389882.63
TXN8082203,CUST60353,31-01-2021,Debit,PRD0009,Savings Account,2165706.49,Internet Banking,North Zone,Karnataka,Vijay Kumar,Pending,Debit - Savings Account - Jan 2021,0,433.79,2165272.7
TXN2640481,CUST80675,01-Mar-18,IMPS,PRD0006,BUSINESS LOAN,Rs.4787210.34,Branch,south zone,Gujarat,Sunita Rao,Under Review,IMPS - Business Loan - Mar 2018,0,224.41,4786985.93
TXN5675840,CUST93287,09-11-2016,Debit,PRD0008,Credit Card,3866330.6,  ATM,East Zone,Maharashtra,Sanjay Gupta,Completed,Debit - Credit Card - Sep 2016,Rs.0,384.13,3865946.47
TXN3882797,CUST30648,13-05-2021,  Cash Deposit,PRD0014,OD Facility,812768.24,Phone Banking,Central Zone,Madhya Pradesh,Anita Bose,Pending,Loan Disbursal - OD Facility - May 2021,146298.28,359.97,Rs.666109.99
TXN8180728,CUST36013,01-08-2020,UPI,PRD0003,  Auto Loan,3975706,NEFT/RTGS,CENTRAL ZONE,Karnataka,Rajesh Sharma,Completed,UPI - Auto Loan - Jan 2020,0,82.82,3975623.18
TXN3624018,CUST38110,26-Aug-22,NEFT,PRD0012,mutual fund,3689792.47,POS,Central Zone,kerala,Sanjay Gupta,Under Review,NEFT - Mutual Fund - Aug 2022,664162.64,68.98,3025560.85
TXN1800091,CUST50988,07-06-2023,UPI,PRD0013,  Insurance,236493.14,Branch,Central Zone,Delhi,Kavitha Subramanian,Pending,UPI - Insurance - Nov 2024,42568.77,24.86,193899.51
TXN7653888,CUST59689,24-02-2017,  Cash Deposit,PRD0006,business loan,4250243.81,Phone Banking,South Zone,Punjab,MEENA IYER,Reversed,Cash Deposit - Business Loan - Feb 2017,0,271.48,3484928.44
TXN2665733,CUST94985,23-07-2017,Credit,PRD0009,Savings Account,656877.05,Branch,EAST ZONE,tamil nadu,Geeta Pillai,Reversed,Credit - Savings Account - Jul 2017,118237.87,0,538550.29
TXN1727582,CUST42662,12-02-2015,IMPS,PRD0017,Auto Loan,Rs.2035425.68,Branch,South Zone,UTTAR PRADESH,rajesh sharma,Failed,IMPS - Auto Loan - Feb 2015,0,101.24,2035324.44
TXN5684559,CUST81654,08-08-2016,emi payment,PRD0011,Recurring Deposit,2339408.83,Mobile App,East Zone,Maharashtra,ARUN MEHTA,Pending,EMI Payment - Recurring Deposit - Aug 2016,0,58.43,2339350.4
TXN9473611,CUST40062,10-09-2011,Cash Deposit,PRD0002,Personal Loan,4223982.71,Phone Banking,Central Zone,West Bengal,Sanjay Gupta,Completed,Cash Deposit - Personal Loan - Nov 2018,0,382.93,4223599.78
TXN5474018,CUST40062,01-11-2018,Cash Deposit,PRD0002,Personal Loan,4223982.71,Phone Banking,Central Zone,West Bengal,Sanjay Gupta,Completed,Cash Deposit - Personal Loan - Nov 2018,0,382.93,4223599.78
TXN2204764,CUST76341,11-01-2022,Loan Disbursal,PRD0001,HOME LOAN,2032110.21,ATM,Central Zone,Rajasthan,SANJAY GUPTA,Pending,Loan Disbursal - Home Loan - Jan 2022,0,372.38,2031737.83
TXN7619228,CUST24134,11-07-2016,transfer,PRD0014,OD Facility,3550683.45,NEFT/RTGS,NORTH ZONE,West Bengal,Deepa Krishnan,Under Review,Transfer - OD Facility - Jan 2018,0,215.86,3550467.59
TXN7239780,CUST70036,26-11-2017,Credit,PRD0012,Mutual Fund,1740261.58,NEFT/RTGS,north zone,Haryana,Isha Pillai,Reversed,Credit - Mutual Fund - Jul 2013,Rs.0,16.62,1740244.96
TXN3434968,CUST16450,30-05-2017,UPI,PRD0001,Home Loan,3349772.69,Mobile App,West Zone,Maharashtra,Deepa Krishnan,Completed,UPI - Home Loan - May 2017,0,296.66,3349476.03
TXN3156544,CUST72285,13-10-2014,Interest Credit,PRD0012,mutual fund,4627314.6,NEFT/RTGS,north zone,telangana,Mohan Das,Under Review,Interest Credit - Mutual Fund - Oct 2014,832916.63,23.82,3794374.15
TXN1427550,CUST66349,01-11-2017,IMPS,PRD0008,Credit Card,2450080.79,Phone Banking,South Zone,West Bengal,Deepa Krishnan,Reversed,IMPS - Credit Card - Nov 2017,0,294.84,2449785.95
TXN5715695,CUST95119,19-06-2024,Loan Disbursal,PRD0002,Personal Loan,Rs.2253318.87,ATM,North Zone,rajasthan,Mohan Das,Completed,Loan Disbursal - Personal Loan - Jun 2024,0,419.74,2252899.13
TXN6507352,CUST26961,17-Sep-19,IMPS,PRD0005,education loan,2403179.13,mobile app,West Zone,  Odisha,AMIT PATEL,Reversed,IMPS - Education Loan - Sep 2019,432572.24,296.3,1970310.59
TXN3126888,CUST73156,08-02-2022,Transfer,PRD0014,OD Facility,2944924.47,Phone Banking,North Zone,Gujarat,RAJESH SHARMA,Reversed,Transfer - OD Facility - May 2015,0,275.11,2944649.36
TXN4615265,CUST26187,14-03-2014,RTGS,PRD0009,SAVINGS ACCOUNT,2562822.06,  Phone Banking,North Zone,Haryana,Amit Patel,Pending,RTGS - Savings Account - Mar 2014,461307.97,375.67,2101138.42
TXN5328241,CUST64651,30-Mar-19,Loan Disbursal,PRD0014,od facility,4693889.68,Internet Banking,East Zone,  Uttar Pradesh,VIJAY KUMAR,Pending,Loan Disbursal - OD Facility - Mar 2019,844900.14,310.73,3848678.81
TXN4181179,CUST66349,06-03-2012,Transfer,PRD0009,savings account,903281.01,Phone Banking,SOUTH ZONE,Tamil Nadu,Sunita Rao,Pending,Transfer - Savings Account - Sep 2013,0,0,903166.22
TXN1127226,CUST34673,25-06-2011,Credit,PRD0002,Personal Loan,2883091.29,NEFT/RTGS,North Zone,Odisha,  Amit Patel,Completed,Credit - Personal Loan - Dec 2022,518956.43,298.49,2363836.37
TXN7516041,CUST44825,09-07-2024,NEFT,PRD0003,  Auto Loan,1094902.66,NEFT/RTGS,EAST ZONE,Rajasthan,ANITA BOSE,Reversed,NEFT - Insurance - Sep 2024,0,455.79,1094446.87
TXN5134967,CUST31750,09-05-2013,Cash Deposit,PRD0013,Insurance,Rs.1999247.99,  ATM,west zone,Telangana,Meena Iyer,Pending,Cash Deposit - Insurance - May 2013,359864.64,201.54,1639181.81
TXN1791182,CUST30732,07-05-2021,Credit,PRD0011,recurring deposit,Rs.3056474.97,  ATM,Central Zone,Tamil Nadu,Kavya Kumar,Under Review,Credit - Recurring Deposit - May 2021,0,414.15,3056060.82
TXN1932436,CUST79185,30-03-2015,  Cash Deposit,PRD0014,OD FACILITY,749315.87,Phone Banking,Central Zone,telangana,Rajesh Sharma,Reversed,Interest Credit - OD Facility - Oct 2010,0,95.86,749220.01
TXN6207384,CUST98208,20-12-2015,IMPS,PRD0008,Credit Card,978252.67,Internet Banking,SOUTH ZONE,andhra pradesh,Meena Iyer,Failed,IMPS - Credit Card - Dec 2015,0,132.61,978120.06
TXN8924206,CUST43330,09-Apr-18,Credit,PRD0006,Business Loan,3587057.69,Branch,EAST ZONE,Haryana,Sanjay Gupta,Failed,Credit - Business Loan - Apr 2018,645670.38,0,2940974.2
TXN5783695,CUST96462,25-Jul-25,Penalty Charge,PRD0011,Recurring Deposit,1540566.16,Phone Banking,North Zone,Odisha,Meena Iyer,Under Review,Penalty Charge - Recurring Deposit - Jul 2025,0,387.98,1540178.18
TXN4350951,CUST51311,01-12-2022,Interest Credit,PRD0017,AUTO LOAN,3203935.37,Internet Banking,  Central Zone,KARNATAKA,Meena Iyer,Under Review,Interest Credit - Auto Loan - Dec 2022,0,340.88,3203594.49
TXN6917999,CUST51311,01-12-2022,Interest Credit,PRD0017,Auto Loan,3203935.37,Internet Banking,Central Zone,Telangana,Meena Iyer,Completed,Interest Credit - Auto Loan - Dec 2022,0,340.88,3203594.49
TXN3391656,CUST70562,10-05-2023,credit,PRD0010,Fixed Deposit,2730264.97,NEFT/RTGS,West Zone,Haryana,Amit Patel,Reversed,Credit - Fixed Deposit - Oct 2023,491447.69,472.69,2238344.59
TXN8342731,CUST28322,19-09-2015,Penalty Charge,PRD0010,Fixed Deposit,2896090.66,NEFT/RTGS,NORTH ZONE,  Madhya Pradesh,Anita Bose,Pending,Penalty Charge - Fixed Deposit - Oct 2022,0,Rs.161.75,2895928.91
TXN4823124,CUST27145,12-07-2013,Interest Credit,PRD0009,Savings Account,177353.13,ATM,Central Zone,Odisha,MEENA IYER,Pending,Interest Credit - Savings Account - Jul 2013,31923.56,258.22,145171.35
TXN7187338,CUST31705,17-04-2017,Interest Credit,PRD0009,Savings Account,2932090.12,mobile app,SOUTH ZONE,Maharashtra,Ramesh Yadav,Failed,Interest Credit - Savings Account - May 2012,0,296.05,2931794.07
TXN7376656,CUST64746,23-Jan-25,NEFT,PRD0007,Loan Against Property,4021204.21,Mobile App,West Zone,Kerala,Mohan Das,Pending,NEFT - Loan Against Property - Jan 2025,0,235.89,4020968.32
TXN4378358,CUST96661,06-06-2019,RTGS,PRD0002,personal loan,3158692.07,ATM,North Zone,Odisha,Ramesh Yadav,Reversed,RTGS - Personal Loan - Sep 2017,568564.57,128.78,2589998.72
TXN4793025,CUST96754,01-03-2024,LOAN DISBURSAL,PRD0009,Savings Account,4759869.51,POS,West Zone,West Bengal,Vijay Kumar,Completed,Loan Disbursal - Savings Account - Aug 2017,856776.51,453.39,3902639.61
TXN6542753,CUST97151,17-09-2016,UPI,PRD0004,Gold Loan,1965386.45,Mobile App,North Zone,Delhi,Deepa Krishnan,Under Review,UPI - Gold Loan - Oct 2016,0,384.04,1611232.85
TXN8275537,CUST49917,25-Dec-16,RTGS,PRD0002,Personal Loan,2810622.25,Phone Banking,CENTRAL ZONE,Madhya Pradesh,Meena Iyer,Completed,RTGS - Personal Loan - Dec 2016,505912.01,95.97,2304614.27
TXN6640968,CUST13109,13-07-2019,Debit,PRD0009,Savings Account,4155099.18,Branch,CENTRAL ZONE,Gujarat,Priya Nair,Pending,Debit - Savings Account - Jul 2019,747917.85,323.94,3406857.39
TXN1641621,CUST73505,21-01-2018,Transfer,PRD0008,Credit Card,4685225.51,pos,  Central Zone,Kerala,Nitin Joshi,Pending,Transfer - Credit Card - Jan 2018,0,373.25,4684852.26
TXN2662557,CUST91490,28-08-2018,Cash Withdrawal,PRD0011,Recurring Deposit,2128365.94,ATM,Central Zone,  Tamil Nadu,anita bose,Completed,Cash Withdrawal - Recurring Deposit - Aug 2018,383105.87,0,1745038.78
TXN5117465,CUST10820,30-07-2011,Debit,PRD0008,Credit Card,1420865.3,Phone Banking,North Zone,telangana,Deepa Krishnan,Reversed,Debit - Credit Card - Jul 2011,255755.75,171.24,1164938.31
TXN8398944,CUST21359,24-Jul-16,Interest Credit,PRD0011,Recurring Deposit,1678642.87,Phone Banking,north zone,Rajasthan,kavitha subramanian,Reversed,Interest Credit - Recurring Deposit - Jul 2016,0,142.39,1678500.48
TXN6819733,CUST51032,16-08-2013,EMI Payment,PRD0002,personal loan,3003951.74,NEFT/RTGS,central zone,Andhra Pradesh,Kavitha Subramanian,Completed,EMI Payment - Personal Loan - Aug 2013,0,5.6,2463234.83
TXN3099691,CUST20874,17-11-2012,Debit,PRD0017,Auto Loan,2547773.14,Mobile App,East Zone,delhi,Sanjay Gupta,Reversed,Debit - Auto Loan - Nov 2012,458599.17,172.86,Rs.2089001.11
TXN7917457,CUST43408,31-Dec-18,Penalty Charge,PRD0006,Business Loan,4581330.99,ATM,East Zone,MAHARASHTRA,Vijay Kumar,Reversed,Penalty Charge - Business Loan - Dec 2018,824639.58,238.5,3756452.91
TXN7066026,CUST43408,31-12-2018,Penalty Charge,PRD0006,Business Loan,4581330.99,ATM,East Zone,Maharashtra,Vijay Kumar,Completed,Penalty Charge - Business Loan - Dec 2018,824639.58,238.5,3756452.91
TXN9837300,CUST74219,30-08-2022,upi,PRD0009,Savings Account,2629973.96,POS,south zone,Maharashtra,Sunita Rao,Reversed,UPI - Savings Account - Nov 2012,0,354.18,2156224.47
TXN4706980,CUST74174,13-01-2012,loan disbursal,PRD0008,CREDIT CARD,310721.21,ATM,east zone,Madhya Pradesh,Vijay Kumar,Pending,Loan Disbursal - Credit Card - Jan 2012,55929.82,240.43,254550.96
TXN5136297,CUST49703,31-05-2019,Loan Disbursal,PRD0005,Education Loan,450348.03,Internet Banking,south zone,Telangana,Meena Iyer,Reversed,Loan Disbursal - Education Loan - May 2019,81062.65,Rs.155.28,369130.1
TXN7771617,CUST21359,31-01-2016,EMI Payment,PRD0010,Fixed Deposit,2203159.67,Phone Banking,South Zone,Andhra Pradesh,Priya Nair,Failed,EMI Payment - Fixed Deposit - Jan 2016,396568.74,156.47,1806434.46
TXN6916990,CUST93454,17-Jun-10,UPI,PRD0014,OD Facility,636385.44,Mobile App,West Zone,Gujarat,deepa krishnan,Reversed,UPI - OD Facility - Jun 2010,0,188.44,636197
TXN2235446,CUST93454,23-10-2023,  UPI,PRD0014,OD Facility,Rs.1028205.4,Branch,Central Zone,  Madhya Pradesh,RAJESH SHARMA,Under Review,UPI - OD Facility - Oct 2023,264759.93,112.34,1206016.21
TXN1028717,CUST47982,10-Dec-19,NEFT,PRD0004,Gold Loan,2989805.09,neft/rtgs,Central Zone,Madhya Pradesh,Nitin Joshi,Under Review,NEFT - Gold Loan - Dec 2019,538164.92,14.53,2451625.64
TXN9756456,CUST27428,15-12-2012,Credit,PRD0006,Business Loan,76242.44,ATM,South Zone,Maharashtra,Ramesh Yadav,Completed,Credit - Business Loan - Dec 2012,Rs.13723.64,120.22,62398.58
TXN2923537,CUST30516,02-08-2023,RTGS,PRD0009,Savings Account,4752224.93,ATM,North Zone,Rajasthan,Arun Mehta,Pending,RTGS - Savings Account - Aug 2023,0,144.3,4752080.63
TXN6764083,CUST18694,21-Mar-22,Cash Deposit,PRD0004,Gold Loan,3848626.55,Mobile App,central zone,Rajasthan,Sunita Rao,Under Review,Cash Deposit - Gold Loan - Mar 2022,0,30.22,3155843.55
TXN7912289,CUST86619,25-06-2015,Transfer,PRD0002,Personal Loan,4041595.81,NEFT/RTGS,East Zone,Punjab,Sanjay Gupta,Pending,Transfer - Personal Loan - Jun 2015,727487.25,257.7,3313850.86
TXN7677967,CUST63093,01-Dec-14,UPI,PRD0011,Recurring Deposit,923417.41,Branch,Central Zone,  Punjab,AMIT PATEL,Reversed,UPI - Recurring Deposit - Dec 2014,166215.13,51.85,757150.43
TXN9316883,CUST27389,24-04-2024,EMI Payment,PRD0013,  Insurance,3448564.56,Phone Banking,North Zone,Telangana,Amit Patel,Reversed,UPI - Insurance - Apr 2024,620741.62,20.52,2827802.42
TXN7215231,CUST34600,24-10-2013,  Cash Deposit,PRD0005,Education Loan,4527999.69,pos,South Zone,Rajasthan,Amit Patel,Reversed,Cash Deposit - Education Loan - Oct 2013,815039.94,182.81,3712776.94
TXN1522532,CUST34105,05-09-2015,imps,PRD0011,Recurring Deposit,3291831.88,PHONE BANKING,North Zone,andhra pradesh,Ramesh Yadav,Reversed,IMPS - Recurring Deposit - Dec 2023,592529.74,365.99,2698936.15
TXN9818135,CUST95892,04-04-2021,Penalty Charge,PRD0008,Credit Card,2480351,POS,North Zone,odisha,Amit Patel,Reversed,Penalty Charge - Credit Card - Apr 2021,446463.18,394.11,2033493.71
TXN4806745,CUST82973,25-11-2014,Interest Credit,PRD0002,Personal Loan,4822354.11,INTERNET BANKING,WEST ZONE,ODISHA,  Arun Mehta,Pending,Interest Credit - Personal Loan - Nov 2014,0,276.55,3954053.82
TXN8022655,CUST42631,02-12-2014,  NEFT,PRD0002,Personal Loan,4997350,Internet Banking,East Zone,Madhya Pradesh,sanjay gupta,Under Review,NEFT - Personal Loan - Dec 2014,899523,385.31,4097441.69
TXN9866231,CUST38885,09-09-2023,imps,PRD0014,OD Facility,3253490.89,ATM,South Zone,Rajasthan,Vijay Kumar,Reversed,IMPS - OD Facility - Sep 2023,0,0,3253431.71
TXN4743660,CUST68222,08-07-2011,RTGS,PRD0010,Fixed Deposit,3412438.47,Mobile App,North Zone,Andhra Pradesh,amit patel,Reversed,RTGS - Fixed Deposit - Jul 2011,614238.92,Rs.30.91,2798168.64
TXN3576120,CUST57002,11-09-2014,Penalty Charge,PRD0007,Loan Against Property,2913667.05,Branch,South Zone,Madhya Pradesh,  Deepa Krishnan,Completed,Penalty Charge - Loan Against Property - Nov 2013,524460.07,260.64,2913667.05
TXN4657912,CUST52550,04-07-2013,Transfer,PRD0003,  Auto Loan,307957.41,POS,WEST ZONE,Delhi,Lalita Devi,Pending ,Transfer - Education Loan - Jul 2013,55432.33,226.71,252298.37
TXN2248790,CUST41334,23-12-2011,Cash Withdrawal,PRD0017,Auto Loan,4521809.25,branch,South Zone,Uttar Pradesh,Nitin Joshi,Under Review,Cash Withdrawal - Auto Loan - Dec 2011,813925.66,494.3,3707389.29
TXN4760179,CUST42925,29-02-2012,NEFT,PRD0007,Loan Against Property,1526149.87,pos,  Central Zone,Kerala,Kavitha Subramanian,Completed,NEFT - Loan Against Property - Feb 2012,0,0,1525894.75
TXN2293475,CUST30286,19-12-2017,CASH DEPOSIT,PRD0001,HOME LOAN,19458.6,Phone Banking,Central Zone,PUNJAB,Ramesh Yadav,Reversed,Cash Deposit - Home Loan - Dec 2017,0,16.44,19442.16
TXN3424911,CUST28117,07-01-2022,NEFT,PRD0002,Personal Loan,2079507.37,ATM,north zone,Kerala,Nitin Joshi,Completed,Credit - Personal Loan - Jan 2022,374311.33,321.28,1704874.76
TXN4775834,CUST74724,24-Jan-10,Penalty Charge,PRD0009,Savings Account,4863132.69,Branch,Central Zone,Tamil Nadu,Sunita Rao,Reversed,Penalty Charge - Savings Account - Jan 2010,875363.88,0,Rs.3987367.46
TXN1909282,CUST70562,24-06-2021,CREDIT,PRD0005,Education Loan,4491076.85,NEFT/RTGS,East Zone,Punjab,Lalita Devi,Under Review,Credit - Education Loan - Jun 2021,0,365.26,4490711.59
TXN5983175,CUST70562,24-06-2021,Credit,PRD0005,Education Loan,4491076.85,NEFT/RTGS,East Zone,Punjab,Lalita Devi,Completed,Credit - Education Loan - Jun 2021,0,365.26,4490711.59
TXN6799107,CUST93634,30-Apr-18,Debit,PRD0014,OD Facility,1922475.51,phone banking,Central Zone,Tamil Nadu,Nitin Joshi,Under Review,Debit - OD Facility - Apr 2018,0,390.63,1922084.88
TXN4138003,CUST38329,05-09-2015,TRANSFER,PRD0007,loan against property,2527777.02,Internet Banking,CENTRAL ZONE,  Andhra Pradesh,Sunita Rao,Completed,Transfer - Loan Against Property - Apr 2025,0,387.76,2527389.26
TXN3438337,CUST58323,11-09-2010,UPI,PRD0013,Insurance,431900.55,Phone Banking,WEST ZONE,  Gujarat,Arun Mehta,Pending,UPI - Insurance - Sep 2010,0,102.13,431798.42
TXN8849593,CUST43408,07-05-2022,UPI,PRD0003,  Auto Loan,3644131.67,Internet Banking,South Zone,odisha,Priya Nair,COMPLETED,UPI - OD Facility - Jul 2022,0,106.17,3644025.5
TXN5520868,CUST66431,11-May-23,Penalty Charge,PRD0009,Savings Account,4301517.56,Internet Banking,North Zone,Karnataka,  Sanjay Gupta,Pending,Penalty Charge - Savings Account - May 2023,774273.16,156.44,3527087.96
TXN7757533,CUST91922,29-03-2014,Loan Disbursal,PRD0010,Fixed Deposit,4585428.31,Internet Banking,South Zone,kerala,Arun Mehta,Reversed,Loan Disbursal - Fixed Deposit - Mar 2014,825377.1,200.69,3759850.52
TXN2372554,CUST93634,19-Dec-15,cash deposit,PRD0006,Business Loan,4625094.59,Branch,South Zone,Kerala,Sunita Rao,Reversed,Cash Deposit - Business Loan - Dec 2015,832517.03,312.54,3792265.02
TXN7224714,CUST21546,05-04-2024,UPI,PRD0004,  Gold Loan,4500547.26,ATM,South Zone,Maharashtra,Lalita Devi,Failed,UPI - Gold Loan - Apr 2024,0,147.72,4500399.54
TXN6239517,CUST40345,02-Oct-14,NEFT,PRD0051,  Savings Account,2635560.75,Mobile App,North Zone,Uttar Pradesh,Sanjay Gupta,Under Review,NEFT - Savings Account - Oct 2014,0,119.18,2635441.57
TXN1530315,CUST54260,27-May-14,Penalty Charge,PRD0009,Savings Account,2531592.32,POS,East Zone,punjab,VIJAY KUMAR,SUCCESS,Penalty Charge - Savings Account - May 2014,0,0,2531234.88
TXN7086418,CUST22202,28-07-2024,emi payment,PRD0017,Auto Loan,1640443.26,Mobile App,Central Zone,Punjab,Sunita Rao,Completed,EMI Payment - Auto Loan - Jul 2024,0,97.38,1640345.88
TXN1249672,CUST18601,09-08-2019,CASH WITHDRAWAL,PRD0008,Credit Card,3466306.28,Internet Banking,Central Zone,Maharashtra,ARUN MEHTA,Reversed,Cash Withdrawal - Credit Card - Nov 2021,0,162.44,3466143.84
TXN1807728,CUST21546,17-03-2012,TRANSFER,PRD0010,FIXED DEPOSIT,4253104.67,Mobile App,West Zone,Haryana,Rajesh Sharma,Pending ,Transfer - Fixed Deposit - Mar 2012,765558.84,177.37,3487368.46
TXN3786472,CUST53813,20-05-2024,Cash Withdrawal,PRD0017,AUTO LOAN,3883078.08,Mobile App,East Zone,Maharashtra,sunita rao,Pending,Cash Withdrawal - Auto Loan - May 2024,0,227.52,3883078.08
TXN4019242,CUST25572,09-01-2013,Debit,PRD0011,Recurring Deposit,4995578.88,POS,West Zone,Delhi,Rajesh Sharma,Reversed,Debit - Recurring Deposit - Jan 2013,899204.2,426.45,4095948.23
TXN5114799,CUST80686,11-08-2019,RTGS,PRD0013,  Insurance,966635.28,Branch,North Zone,Gujarat,RAJESH SHARMA,Pending,RTGS - Insurance - Nov 2019,0,469.34,966165.94
TXN3768876,CUST17355,10-05-2010,DEBIT,PRD0010,Fixed Deposit,2148566.08,  Internet Banking,East Zone,Maharashtra,anita bose,Failed,Debit - Fixed Deposit - May 2010,0,232.33,2148333.75
TXN7506669,CUST34435,25-04-2010,IMPS,PRD0095,  Recurring Deposit,3916688.87,pos,Central Zone,Telangana,Rajesh Sharma,Under Review,IMPS - Recurring Deposit - Dec 2025,Rs.0,455.96,3916232.91
TXN5881404,CUST16840,28-04-2014,RTGS,PRD0002,Personal Loan,501220.93,Internet Banking,east zone,Uttar Pradesh,amit patel,Under Review,RTGS - Personal Loan - Apr 2014,0,26.57,501194.36
TXN8105759,CUST43357,18-04-2018,EMI Payment,PRD0011,Recurring Deposit,52244.6,NEFT/RTGS,East Zone,Rajasthan,  Nitin Joshi,Reversed,EMI Payment - Recurring Deposit - Aug 2016,9404.03,0,42670.56
TXN7833959,CUST37164,08-04-2024,IMPS,PRD0017,Auto Loan,1909828.2,Internet Banking,East Zone,  Maharashtra,Meena Iyer,Reversed,IMPS - Auto Loan - Apr 2024,0,477.85,1909350.35
TXN8431740,CUST32746,22-08-2025,CREDIT,PRD0051,  Savings Account,4095195.23,  ATM,West Zone,Maharashtra,Ramesh Yadav,Failed,Credit - Savings Account - Jan 2019,737135.14,369.33,3357690.76
TXN5729199,CUST82510,31-10-2015,Debit,PRD0001,HOME LOAN,2953136.91,mobile app,East Zone,Telangana,  Vijay Kumar,Under Review,Debit - Home Loan - May 2020,531564.64,118.38,2421453.89
TXN1092494,CUST30648,14-01-2020,Cash Deposit,PRD0001,Home Loan,2616896.5,Phone Banking,South Zone,Andhra Pradesh,Amit Patel,Reversed,Cash Deposit - Home Loan - Jan 2020,471041.37,71.28,2145783.85
TXN5380477,CUST18601,09-08-2019,UPI,PRD0010,FIXED DEPOSIT,2209527.34,Phone Banking,North Zone,KARNATAKA,Deepa Krishnan,Under Review,UPI - Fixed Deposit - Nov 2015,0,48.61,2209478.73
TXN4024757,CUST74437,10-02-2015,Interest Credit,PRD0012,Mutual Fund,2403678.99,mobile app,  East Zone,Kerala,ananya reddy,Under Review,Interest Credit - Mutual Fund - Apr 2019,0,221.72,2403457.27
TXN1675922,CUST34673,19-02-2021,Penalty Charge,PRD0012,Mutual Fund,1339396.12,INTERNET BANKING,Central Zone,Punjab,Meena Iyer,Pending,Penalty Charge - Mutual Fund - Feb 2021,241091.3,433.73,1097871.09
TXN8791787,CUST13779,30-09-2010,Debit,PRD0010,Fixed Deposit,4220493.13,POS,South Zone,Maharashtra,Kavitha Subramanian,Completed,Debit - Fixed Deposit - Sep 2010,759688.76,307.91,3460496.46
TXN3654860,CUST26187,09-Aug-12,Debit,PRD0004,Gold Loan,486125.53,ATM,Central Zone,Rajasthan,Mohan Das,Completed,Debit - Gold Loan - Aug 2012,87502.6,179.49,398443.44
TXN4615822,CUST34323,31-May-10,Debit,PRD0014,OD Facility,1469997.9,ATM,west zone,West Bengal,Amit Patel,Pending,Debit - OD Facility - May 2010,264599.62,37.16,1205361.12
TXN3632132,CUST27295,31-07-2012,Cash Deposit,PRD0002,Personal Loan,2346047.92,POS,West Zone,Rajasthan,Meena Iyer,Pending,Cash Deposit - Personal Loan - Jul 2012,0,260.08,2345787.84
TXN7778014,CUST80675,30-04-2010,IMPS,PRD0001,Home Loan,2872976.25,Branch,West Zone,haryana,vijay kumar,Completed,IMPS - Home Loan - Apr 2010,0,301.65,2872674.6
TXN1781564,CUST96661,15-04-2013,Credit,PRD0005,education loan,2446667.53,Mobile App,South Zone,Delhi,Kavitha Subramanian,Completed,Credit - Education Loan - Apr 2013,0,144.11,2446523.42
TXN7229642,CUST96661,15-04-2013,Credit,PRD0005,Education Loan,2446667.53,Mobile App,South Zone,Delhi,Kavitha Subramanian,Completed,Credit - Education Loan - Apr 2013,0,144.11,2446523.42
TXN2390066,CUST64746,10-08-2011,EMI Payment,PRD0010,Fixed Deposit,3418288.04,POS,EAST ZONE,Gujarat,Kavitha Subramanian,Under Review,EMI Payment - Fixed Deposit - Oct 2011,615291.85,240.88,2802755.31
TXN2903713,CUST97755,01-07-2011,Loan Disbursal,PRD0005,Education Loan,3547613.41,NEFT/RTGS,South Zone,  Uttar Pradesh,Lalita Devi,Failed,Loan Disbursal - Education Loan - Jul 2011,638570.41,402.13,2908640.87
TXN2744281,CUST76787,11-10-2017,IMPS,PRD0017,AUTO LOAN,2264943.67,  ATM,West Zone,Uttar Pradesh,MOHAN DAS,Under Review,IMPS - Auto Loan - Oct 2017,407689.86,293.17,1856960.64
TXN1689021,CUST78742,02-07-2012,Loan Disbursal,PRD0008,credit card,2527724.13,ATM,South Zone,Karnataka,Mohan Das,Completed,Loan Disbursal - Credit Card - Jul 2012,Rs.454990.34,58.97,Rs.2072674.82
TXN3962869,CUST78742,02-07-2012,Loan Disbursal,PRD0008,Credit Card,2527724.13,ATM,South Zone,Karnataka,Mohan Das,Completed,Loan Disbursal - Credit Card - Jul 2012,454990.34,58.97,2072674.82
TXN7736089,CUST66959,04-10-2016,Interest Credit,PRD0012,Mutual Fund,1565911.59,NEFT/RTGS,West Zone,Telangana,Nitin Joshi,Completed,Interest Credit - Mutual Fund - Oct 2016,281864.09,387.77,1283659.73
TXN2358946,CUST33281,04-03-2023,EMI Payment,PRD0002,Personal Loan,390853.69,INTERNET BANKING,Central Zone,West Bengal,Kavitha Subramanian,Pending,EMI Payment - Personal Loan - Mar 2023,70353.66,384.26,320115.77
TXN3293889,CUST27705,14-Dec-25,Loan Disbursal,PRD0011,Recurring Deposit,2697717.37,  NEFT/RTGS,West Zone,Telangana,MEENA IYER,completed,Loan Disbursal - Recurring Deposit - Dec 2025,0,275.62,2697441.75
TXN6474913,CUST84873,27-05-2012,RTGS,PRD0002,Personal Loan,1574565.15,POS,South Zone,West Bengal,Sunita Rao,Reversed,RTGS - Personal Loan - May 2012,283421.73,240.79,1290902.63
TXN2599403,CUST31016,18-08-2022,Transfer,PRD0012,mutual fund,2252243.75,Branch,CENTRAL ZONE,Odisha,Mohan Das,Under Review,Transfer - Mutual Fund - Aug 2022,405403.88,162.22,Rs.1846677.65
TXN3553865,CUST93993,23-05-2021,Penalty Charge,PRD0010,Fixed Deposit,4349447,ATM,East Zone,Odisha,priya nair,Under Review,Penalty Charge - Fixed Deposit - May 2021,0,127.44,4349319.56
TXN1299835,CUST13385,19-Dec-21,Cash Deposit,PRD0011,Recurring Deposit,1327450.94,MOBILE APP,South Zone,Tamil Nadu,nitin joshi,Reversed,Cash Deposit - Recurring Deposit - Dec 2021,238941.17,0,1088082.42
TXN8197397,CUST63668,30-03-2015,  UPI,PRD0005,EDUCATION LOAN,2477614.54,Phone Banking,East Zone,Punjab,Sunita Rao,Failed,UPI - Education Loan - Nov 2014,445970.62,435.72,2031208.2
TXN7952604,CUST50812,29-May-24,Loan Disbursal,PRD0010,FIXED DEPOSIT,2208304.52,Mobile App,North Zone,Kerala,arun mehta,Pending,Loan Disbursal - Fixed Deposit - May 2024,397494.81,76.94,1810732.77
TXN5272790,CUST43315,03-07-2023,Interest Credit,PRD0012,Mutual Fund,2396424.15,NEFT/RTGS,central zone,Odisha,Rajesh Sharma,Completed,Interest Credit - Mutual Fund - Jul 2023,0,418.92,2396005.23
TXN6517018,CUST61697,12-04-2025,UPI,PRD0013,Insurance,Rs.3308274.92,Branch,East Zone,Uttar Pradesh,Sanjay Gupta,Completed,UPI - Insurance - Apr 2025,595489.49,282.42,2712503.01
TXN8723009,CUST61697,12-04-2025,UPI,PRD0013,Insurance,3308274.92,Branch,East Zone,Uttar Pradesh,Sanjay Gupta,Completed,UPI - Insurance - Apr 2025,595489.49,282.42,2712503.01
TXN9196530,CUST27389,29-Jul-11,UPI,PRD0017,Auto Loan,4362448.37,NEFT/RTGS,CENTRAL ZONE,Haryana,Amit Patel,Under Review,UPI - Auto Loan - Jul 2011,785240.71,8.72,3577198.94
TXN7762048,CUST63095,04-Apr-16,Debit,PRD0003,  Auto Loan,4237979.53,Branch,North Zone,Karnataka,Amit Patel,Reversed,Debit - Mutual Fund - Apr 2016,762836.32,0,3474690.32
TXN8884666,CUST79681,10-06-2024,Credit,PRD0007,Loan Against Property,4997271.39,BRANCH,North Zone,Gujarat,Vijay Kumar,Failed,Credit - Loan Against Property - Oct 2024,899508.85,450.36,4097312.18
TXN9175341,CUST62645,23-10-2023,Cash Withdrawal,PRD0014,OD Facility,1326699.76,ATM,East Zone,Karnataka,Nitin Joshi,Completed,Cash Withdrawal - OD Facility - Jul 2025,0,44.77,1326654.99
TXN6420246,CUST15486,13-06-2018,Transfer,PRD0011,Recurring Deposit,3489602.89,Mobile App,East Zone,Andhra Pradesh,Sanjay Gupta,Under Review,Transfer - Recurring Deposit - Jun 2018,628128.52,236.19,2861238.18
TXN9176139,CUST77559,14-01-2021,credit,PRD0001,Home Loan,4930696.38,Phone Banking,central zone,uttar pradesh,Priya Nair,Pending,Credit - Home Loan - Jan 2021,887525.35,490.63,4042680.4
TXN2038367,CUST39355,11-08-2020,Credit,PRD0012,Mutual Fund,3633033.83,Internet Banking,EAST ZONE,Delhi,Priya Nair,Under Review,Credit - Mutual Fund - Aug 2020,0,199.09,2978888.65
TXN5738948,CUST39355,11-08-2020,Credit,PRD0012,Mutual Fund,3633033.83,Internet Banking,East Zone,Delhi,Priya Nair,Completed,Credit - Mutual Fund - Aug 2020,653946.09,199.09,2978888.65
TXN8334374,CUST86397,11-05-2021,credit,PRD0011,Recurring Deposit,3548076.09,Internet Banking,West Zone,Tamil Nadu,Mohan Das,Pending ,Credit - Recurring Deposit - May 2021,0,339.18,3547736.91
TXN5961626,CUST62645,20-May-18,NEFT,PRD0006,Business Loan,552493.17,  Internet Banking,central zone,telangana,Sanjay Gupta,Pending,NEFT - Business Loan - May 2018,99448.77,128.91,452915.49
TXN7630601,CUST62645,23-10-2023,NEFT,PRD0006,Business Loan,552493.17,Internet Banking,Central Zone,Telangana,Sanjay Gupta,Completed,NEFT - Business Loan - May 2018,99448.77,128.91,452915.49
TXN7560596,CUST91490,07-11-2013,Loan Disbursal,PRD0012,Mutual Fund,4790457.09,  Internet Banking,West Zone,gujarat,Arun Mehta,Reversed,Loan Disbursal - Mutual Fund - Apr 2011,862282.28,223.36,4790457.09
TXN1582351,CUST26547,01-03-2024,IMPS,PRD0005,Education Loan,3656533.53,NEFT/RTGS,central zone,Delhi,Deepa Krishnan,Failed,IMPS - Education Loan - Aug 2015,0,0,3656073.18
TXN4612320,CUST52584,30-08-2022,Penalty Charge,PRD0005,Education Loan,3522153.83,ATM,Central Zone,Odisha,Sanjay Gupta,Completed,Penalty Charge - Education Loan - Jun 2010,633987.69,68.91,Rs.2888097.23
TXN1888609,CUST52584,24-01-2020,Loan Disbursal,PRD0075,  Education Loan,133746.39,POS,North Zone,Madhya Pradesh,Anita Bose,Completed,Loan Disbursal - Education Loan - Jan 2020,24074.35,48,109624.04
TXN2860326,CUST42441,11-Oct-25,Debit,PRD0013,Insurance,2586085.2,ATM,Central Zone,Gujarat,DEEPA KRISHNAN,Reversed,Debit - Insurance - Oct 2025,0,Rs.27.21,2586057.99
TXN7393035,CUST83989,30-09-2016,Debit,PRD0014,OD Facility,388323.13,PHONE BANKING,central zone,Kerala,  Deepa Krishnan,Failed,Debit - OD Facility - Sep 2016,0,26.27,388296.86
TXN2202809,CUST93287,05-09-2015,Credit,PRD0008,  Credit Card,3830586.58,branch,Central Zone,Telangana,Ramesh Yadav,COMPLETED,Credit - Credit Card - Oct 2021,0,0,3830512
TXN6011719,CUST89954,11-12-2017,Debit,PRD0014,OD Facility,Rs.4540879.96,Phone Banking,south zone,Punjab,DEEPA KRISHNAN,Failed,Debit - OD Facility - Jul 2012,817358.39,214.33,3723307.24
TXN8024279,CUST54260,22-12-2013,EMI PAYMENT,PRD0005,Education Loan,4090833.13,BRANCH,West Zone,ANDHRA PRADESH,Ramesh Yadav,Pending,EMI Payment - Education Loan - Dec 2013,736349.96,176.7,4090833.13
TXN1646056,CUST52413,16-Mar-22,Cash Deposit,PRD0001,Home Loan,994394.94,NEFT/RTGS,South Zone,Karnataka,Anita Bose,Reversed,Cash Deposit - Home Loan - Mar 2022,0,299.49,994095.45
TXN1982155,CUST63197,10-Mar-16,LOAN DISBURSAL,PRD0017,Auto Loan,1256267.7,POS,central zone,telangana,Arun Mehta,Reversed,Loan Disbursal - Auto Loan - Mar 2016,226128.19,218.95,1029920.56
TXN8752836,CUST34435,03-Nov-14,INTEREST CREDIT,PRD0014,OD Facility,Rs.1028205.4,Branch,East Zone,maharashtra,Meena Iyer,Failed,Interest Credit - OD Facility - Nov 2014,513398.96,25.83,2338791.63
TXN5218117,CUST38329,08-06-2016,Cash Deposit,PRD0007,  Loan Against Property,1302264.16,NEFT/RTGS,east zone,Andhra Pradesh,Kavitha Subramanian,Pending,Cash Deposit - Loan Against Property - Jun 2016,234407.55,447.72,1067408.89
TXN4546918,CUST14791,03-05-2024,PENALTY CHARGE,PRD0008,Credit Card,1635097.91,NEFT/RTGS,north zone,Haryana,Anita Bose,Reversed,Penalty Charge - Credit Card - May 2024,294317.62,390.01,1340390.28
TXN9365335,CUST86397,14-11-2016,Credit,PRD0013,Insurance,316269.97,Mobile App,  East Zone,Rajasthan,Priya Nair,Failed,Credit - Insurance - Nov 2016,0,330.64,315939.33
TXN8330818,CUST90868,25-02-2023,Cash Withdrawal,PRD0017,auto loan,1750187.37,Internet Banking,east zone,MADHYA PRADESH,Nitin Joshi,Completed,Cash Withdrawal - Auto Loan - Feb 2023,Rs.315033.73,391.11,1434762.53
TXN9559758,CUST83716,30-05-2016,NEFT,PRD0004,Gold Loan,4426273.96,Mobile App,Central Zone,Uttar Pradesh,Ramesh Verma,Failed,NEFT - Gold Loan - May 2016,0,37.38,4426236.58
TXN1197650,CUST91167,15-04-2022,UPI,PRD0010,Fixed Deposit,4355967.09,ATM,South Zone,Andhra Pradesh,Ramesh Yadav,Failed,UPI - Fixed Deposit - Apr 2022,784074.08,52.13,Rs.3571840.88
TXN6835183,CUST74922,22-06-2013,RTGS,PRD0010,Fixed Deposit,4396361.43,Phone Banking,East Zone,Haryana,Deepa Krishnan,Pending,RTGS - Fixed Deposit - Jun 2013,0,336.34,4396025.09
TXN2159852,CUST26936,15-07-2017,Interest Credit,PRD0017,Auto Loan,4778894.09,atm,North Zone,karnataka,Nitin Joshi,Failed,Interest Credit - Auto Loan - Jul 2017,0,471.43,4778422.66
TXN1493952,CUST69198,29-02-2020,Cash Deposit,PRD0017,Auto Loan,Rs.4479434.47,Phone Banking,East Zone,Karnataka,Vijay Kumar,Completed,Cash Deposit - Auto Loan - Jun 2016,0,238.25,4479196.22
TXN2541569,CUST81476,15-11-2021,IMPS,PRD0007,Loan Against Property,3460325.9,mobile app,West Zone,Gujarat,Rajesh Sharma,Under Review,IMPS - Loan Against Property - Nov 2021,0,368.04,3459957.86
TXN8897109,CUST81476,15-Nov-21,IMPS,PRD0007,Loan Against Property,3460325.9,Mobile App,West Zone,Gujarat,Rajesh Sharma,Completed,IMPS - Loan Against Property - Nov 2021,0,368.04,3459957.86
TXN9838679,CUST75350,11-04-2019,Credit,PRD0009,Savings Account,3994999.77,ATM,South Zone,Gujarat,Ramesh Yadav,Failed,Credit - Savings Account - Apr 2019,0,48.05,3994951.72
TXN8818848,CUST27495,10-12-2017,Credit,PRD0004,Gold Loan,2583007.81,atm,  East Zone,Andhra Pradesh,Isha Nair,Completed,Credit - Gold Loan - Oct 2017,464941.41,83.51,2117982.89
TXN3556651,CUST22108,17-01-2019,Cash Withdrawal,PRD0017,Auto Loan,711201.31,NEFT/RTGS,West Zone,Karnataka,Deepa Krishnan,Failed,Cash Withdrawal - Auto Loan - Jan 2019,0,370.08,710831.23
TXN9538079,CUST30016,22-08-2025,RTGS,PRD0017,auto loan,2877801.46,POS,SOUTH ZONE,Madhya Pradesh,Kavitha Subramanian,Reversed,RTGS - Auto Loan - Aug 2010,518004.26,Rs.315.02,2359482.18
TXN9149893,CUST21108,02-06-2011,debit,PRD0014,OD Facility,2779147.46,ATM,North Zone,Punjab,rohan verma,Completed,Debit - OD Facility - Jun 2011,0,2.56,2779144.9
TXN2852423,CUST86957,11-07-2019,Debit,PRD0001,HOME LOAN,4349481.27,POS,West Zone,Kerala,  Mohan Das,Pending ,Debit - Home Loan - Jul 2019,782906.63,0,3566443.78
TXN1591476,CUST40396,17-04-2017,Interest Credit,PRD0003,  Auto Loan,4563003.69,Internet Banking,West Zone,Haryana,Amit Patel,Pending,Loan Disbursal - Auto Loan - Jun 2021,821340.66,257.87,Rs.3741405.16
TXN8139383,CUST43619,09-Apr-20,NEFT,PRD0009,savings account,1398414.14,  ATM,EAST ZONE,Kerala,sanjay gupta,Pending,NEFT - Savings Account - Apr 2020,251714.55,238.06,1146461.53
TXN8900873,CUST16655,29-02-2012,RTGS,PRD0013,insurance,3934190.21,ATM,Central Zone,Uttar Pradesh,Kavitha Subramanian,Reversed,RTGS - Insurance - Jun 2011,0,Rs.80.31,3225955.66
TXN9414764,CUST23614,26-05-2015,Credit,PRD0007,Loan Against Property,946286.2,Mobile App,North Zone,TELANGANA,Priya Nair,Completed,Credit - Loan Against Property - May 2015,170331.52,113.61,775841.07
TXN5456120,CUST53054,01-01-2018,EMI Payment,PRD0001,Home Loan,1699518.58,pos,East Zone,Haryana,Meena Iyer,Completed,EMI Payment - Home Loan - Jan 2018,0,311.35,1699207.23
TXN7064271,CUST55229,07-05-2021,CREDIT,PRD0011,Recurring Deposit,1532957.17,POS,West Zone,Delhi,  Rajesh Sharma,Reversed,Credit - Recurring Deposit - May 2021,0,152.5,Rs.1532804.67
TXN5687700,CUST24723,14-09-2012,CREDIT,PRD0004,gold loan,3653658.94,Phone Banking,South Zone,Haryana,Mohan Das,Completed,NEFT - Gold Loan - Sep 2010,0,172.62,2995827.71
TXN3783487,CUST79681,08-Mar-25,Cash Withdrawal,PRD0008,Credit Card,Rs.1028205.4,  ATM,NORTH ZONE,TAMIL NADU,Anita Bose,Failed,Cash Withdrawal - Credit Card - Mar 2025,0,237.79,870429.89
TXN3889033,CUST79681,03-08-2025,Cash Withdrawal,PRD0008,Credit Card,870667.68,Phone Banking,North Zone,Tamil Nadu,Anita Bose,Completed,Cash Withdrawal - Credit Card - Mar 2025,0,237.79,870429.89
TXN9717017,CUST93454,25-12-2024,cash withdrawal,PRD0002,Personal Loan,4847194.16,ATM,West Zone,Madhya Pradesh,Mohan Das,Failed,Cash Withdrawal - Personal Loan - Dec 2024,0,312.64,4846881.52
TXN1220550,CUST76093,16-09-2013,  RTGS,PRD0014,OD Facility,1190241.99,Phone Banking,East Zone,Madhya Pradesh,Meena Iyer,Completed,RTGS - OD Facility - Sep 2013,214243.56,231.18,975767.25
TXN8252502,CUST70810,07-02-2015,NEFT,PRD0002,Personal Loan,2561317.2,neft/rtgs,  East Zone,PUNJAB,Deepa Krishnan,COMPLETED,NEFT - Personal Loan - Oct 2012,0,0,2561306.04
TXN9131689,CUST33094,01-Nov-20,  Penalty Charge,PRD0012,mutual fund,4433025.87,Branch,Central Zone,Andhra Pradesh,mohan das,Completed,Penalty Charge - Mutual Fund - Nov 2020,797944.66,Rs.44.06,3635037.15
TXN5316999,CUST16461,01-10-2017,Interest Credit,PRD0003,  Auto Loan,2328011.08,atm,South Zone,Telangana,Kavitha Subramanian,Under Review,Penalty Charge - OD Facility - Oct 2017,419041.99,Rs.241.77,1908727.32
TXN2842679,CUST49708,13-10-2022,cash withdrawal,PRD0009,Savings Account,222302.99,Branch,east zone,Uttar Pradesh,Mohan Das,Failed,Cash Withdrawal - Savings Account - Jun 2013,0,219.22,222083.77
TXN5788723,CUST21546,03-11-2019,Transfer,PRD0014,OD Facility,Rs.1028205.4,neft/rtgs,Central Zone,Uttar Pradesh,Kavitha Subramanian,Completed,Transfer - OD Facility - Nov 2019,0,269.16,1571718.39
TXN1770639,CUST34420,24-03-2014,Cash Withdrawal,PRD0007,Loan Against Property,3613090.38,Branch,central zone,kerala,Anita Bose,Under Review,Cash Withdrawal - Loan Against Property - Mar 2014,0,479.93,3612610.45
TXN5772081,CUST70036,03-06-2014,Loan Disbursal,PRD0005,Education Loan,2534945.76,Phone Banking,  South Zone,Tamil Nadu,Meena Iyer,Completed,Loan Disbursal - Education Loan - Jun 2014,456290.24,363.73,Rs.2078291.79
TXN2093240,CUST72285,29-05-2019,RTGS,PRD0003,  Auto Loan,3132802.18,POS,East Zone,West Bengal,Sunita Rao,Failed,RTGS - Education Loan - May 2019,563904.39,245.47,2568652.32
TXN7969354,CUST41696,01-02-2013,NEFT,PRD0001,Home Loan,10501.01,Mobile App,Central Zone,  West Bengal,Sanjay Gupta,Under Review,NEFT - Home Loan - Mar 2023,1890.18,Rs.418.71,8192.12
TXN7736937,CUST84130,05-09-2015,RTGS,PRD0001,Home Loan,Rs.1028205.4,branch,SOUTH ZONE,MADHYA PRADESH,Meena Iyer,SUCCESS,RTGS - Home Loan - Nov 2011,318239.45,282.95,1449474.57
TXN2986198,CUST51032,23-Sep-19,Debit,PRD0002,Personal Loan,4537186,NEFT/RTGS,East Zone,Uttar Pradesh,Ramesh Yadav,Completed,Debit - Personal Loan - Sep 2019,0,115.84,4537070.16
TXN2226455,CUST25461,01-02-2013,LOAN DISBURSAL,PRD0004,GOLD LOAN,2122814.38,Branch,South Zone,Rajasthan,Deepa Krishnan,Under Review,Loan Disbursal - Gold Loan - Feb 2025,382106.59,152.19,Rs.1740555.6
TXN5675889,CUST24515,12-Mar-21,Credit,PRD0005,EDUCATION LOAN,Rs.4163608.26,Internet Banking,central zone,Uttar Pradesh,Sunita Rao,Under Review,Credit - Education Loan - Mar 2021,0,241.67,4163366.59
TXN6198750,CUST27865,22-04-2023,Penalty Charge,PRD0001,Home Loan,4585474.9,NEFT/RTGS,North Zone,Kerala,Anita Bose,Reversed,Penalty Charge - Home Loan - Apr 2023,0,29.97,4585444.93
TXN1103542,CUST60326,07-Jan-24,Interest Credit,PRD0012,Mutual Fund,4697043.04,Phone Banking,South Zone,telangana,Ramesh Yadav,Completed,Interest Credit - Mutual Fund - Jan 2024,845467.75,50.76,3851524.53
TXN5939664,CUST96363,31-07-2016,Interest Credit,PRD0004,Gold Loan,1052461.83,internet banking,CENTRAL ZONE,Maharashtra,Ramesh Yadav,Failed,Interest Credit - Gold Loan - Sep 2013,0,333.78,1052128.05
TXN5091643,CUST27389,07-11-2013,loan disbursal,PRD0008,Credit Card,2606186.51,Branch,West Zone,Delhi,Vijay Kumar,Completed,Loan Disbursal - Credit Card - Nov 2010,0,177.36,2606009.15
TXN6661694,CUST70562,12-06-2010,RTGS,PRD0009,Savings Account,1663686.08,POS,North Zone,Uttar Pradesh,Sunita Rao,Under Review,RTGS - Savings Account - Jun 2010,0,236.78,1663449.3
TXN7161360,CUST95119,18-06-2015,UPI,PRD0013,Insurance,1931947.09,NEFT/RTGS,Central Zone,Uttar Pradesh,Amit Patel,Under Review,UPI - Insurance - Jun 2015,347750.48,89.4,1584107.21
TXN6527801,CUST59528,03-11-2016,loan disbursal,PRD0007,Loan Against Property,1501381.05,ATM,South Zone,Uttar Pradesh,Ramesh Yadav,Completed,Loan Disbursal - Loan Against Property - Nov 2025,Rs.0,0,1501052.2
TXN3964861,CUST75191,27-Oct-21,Credit,PRD0001,Home Loan,4283997.24,ATM,CENTRAL ZONE,Punjab,sunita rao,Failed,Credit - Home Loan - Oct 2021,771119.5,365.93,3512511.81
TXN1521134,CUST80593,07-01-2019,DEBIT,PRD0006,Business Loan,1515456.08,ATM,North Zone,Telangana,Rajesh Sharma,Reversed,Debit - Business Loan - Jul 2015,0,444.15,1515011.93
TXN3009826,CUST40062,08-04-2018,loan disbursal,PRD0011,recurring deposit,4021160.42,ATM,  West Zone,Gujarat,SUNITA RAO,Completed,Loan Disbursal - Recurring Deposit - Apr 2018,723808.88,16.94,3297334.6
TXN6130665,CUST38885,25-10-2025,UPI,PRD0006,BUSINESS LOAN,1005810.26,POS,South Zone,Telangana,Mohan Das,Failed,UPI - Business Loan - Oct 2025,0,349.16,1005461.1
TXN4015264,CUST18807,14-07-2018,Cash Deposit,PRD0008,Credit Card,4476435.72,Branch,Central Zone,Tamil Nadu,Rajesh Sharma,completed,Cash Deposit - Credit Card - Apr 2025,805758.43,347.7,3670329.59
TXN8027220,CUST90868,30-Jun-20,Credit,PRD0009,Savings Account,3095558.7,POS,West Zone,WEST BENGAL,Sanjay Gupta,Reversed,Credit - Savings Account - Jun 2020,557200.57,488.16,2537869.97
TXN7332449,CUST22050,24-08-2023,Interest Credit,PRD0012,Mutual Fund,3206631.57,POS,East Zone,maharashtra,Sanjay Gupta,Failed,Interest Credit - Mutual Fund - Nov 2019,577193.68,Rs.5.35,2629432.54
TXN6462718,CUST74437,21-06-2010,LOAN DISBURSAL,PRD0005,education loan,1747989.2,POS,East Zone,Maharashtra,ARUN MEHTA,Failed,Loan Disbursal - Education Loan - Jun 2010,314638.06,343.05,1433008.09
TXN3181819,CUST28117,30-08-2022,upi,PRD0006,BUSINESS LOAN,3218243.2,  ATM,North Zone,Uttar Pradesh,ARJUN RAO,Completed,Interest Credit - Business Loan - Apr 2010,579283.78,251.29,2638708.13
TXN8967139,CUST35032,12-09-2020,Transfer,PRD0001,HOME LOAN,4133454.31,NEFT/RTGS,Central Zone,west bengal,DEEPA KRISHNAN,Pending ,Transfer - Home Loan - Dec 2020,0,188.23,4133266.08
TXN2624273,CUST81476,10-11-2025,Cash Withdrawal,PRD0006,business loan,4106289.6,NEFT/RTGS,Central Zone,Gujarat,Vijay Kumar,Reversed,Cash Withdrawal - Business Loan - Nov 2025,0,277.96,4106011.64
TXN2172601,CUST65236,19-Aug-13,Penalty Charge,PRD0012,Mutual Fund,4512740.06,Internet Banking,Central Zone,Telangana,Vijay Kumar,Completed,Penalty Charge - Mutual Fund - Aug 2013,0,226.34,4512513.72
TXN1046312,CUST11052,03-06-2015,Interest Credit,PRD0013,Insurance,4160159.29,Branch,East Zone,Punjab,Arun Mehta,Completed,Interest Credit - Insurance - Aug 2016,748828.67,231.18,3411099.44
TXN8037002,CUST77559,12-11-2019,Cash Withdrawal,PRD0004,GOLD LOAN,3140521.8,NEFT/RTGS,CENTRAL ZONE,Gujarat,Deepa Krishnan,Under Review,Cash Withdrawal - Gold Loan - Dec 2019,565293.92,38.61,2575189.27
TXN8722818,CUST97151,15-07-2019,NEFT,PRD0004,Gold Loan,4892984.58,NEFT/RTGS,West Zone,Kerala,Sanjay Gupta,Completed,NEFT - Gold Loan - Jul 2019,880737.22,411.8,4011835.56
TXN9899727,CUST67763,24-Jul-17,Transfer,PRD0011,Recurring Deposit,2257856.24,atm,West Zone,  Uttar Pradesh,Meena Iyer,Under Review,Transfer - Recurring Deposit - Jul 2017,406414.12,24.87,1851417.25
TXN1885300,CUST84393,12-05-2017,IMPS,PRD0006,Business Loan,3170507.42,ATM,North Zone,Gujarat,Meena Iyer,Pending,IMPS - Business Loan - May 2017,570691.34,470.31,2599345.77
TXN6346573,CUST89761,20-Dec-10,Transfer,PRD0013,Insurance,2056769.9,Mobile App,North Zone,Andhra Pradesh,Sanjay Gupta,Completed,Transfer - Insurance - Dec 2010,0,0,2056358.83
TXN1315229,CUST38329,11-08-2020,NEFT,PRD0005,Education Loan,2789530.86,Mobile App,east zone,ANDHRA PRADESH,arun mehta,Reversed,NEFT - Education Loan - Aug 2020,0,130.9,2287284.41
TXN2621888,CUST32746,05-Jan-23,Cash Withdrawal,PRD0008,credit card,1339413.01,Internet Banking,north zone,Odisha,Anita Bose,Pending,Cash Withdrawal - Credit Card - Jan 2023,241094.34,211.85,1098106.82
TXN1224485,CUST43491,05-Apr-10,penalty charge,PRD0005,EDUCATION LOAN,3458063.46,Phone Banking,West Zone,Haryana,Arun Mehta,Failed,Penalty Charge - Education Loan - Apr 2010,0,128.03,3458063.46
TXN9899185,CUST31660,12-04-2015,Interest Credit,PRD0013,Insurance,1747398.01,Internet Banking,  South Zone,Uttar Pradesh,Kavitha Subramanian,Completed,Interest Credit - Insurance - Apr 2015,0,359.92,1747038.09
TXN6574989,CUST91922,25-08-2023,NEFT,PRD0002,Personal Loan,1881247.52,atm,east zone,Rajasthan,Lalita Devi,Reversed,NEFT - Personal Loan - Aug 2023,338624.55,0,1542220.52
TXN1873794,CUST17736,06-07-2022,CREDIT,PRD0007,Loan Against Property,149177.04,Phone Banking,north zone,Odisha,Anita Bose,Reversed,Credit - Loan Against Property - Jun 2023,26851.87,250.37,122074.8
TXN1460802,CUST47982,11-01-2022,  UPI,PRD0011,Recurring Deposit,169289.25,pos,Central Zone,Karnataka,Meena Iyer,Failed,UPI - Recurring Deposit - Jun 2014,Rs.0,0,168883.62
TXN1814886,CUST84838,01-02-2012,Loan Disbursal,PRD0012,Mutual Fund,3223670.28,ATM,SOUTH ZONE,West Bengal,Ramesh Yadav,Under Review,Loan Disbursal - Mutual Fund - Aug 2018,580260.65,248.7,2643160.93
TXN8326561,CUST27705,17-Jul-22,UPI,PRD0007,Loan Against Property,972907.93,Mobile App,North Zone,Odisha,Deepa Krishnan,Under Review,UPI - Loan Against Property - Jul 2022,175123.43,392.76,797391.74
TXN7082892,CUST70562,02-Sep-10,penalty charge,PRD0002,Personal Loan,2598693.49,ATM,South Zone,ANDHRA PRADESH,Mohan Das,Pending,Penalty Charge - Personal Loan - Sep 2010,467764.83,0,2130528.43
TXN3282786,CUST60934,02-05-2010,Interest Credit,PRD0008,Credit Card,1421119.45,Branch,north zone,Andhra Pradesh,Lalita Devi,Pending,Interest Credit - Credit Card - Feb 2010,255801.5,0,1164904.62
TXN7389931,CUST95235,17-06-2021,UPI,PRD0014,OD Facility,3449863.12,NEFT/RTGS,East Zone,HARYANA,  Deepa Krishnan,Pending,UPI - OD Facility - Jun 2021,620975.36,453.45,2828434.31
TXN5664296,CUST12867,28-10-2021,EMI Payment,PRD0017,AUTO LOAN,177403.85,NEFT/RTGS,Central Zone,rajasthan,meena iyer,Failed,EMI Payment - Auto Loan - Oct 2021,31932.69,378.76,145092.4
TXN9324714,CUST57277,18-02-2017,UPI,PRD0006,Business Loan,851337.09,POS,  South Zone,Kerala,ramesh yadav,Failed,UPI - Business Loan - Feb 2017,153240.68,100.73,697995.68
TXN6514961,CUST87165,16-Apr-25,NEFT,PRD0002,Personal Loan,2342948.99,Branch,East Zone,Madhya Pradesh,PRIYA NAIR,Failed,NEFT - Personal Loan - Apr 2025,0,88.07,1921130.1
TXN9249514,CUST11337,26-06-2024,Transfer,PRD0006,Business Loan,1415084.22,Mobile App,North Zone,Madhya Pradesh,DEEPA KRISHNAN,Failed,Transfer - Business Loan - Sep 2013,254715.16,352.07,1160016.99
TXN7572160,CUST45501,11-09-2023,UPI,PRD0012,Mutual Fund,2332268.56,NEFT/RTGS,south zone,KERALA,Amit Patel,Failed,Credit - Mutual Fund - Sep 2023,419808.34,28.51,1912431.71
TXN2794076,CUST20749,13-11-2016,Interest Credit,PRD0012,Mutual Fund,1372713.19,Internet Banking,West Zone,karnataka,Vijay Kumar,Pending,Interest Credit - Mutual Fund - Nov 2016,0,59.39,1372653.8
TXN1801797,CUST23305,29-Mar-16,Credit,PRD0014,OD Facility,1136815.17,POS,West Zone,Punjab,Arun Mehta,Under Review,Credit - OD Facility - Mar 2016,0,178.3,1136636.87
TXN4774212,CUST83755,19-01-2025,loan disbursal,PRD0014,OD Facility,1705860.06,POS,west zone,Haryana,Nitin Joshi,Under Review,Loan Disbursal - OD Facility - Jan 2025,307054.81,357.32,1398447.93
TXN2416259,CUST81476,13-01-2012,LOAN DISBURSAL,PRD0002,  Personal Loan,3037603.38,  ATM,CENTRAL ZONE,Karnataka,Priya Nair,Completed,Loan Disbursal - Personal Loan - Jan 2012,0,160.67,3037442.71
TXN4379959,CUST64396,10-Aug-14,DEBIT,PRD0012,Mutual Fund,2800380.49,Phone Banking,SOUTH ZONE,Gujarat,Rajesh Sharma,Under Review,Debit - Mutual Fund - Aug 2014,0,226.79,2800153.7
TXN5423762,CUST93993,19-09-2014,NEFT,PRD0009,Savings Account,3070748.29,Branch,North Zone,GUJARAT,Arun Mehta,Pending,NEFT - Savings Account - Sep 2014,552734.69,274.88,2517738.72
TXN3527820,CUST94489,02-08-2021,PENALTY CHARGE,PRD0001,Home Loan,3158255.92,Mobile App,Central Zone,Maharashtra,DEEPA KRISHNAN,Pending,Penalty Charge - Home Loan - Aug 2021,0,82.71,3158173.21
TXN5157777,CUST30648,25-06-2025,RTGS,PRD0011,Recurring Deposit,4264779.43,POS,CENTRAL ZONE,Andhra Pradesh,Priya Nair,Failed,RTGS - Recurring Deposit - Jun 2025,767660.3,469.54,3496649.59
TXN1533698,CUST86619,01-08-2011,Interest Credit,PRD0006,Business Loan,573663.11,BRANCH,NORTH ZONE,Odisha,Rajesh Sharma,Pending,Interest Credit - Business Loan - Aug 2011,103259.36,360.43,470043.32
TXN6593095,CUST90868,06-12-2012,Transfer,PRD0010,Fixed Deposit,907611.05,PHONE BANKING,South Zone,west bengal,Shreya Kumar,Pending,Transfer - Fixed Deposit - Jun 2012,163369.99,185.01,744056.05
TXN9685442,CUST90868,30-09-2013,Transfer,PRD0010,Fixed Deposit,907611.05,Phone Banking,South Zone,West Bengal,Kavitha Subramanian,Completed,Transfer - Fixed Deposit - Jun 2012,163369.99,185.01,744056.05
TXN9923575,CUST74219,26-Mar-23,  Credit,PRD0008,Credit Card,3272863.7,NEFT/RTGS,north zone,Odisha,Anita Bose,Under Review,Credit - Credit Card - Mar 2023,0,375.52,3272488.18
TXN5568523,CUST59528,27-07-2021,  Cash Deposit,PRD0014,OD FACILITY,82119.03,  ATM,Central Zone,Odisha,Kavitha Subramanian,Failed,Cash Deposit - OD Facility - Jul 2021,14781.43,493.43,66844.17
TXN6648435,CUST39109,03-12-2012,NEFT,PRD0014,od facility,4456050.53,neft/rtgs,West Zone,Gujarat,Kavitha Subramanian,Completed,NEFT - OD Facility - Dec 2012,0,253.39,4455797.14
TXN6133754,CUST59786,18-08-2025,Transfer,PRD0004,Gold Loan,1959926.77,Internet Banking,EAST ZONE,TELANGANA,meena iyer,Completed,Transfer - Gold Loan - Aug 2025,352786.82,261.48,1606878.47
TXN6819584,CUST89129,31-Aug-21,EMI Payment,PRD0004,Gold Loan,263012.25,Phone Banking,  South Zone,West Bengal,  Anita Bose,Completed,EMI Payment - Gold Loan - Aug 2021,47342.21,0,215217.68
TXN3146184,CUST67763,25-09-2022,Cash Withdrawal,PRD0004,Gold Loan,1860794.85,NEFT/RTGS,WEST ZONE,Delhi,Amit Patel,Reversed,Cash Withdrawal - Gold Loan - Sep 2022,0,0,1860575.44
TXN3636706,CUST74219,11-04-2016,  RTGS,PRD0001,Home Loan,4900497.87,Phone Banking,WEST ZONE,Karnataka,Amit Patel,Completed,RTGS - Home Loan - Apr 2016,882089.62,0,4018048.57
TXN5485461,CUST67065,02-02-2013,IMPS,PRD0004,Gold Loan,1700964.01,  ATM,East Zone,kerala,Nitin Joshi,COMPLETED,IMPS - Gold Loan - Jul 2019,306173.52,201.89,1394588.6
TXN8026591,CUST74724,26-Jul-25,UPI,PRD0002,Personal Loan,2844145,ATM,EAST ZONE,Telangana,PRIYA NAIR,Under Review,UPI - Personal Loan - Jul 2025,0,499.49,2843645.51
TXN6416505,CUST62645,23-10-2023,DEBIT,PRD0002,personal loan,928799.59,  NEFT/RTGS,SOUTH ZONE,Delhi,Shreya Pillai,Reversed,Debit - Personal Loan - Jun 2015,0,314.83,928484.76
TXN6576244,CUST36186,24-08-2015,Cash Withdrawal,PRD0001,Home Loan,1563659.84,internet banking,West Zone,Gujarat,  Rajesh Sharma,Under Review,Cash Withdrawal - Home Loan - Aug 2015,0,466.09,1281734.98
TXN9937513,CUST59054,15-09-2014,Cash Deposit,PRD0014,OD Facility,3592167.09,Mobile App,  Central Zone,KARNATAKA,Lalita Devi,Reversed,Cash Deposit - OD Facility - Apr 2023,0,94.08,3592073.01
TXN3773138,CUST49708,26-01-2018,Transfer,PRD0006,business loan,4529917.59,Phone Banking,Central Zone,Uttar Pradesh,Lalita Devi,Completed,Transfer - Business Loan - Jan 2018,815385.17,140.76,3714391.66
TXN6119145,CUST42441,27-02-2015,IMPS,PRD0007,LOAN AGAINST PROPERTY,2625114.34,Mobile App,West Zone,Odisha,Anita Bose,Failed,IMPS - Loan Against Property - Feb 2015,0,159.32,2624955.02
TXN4171147,CUST40597,15-03-2024,Debit,PRD0011,RECURRING DEPOSIT,2398998.68,internet banking,West Zone,Maharashtra,Priya Nair,Under Review,Debit - Recurring Deposit - Mar 2024,0,140.34,2398858.34
TXN6561735,CUST58705,10-Aug-24,EMI Payment,PRD0009,SAVINGS ACCOUNT,158042.23,Phone Banking,WEST ZONE,West Bengal,Vijay Kumar,Completed,EMI Payment - Savings Account - Aug 2024,28447.6,254.45,Rs.129340.18
TXN4220172,CUST23639,10-07-2020,NEFT,PRD0007,Loan Against Property,101383.35,ATM,North Zone,karnataka,Nitin Joshi,Pending,NEFT - Loan Against Property - Jul 2020,0,139.92,101243.43
TXN4004550,CUST83872,11-05-2013,NEFT,PRD0008,Credit Card,4897469.08,Internet Banking,  East Zone,West Bengal,Lalita Devi,Under Review,NEFT - Credit Card - May 2013,881544.43,280.18,4015644.47
TXN3254825,CUST64401,12-04-2024,Transfer,PRD0011,Recurring Deposit,3542162.04,Mobile App,  Central Zone,Maharashtra,  Rajesh Sharma,Completed,Transfer - Recurring Deposit - Apr 2024,637589.17,375.43,2904197.44
TXN1940626,CUST98488,25-06-2020,transfer,PRD0013,Insurance,2206472.57,ATM,South Zone,Rajasthan,Ramesh Yadav,Under Review,Transfer - Insurance - Mar 2011,397165.06,0,1809276.13
TXN2784882,CUST72285,04-10-2011,IMPS,PRD0005,Education Loan,2788717.63,Internet Banking,East Zone,Telangana,Rajesh Sharma,completed,IMPS - Education Loan - Oct 2011,0,497.64,2788219.99
TXN5451695,CUST73505,08-Mar-17,RTGS,PRD0004,Gold Loan,4742516.2,Mobile App,central zone,Kerala,Priya Nair,Reversed,RTGS - Gold Loan - Mar 2017,853652.92,3.29,3888859.99
TXN5215708,CUST64446,16-07-2019,  IMPS,PRD0009,Savings Account,4148396.14,Branch,South Zone,Andhra Pradesh,NITIN JOSHI,Completed,IMPS - Savings Account - Jul 2019,746711.31,163.06,3401521.77
TXN3746993,CUST31016,19-08-2019,Interest Credit,PRD0012,Mutual Fund,1783229.1,Phone Banking,East Zone,Odisha,lalita devi,Reversed,Interest Credit - Mutual Fund - Aug 2024,320981.24,102.94,1462144.92
TXN3628683,CUST32746,29-12-2021,Cash Withdrawal,PRD0001,Home Loan,4402235.58,POS,west zone,Tamil Nadu,Lalita Devi,Pending,Cash Withdrawal - Home Loan - Dec 2021,0,420.3,4402235.58
TXN3345061,CUST59054,09-01-2024,RTGS,PRD0012,MUTUAL FUND,Rs.2127116.72,POS,South Zone,Telangana,Sunita Rao,Pending,RTGS - Mutual Fund - Jan 2024,382881.01,303.91,1743931.8
TXN3467091,CUST12154,20-03-2022,credit,PRD0008,Credit Card,2303521.46,mobile app,CENTRAL ZONE,Rajasthan,Kavitha Subramanian,Pending,Credit - Credit Card - Feb 2013,414633.86,485.15,1888402.45
TXN4663371,CUST27389,10-04-2021,Cash Deposit,PRD0001,Home Loan,4829670.62,Mobile App,South Zone,West Bengal,Sunita Rao,Completed,Cash Deposit - Home Loan - Apr 2021,0,316.34,4829354.28
TXN3056501,CUST93454,20-03-2022,Cash Deposit,PRD0017,Auto Loan,3966393.13,Internet Banking,South Zone,Andhra Pradesh,Lalita Devi,Reversed,Cash Deposit - Auto Loan - Aug 2010,713950.76,292.46,3252149.91
TXN2820568,CUST22108,01-02-2018,NEFT,PRD0004,Gold Loan,2339180.73,  ATM,south zone,Delhi,Lalita Devi,Completed,NEFT - Gold Loan - Sep 2022,0,198.45,2338982.28
TXN7111174,CUST40516,12-06-2024,NEFT,PRD0011,Recurring Deposit,4846075.46,Phone Banking,South Zone,Kerala,RAJESH SHARMA,Under Review,NEFT - Recurring Deposit - Dec 2024,0,466.05,4845609.41
TXN9611309,CUST93454,11-Aug-17,EMI Payment,PRD0007,Loan Against Property,4238132.37,phone banking,North Zone,  Kerala,  Amit Patel,Reversed,EMI Payment - Loan Against Property - Aug 2017,0,274.01,4237858.36
TXN7852276,CUST74491,29-10-2012,RTGS,PRD0009,Savings Account,1083261.23,Phone Banking,South Zone,Telangana,Kavitha Subramanian,Failed,RTGS - Savings Account - Oct 2012,194987.02,443.68,887830.53
TXN7186969,CUST84107,12-04-2017,Transfer,PRD0007,Loan Against Property,2984740.95,Phone Banking,West Zone,Tamil Nadu,Nitin Joshi,Reversed,Transfer - Loan Against Property - Apr 2022,0,215.52,2984525.43
TXN2224141,CUST86397,29-03-2024,Credit,PRD0006,Business Loan,4997609.29,  ATM,East Zone,UTTAR PRADESH,Kavitha Subramanian,Completed,Credit - Business Loan - Dec 2021,899569.67,63.87,4097975.75
TXN1750156,CUST23538,09-08-2017,UPI,PRD0007,Loan Against Property,101984.88,BRANCH,South Zone,Odisha,Mohan Das,Failed,UPI - Loan Against Property - Aug 2017,18357.28,449.99,83177.61
TXN2783782,CUST25300,31-07-2016,IMPS,PRD0005,Education Loan,763229.92,POS,North Zone,West Bengal,RAMESH YADAV,Failed,IMPS - Education Loan - Mar 2013,137381.39,145.59,625702.94
TXN7703240,CUST47408,01-May-19,Cash Deposit,PRD0007,Loan Against Property,2146234.12,Mobile App,  South Zone,Haryana,anita bose,Reversed,Cash Deposit - Loan Against Property - May 2019,0,37.62,2146196.5
TXN3556802,CUST31534,19-09-2022,Debit,PRD0010,Fixed Deposit,3873708.65,Branch,North Zone,KARNATAKA,Sanjay Gupta,Failed,Debit - Fixed Deposit - Sep 2022,0,0,3873235.06
TXN2483150,CUST94489,10-Nov-24,IMPS,PRD0013,insurance,1848479.65,NEFT/RTGS,South Zone,Rajasthan,sanjay gupta,Failed,IMPS - Insurance - Nov 2024,332726.34,473.25,1515280.06
TXN5045692,CUST30730,03-06-2024,Loan Disbursal,PRD0009,Savings Account,4224421.81,Branch,East Zone,Kerala,Lalita Devi,Under Review,Loan Disbursal - Savings Account - Jun 2022,760395.93,150.31,3463875.57
TXN4166712,CUST57543,27-03-2010,Cash Deposit,PRD0009,Savings Account,3452263.58,NEFT/RTGS,Central Zone,Gujarat,Sunita Rao,Failed,Cash Deposit - Savings Account - Mar 2010,621407.44,97.26,2830758.88
TXN7245464,CUST89988,30-08-2022,Cash Deposit,PRD0004,Gold Loan,934819.05,Branch,East Zone,MAHARASHTRA,amit patel,Failed,Cash Deposit - Gold Loan - Jul 2016,168267.43,80.69,766470.93
TXN7621953,CUST88956,31-07-2025,NEFT,PRD0006,Business Loan,2277215.82,Branch,North Zone,Haryana,Arun Mehta,SUCCESS,NEFT - Business Loan - Jul 2025,409898.85,156.34,1867160.63
TXN3136282,CUST61992,04-Dec-12,Cash Withdrawal,PRD0010,Fixed Deposit,2155846.08,NEFT/RTGS,South Zone,Punjab,Meena Iyer,Completed,RTGS - Fixed Deposit - Dec 2012,388052.29,355.77,1767438.02
TXN7086013,CUST49917,22-06-2017,Interest Credit,PRD0096,  Mutual Fund,1762965.22,ATM,Central Zone,odisha,Mohan Das,Reversed,Interest Credit - Mutual Fund - Jun 2017,0,421.43,1762543.79
TXN3795133,CUST58140,07-08-2021,  Cash Deposit,PRD0014,OD Facility,4793905.16,INTERNET BANKING,West Zone,haryana,Lalita Devi,Reversed,NEFT - OD Facility - Aug 2021,862902.93,39.12,3930963.11
TXN6281522,CUST51151,04-08-2020,Interest Credit,PRD0004,Gold Loan,3601604.97,INTERNET BANKING,CENTRAL ZONE,Haryana,Meena Iyer,Reversed,Interest Credit - Gold Loan - Aug 2020,0,322.21,3601282.76
TXN8376265,CUST42487,16-11-2020,Transfer,PRD0017,Auto Loan,2291192.4,Branch,WEST ZONE,GUJARAT,Lalita Devi,Failed,Transfer - Auto Loan - Nov 2020,412414.63,310.34,1878467.43
TXN9064644,CUST97852,27-Jul-18,EMI Payment,PRD0003,  Auto Loan,2089896.36,NEFT/RTGS,EAST ZONE,  West Bengal,Rajesh Sharma,Failed,EMI Payment - Mutual Fund - Jul 2018,376181.34,198.81,1713516.21
TXN9121751,CUST91167,28-06-2025,rtgs,PRD0009,Savings Account,3148643.27,Mobile App,East Zone,Odisha,Kavitha Subramanian,COMPLETED,RTGS - Savings Account - May 2015,566755.79,22.17,2581865.31
TXN2446281,CUST28350,09-08-2012,IMPS,PRD0007,Loan Against Property,1220973.38,NEFT/RTGS,West Zone,Odisha,Priya Nair,Under Review,IMPS - Loan Against Property - Aug 2012,Rs.219775.21,180.19,1001017.98
TXN6365582,CUST50888,09-08-2019,Transfer,PRD0007,Loan Against Property,1630037.33,Internet Banking,North Zone,Tamil Nadu,Anita Bose,Under Review,Transfer - Loan Against Property - Aug 2013,293406.72,87.18,1336543.43
TXN3292171,CUST52550,07-05-2025,RTGS,PRD0004,Gold Loan,468349.78,ATM,West Zone,Telangana,  Sanjay Gupta,Reversed,RTGS - Gold Loan - Jul 2025,84302.96,437.99,383608.83
TXN6488023,CUST17355,27-10-2016,interest credit,PRD0009,Savings Account,2940948.24,NEFT/RTGS,central zone,Kerala,Mohan Das,Completed,Interest Credit - Savings Account - Oct 2016,529370.68,363.51,2411214.05
TXN2886017,CUST30207,17-04-2017,IMPS,PRD0008,Credit Card,4055563.19,POS,West Zone,Tamil Nadu,Sanjay Gupta,Completed,IMPS - Credit Card - Apr 2016,730001.37,263.07,3325298.75
TXN3020110,CUST96661,09-11-2019,Transfer,PRD0008,Credit Card,432720.93,NEFT/RTGS,East Zone,Maharashtra,Anita Bose,Failed,Transfer - Credit Card - Nov 2019,0,177.14,432543.79
TXN6627657,CUST23413,02-06-2015,Cash Withdrawal,PRD0009,Savings Account,1305948.33,Internet Banking,North Zone,Kerala,Lalita Devi,Under Review,Cash Withdrawal - Savings Account - Jun 2015,235070.7,180.93,1070696.7
TXN7098643,CUST96200,29-02-2020,Interest Credit,PRD0001,Home Loan,4399946.91,  Phone Banking,South Zone,Madhya Pradesh,Kavitha Subramanian,Under Review,Interest Credit - Home Loan - Feb 2020,0,0,4399574.43
TXN6009015,CUST82357,26-11-2017,Debit,PRD0013,Insurance,4489032.59,Phone Banking,East Zone,Andhra Pradesh,Priya Nair,Under Review,Debit - Insurance - Nov 2020,808025.87,414.48,3680592.24
TXN6352513,CUST11052,15-12-2011,upi,PRD0011,Recurring Deposit,3030405.85,NEFT/RTGS,North Zone,Maharashtra,Anita Bose,Pending ,UPI - Recurring Deposit - Dec 2011,545473.05,431.85,2484500.95
TXN9159016,CUST30152,10-08-2013,Transfer,PRD0002,personal loan,2999413.18,PHONE BANKING,CENTRAL ZONE,west bengal,Anita Bose,Completed,Transfer - Personal Loan - Aug 2013,539894.37,177.17,Rs.2459341.64
TXN8910053,CUST27705,20-11-2019,CASH WITHDRAWAL,PRD0012,Mutual Fund,1555677.07,NEFT/RTGS,West Zone,ANDHRA PRADESH,Rajesh Sharma,Completed,Cash Withdrawal - Mutual Fund - Nov 2019,0,361.99,1555315.08
TXN2048077,CUST64415,16-01-2023,EMI Payment,PRD0007,Loan Against Property,1691725.89,POS,Central Zone,Maharashtra,  Ramesh Yadav,Completed,EMI Payment - Loan Against Property - Jan 2023,304510.66,218.42,1386996.81
TXN1925411,CUST65518,05-02-2022,Debit,PRD0011,Recurring Deposit,3809583.17,Internet Banking,South Zone,Madhya Pradesh,SANJAY GUPTA,COMPLETED,Debit - Recurring Deposit - Feb 2022,685724.97,8.04,Rs.3123850.16
TXN1096464,CUST42955,18-08-2016,Transfer,PRD0006,Business Loan,1345295.85,Internet Banking,West Zone,Gujarat,Mohan Das,Pending,Transfer - Business Loan - Aug 2016,0,122.09,1103020.51
TXN1797613,CUST14501,15-Dec-12,Loan Disbursal,PRD0004,Gold Loan,111357.74,Branch,West Zone,Maharashtra,sunita rao,Pending,Loan Disbursal - Gold Loan - Dec 2012,20044.39,305.51,91007.84
TXN4024328,CUST22108,01-02-2018,EMI Payment,PRD0012,mutual fund,904290.13,Phone Banking,South Zone,GUJARAT,Arun Mehta,Pending,EMI Payment - Mutual Fund - Dec 2011,0,122.87,904167.26
TXN8938005,CUST26803,02-02-2013,Cash Deposit,PRD0002,Personal Loan,1611130.59,Internet Banking,East Zone,West Bengal,Meena Iyer,Under Review,Cash Deposit - Personal Loan - Jun 2019,0,477.88,1610652.71
TXN3867174,CUST26803,02-02-2013,Cash Deposit,PRD0002,Personal Loan,1611130.59,Internet Banking,East Zone,Karnataka,Meena Iyer,Completed,Cash Deposit - Personal Loan - Jun 2019,0,477.88,1610652.71
TXN5466941,CUST27295,20-03-2022,UPI,PRD0010,Fixed Deposit,2877136.83,NEFT/RTGS,West Zone,Gujarat,Arun Mehta,Completed,UPI - Fixed Deposit - Jul 2015,517884.63,150.03,2359102.17
TXN8420751,CUST47594,10-02-2016,NEFT,PRD0014,OD Facility,3353323.9,Branch,South Zone,Rajasthan,Kavitha Subramanian,Failed,NEFT - OD Facility - Feb 2016,603598.3,46.11,2749679.49
TXN4573104,CUST82089,05-11-2022,UPI,PRD0007,Loan Against Property,4825970.44,Internet Banking,South Zone,West Bengal,RAMESH YADAV,Reversed,UPI - Loan Against Property - Nov 2022,868674.68,495.94,3956799.82
TXN8837685,CUST21069,26-11-2015,LOAN DISBURSAL,PRD0012,MUTUAL FUND,2556185.73,Mobile App,North Zone,West Bengal,Arun Mehta,Under Review,Loan Disbursal - Mutual Fund - Nov 2015,460113.43,326.76,2095745.54
TXN4384954,CUST39710,07-08-2024,Interest Credit,PRD0002,Personal Loan,1656395.18,Branch,Central Zone,GUJARAT,Anita Bose,Reversed,Interest Credit - Personal Loan - Aug 2024,298151.13,403.04,1357841.01
TXN9759494,CUST78679,08-05-2011,IMPS,PRD0012,Mutual Fund,3946494.05,Phone Banking,North Zone,  West Bengal,PRIYA NAIR,Under Review,IMPS - Mutual Fund - May 2011,0,81.45,3946412.6
TXN3246836,CUST24316,21-05-2017,Credit,PRD0001,Home Loan,2830618.51,pos,north zone,Haryana,Meena Iyer,Pending ,Credit - Home Loan - May 2017,509511.33,118.83,2830618.51
TXN9091016,CUST46935,10-06-2025,Interest Credit,PRD0012,Mutual Fund,467732.43,ATM,EAST ZONE,Odisha,Kavitha Subramanian,Under Review,Interest Credit - Mutual Fund - Aug 2014,84191.84,333.24,383207.35
TXN7228827,CUST52568,12-04-2017,NEFT,PRD0008,credit card,2083464.4,Internet Banking,East Zone,Karnataka,Rajesh Sharma,Completed,NEFT - Credit Card - May 2015,375023.59,296.61,1708144.2
TXN1909698,CUST68222,10-02-2015,credit,PRD0017,Auto Loan,1217586.22,  POS,South Zone,uttar pradesh,Rajesh Sharma,Completed,Credit - Auto Loan - Sep 2012,219165.52,472.4,997948.3
TXN2441204,CUST58323,20-01-2025,Interest Credit,PRD0012,Mutual Fund,3277204.17,POS,SOUTH ZONE,ANDHRA PRADESH,Sunita Rao,Under Review,Interest Credit - Mutual Fund - Jan 2025,0,Rs.408.53,3276795.64
TXN1374414,CUST98502,29-09-2011,CASH WITHDRAWAL,PRD0006,Business Loan,774376.96,ATM,North Zone,Punjab,Sanjay Gupta,Reversed,Cash Withdrawal - Business Loan - Sep 2011,0,187.12,774189.84
TXN2519607,CUST57543,16-08-2013,interest credit,PRD0013,Insurance,3766997.08,NEFT/RTGS,South Zone,West Bengal,sunita rao,Under Review,Interest Credit - Insurance - Aug 2013,0,54.29,3766942.79
TXN2079922,CUST43408,06-06-2019,Transfer,PRD0001,Home Loan,Rs.4129776.1,POS,North Zone,gujarat,Ramesh Yadav,Failed,Transfer - Home Loan - Nov 2014,743359.7,76.03,3386340.37
TXN5870933,CUST63668,30-03-2015,Loan Disbursal,PRD0005,Education Loan,262162.53,POS,  East Zone,rajasthan,Lalita Devi,Under Review,Loan Disbursal - Education Loan - Apr 2024,47189.26,13.06,214960.21
TXN2527642,CUST34105,15-04-2015,  Cash Deposit,PRD0014,OD Facility,479753.08,POS,South Zone,Maharashtra,  Sanjay Gupta,Reversed,Penalty Charge - OD Facility - Apr 2015,86355.55,364.82,393032.71
TXN8720707,CUST49838,26-01-2022,IMPS,PRD0012,Mutual Fund,4517892.06,POS,WEST ZONE,Madhya Pradesh,Vijay Kumar,Pending,IMPS - Mutual Fund - Jul 2021,813220.57,305.13,3704366.36
TXN8274285,CUST27451,09-05-2020,IMPS,PRD0017,auto loan,4810275.82,neft/rtgs,North Zone,UTTAR PRADESH,Mohan Das,Reversed,IMPS - Auto Loan - May 2020,0,286.35,4809989.47
TXN2826645,CUST43330,25-02-2020,Cash Deposit,PRD0007,Loan Against Property,4074458.99,Internet Banking,East Zone,Rajasthan,Priya Nair,Reversed,Cash Deposit - Loan Against Property - Feb 2020,0,Rs.436.71,4074022.28
TXN3041503,CUST51151,27-08-2018,Loan Disbursal,PRD0002,Personal Loan,783550.64,Mobile App,Central Zone,Punjab,Meena Iyer,Pending,Loan Disbursal - Personal Loan - Aug 2018,141039.12,Rs.174.66,642336.86
TXN1771374,CUST62761,12-02-2018,INTEREST CREDIT,PRD0006,business loan,4171594.35,mobile app,West Zone,Gujarat,Ramesh Yadav,Under Review,Interest Credit - Business Loan - Dec 2018,750886.98,283.3,3420424.07
TXN3058362,CUST24134,18-03-2016,NEFT,PRD0013,Insurance,1055249.76,  POS,North Zone,  Telangana,Deepa Krishnan,Failed,NEFT - Insurance - Mar 2016,0,166.59,865138.21
TXN8571125,CUST96363,31-07-2016,Penalty Charge,PRD0017,Auto Loan,2132139.77,Branch,central zone,  West Bengal,  Arun Mehta,Completed,Penalty Charge - Auto Loan - Aug 2010,0,Rs.494.58,2131645.19
TXN4063743,CUST18694,10-07-2025,Cash Withdrawal,PRD0007,Loan Against Property,1876831.44,  ATM,EAST ZONE,Odisha,Deepa Krishnan,Completed,Cash Withdrawal - Loan Against Property - Dec 2011,0,134.09,1538867.69
TXN1148634,CUST49363,06-02-2016,EMI Payment,PRD0012,Mutual Fund,3783936.98,Internet Banking,West Zone,delhi,Nitin Joshi,Completed,EMI Payment - Mutual Fund - May 2013,681108.66,441.96,3102386.36
TXN7012095,CUST82140,31-12-2025,NEFT,PRD0010,fixed deposit,3340687.12,Branch,South Zone,Andhra Pradesh,Amit Patel,Pending,NEFT - Fixed Deposit - Dec 2025,601323.68,411.75,2738951.69
TXN5771895,CUST82357,26-11-2017,UPI,PRD0017,Auto Loan,2178735.15,branch,Central Zone,MAHARASHTRA,Sanjay Gupta,Failed,UPI - Auto Loan - Feb 2024,392172.33,85.62,1786477.2
TXN3674419,CUST75288,09-06-2017,Credit,PRD0001,Home Loan,581525.24,NEFT/RTGS,Central Zone,Punjab,Arjun Das,Failed,Credit - Home Loan - Jun 2017,0,139.55,581385.69
TXN4818375,CUST26144,25-06-2011,Loan Disbursal,PRD0006,Business Loan,1530609.29,Mobile App,South Zone,Telangana,Rajesh Sharma,Reversed,Loan Disbursal - Business Loan - Mar 2013,275509.67,297.67,1254801.95
TXN8374887,CUST76935,09-02-2024,Penalty Charge,PRD0008,Credit Card,4401368.81,ATM,  South Zone,ANDHRA PRADESH,Priya Nair,Completed,Penalty Charge - Credit Card - Feb 2024,0,301.94,4401066.87
TXN3651290,CUST83755,21-08-2022,Debit,PRD0002,Personal Loan,1303508.21,Internet Banking,North Zone,Andhra Pradesh,Amit Patel,Completed,Debit - Personal Loan - Aug 2022,234631.48,96.89,1068779.84
TXN7840028,CUST15316,29-04-2016,Credit,PRD0009,Savings Account,1259589.34,Branch,West Zone,Delhi,Mohan Das,Reversed,Credit - Savings Account - Apr 2016,0,281.86,1259307.48
TXN1211577,CUST51116,09-04-2019,PENALTY CHARGE,PRD0006,  Business Loan,1314049.01,ATM,East Zone,West Bengal,DEEPA KRISHNAN,Under Review,Penalty Charge - Business Loan - Oct 2016,0,7.27,Rs.1314041.74
TXN9671977,CUST25162,26-09-2011,Penalty Charge,PRD0005,Education Loan,2609143.48,Internet Banking,North Zone,Gujarat,Nitin Joshi,Completed,Penalty Charge - Education Loan - Sep 2011,Rs.469645.83,36.28,2139461.37
TXN9144936,CUST25162,15-09-2014,Penalty Charge,PRD0005,Education Loan,2609143.48,Internet Banking,North Zone,Gujarat,Nitin Joshi,Completed,Penalty Charge - Education Loan - Sep 2011,469645.83,36.28,2139461.37
TXN7397199,CUST65518,26-10-2011,transfer,PRD0017,Auto Loan,1475902.69,Internet Banking,Central Zone,  Karnataka,ARUN MEHTA,Reversed,Transfer - Auto Loan - Oct 2011,265662.48,270,1209970.21
TXN1250836,CUST44825,14-04-2010,Credit,PRD0006,Business Loan,2425018.4,Phone Banking,North Zone,Odisha,arun mehta,Failed,Credit - Business Loan - Apr 2010,0,44.72,2424973.68
TXN2367931,CUST44825,14-04-2010,Credit,PRD0006,Business Loan,2425018.4,Phone Banking,North Zone,Andhra Pradesh,Arun Mehta,Completed,Credit - Business Loan - Apr 2010,0,44.72,2424973.68
TXN6044913,CUST89691,07-06-2023,Debit,PRD0009,savings account,243779.72,NEFT/RTGS,SOUTH ZONE,TELANGANA,ramesh yadav,SUCCESS,Debit - Savings Account - Nov 2019,43880.35,125.93,199773.44
TXN7804642,CUST21069,31-08-2016,EMI PAYMENT,PRD0004,Gold Loan,72554.39,ATM,South Zone,Kerala,ANITA BOSE,Failed,EMI Payment - Gold Loan - Aug 2016,0,447.49,59047.11
TXN4728839,CUST49838,26-01-2022,Interest Credit,PRD0001,Home Loan,1651365.47,ATM,EAST ZONE,haryana,Amit Patel,Pending,Interest Credit - Home Loan - Jul 2010,297245.78,26.14,1354093.55
TXN6840564,CUST16076,29-Oct-12,NEFT,PRD0095,  Recurring Deposit,3020186.33,Branch,South Zone,Tamil Nadu,Lalita Devi,Completed,NEFT - Recurring Deposit - Oct 2012,0,414.01,3019772.32
TXN8945051,CUST56990,01-03-2024,UPI,PRD0012,Mutual Fund,1224337.11,Mobile App,WEST ZONE,maharashtra,NITIN JOSHI,Pending,UPI - Mutual Fund - Mar 2024,0,229.56,1224107.55
TXN1126243,CUST56990,15-04-2010,Loan Disbursal,PRD0004,Gold Loan,3506437.05,POS,Central Zone,Telangana,Mohan Das,Reversed,Loan Disbursal - Gold Loan - Apr 2010,631158.67,375.68,2874902.7
TXN1042863,CUST55224,21-11-2017,INTEREST CREDIT,PRD0013,Insurance,4802343.65,Internet Banking,CENTRAL ZONE,Haryana,Lalita Devi,Pending,Interest Credit - Insurance - Nov 2017,864421.86,194.07,3937727.72
TXN7484683,CUST80675,10-01-2019,Cash Withdrawal,PRD0011,Recurring Deposit,3619505.25,ATM,West Zone,Gujarat,Priya Nair,Pending,Cash Withdrawal - Recurring Deposit - Jan 2019,0,324.68,3619180.57
TXN8653740,CUST63026,14-11-2020,NEFT,PRD0008,Credit Card,1550878.4,mobile app,central zone,Odisha,RAJESH SHARMA,Pending,NEFT - Credit Card - Nov 2020,279158.11,238.04,1271482.25
TXN7264472,CUST62645,24-03-2018,Interest Credit,PRD0003,  Auto Loan,4435617.4,  Mobile App,WEST ZONE,kerala,Mohan Das,Failed,Interest Credit - Loan Against Property - Mar 2018,798411.13,364.86,3636841.41
TXN5474104,CUST66959,09-03-2021,Debit,PRD0017,Auto Loan,1660843.9,Branch,North Zone,Uttar Pradesh,Rajesh Sharma,Completed,Debit - Auto Loan - Jul 2018,298951.9,459.56,1361432.44
TXN8705975,CUST26803,02-02-2013,IMPS,PRD0007,Loan Against Property,1375854.79,  ATM,East Zone,Andhra Pradesh,Nitin Joshi,Pending,IMPS - Loan Against Property - Jul 2023,0,13.34,1375841.45
TXN8639993,CUST28558,05-May-14,Interest Credit,PRD0009,Savings Account,4442687.73,mobile app,Central Zone,Tamil Nadu,Rajesh Sharma,Failed,Interest Credit - Savings Account - May 2014,799683.79,190.88,3642813.06
TXN5542045,CUST37021,06-03-2012,Interest Credit,PRD0014,OD Facility,4171551.55,Internet Banking,North Zone,Tamil Nadu,Priya Nair,Failed,Interest Credit - OD Facility - Mar 2023,750879.28,116.51,3420555.76
TXN2910552,CUST79228,29-08-2013,UPI,PRD0006,Business Loan,1859541.48,Phone Banking,East Zone,Telangana,Nitin Joshi,Failed,UPI - Business Loan - Aug 2013,0,176.56,1859364.92
TXN8942979,CUST95235,13-12-2012,Penalty Charge,PRD0005,Education Loan,2569513.7,Branch,South Zone,Andhra Pradesh,Ramesh Yadav,COMPLETED,Penalty Charge - Education Loan - Dec 2012,0,449.36,2569064.34
TXN2805933,CUST93287,05-09-2015,RTGS,PRD0096,  Mutual Fund,531822.99,ATM,East Zone,Andhra Pradesh,Anita Bose,Reversed,RTGS - Mutual Fund - Sep 2010,95728.14,0,Rs.436090.28
TXN1667262,CUST54260,01-02-2015,EMI Payment,PRD0008,Credit Card,2186836.86,Mobile App,West Zone,delhi,amit patel,Pending,EMI Payment - Credit Card - Feb 2015,0,133.95,2186702.91
TXN2537774,CUST53420,29-Oct-23,Interest Credit,PRD0008,Credit Card,340669.87,Branch,south zone,Andhra Pradesh,Lalita Devi,COMPLETED,Interest Credit - Credit Card - Oct 2023,61320.58,413.92,278935.37
TXN1989628,CUST19508,12-04-2022,Cash Deposit,PRD0010,Fixed Deposit,3294870.66,Phone Banking,West Zone,Rajasthan,Nitin Joshi,Completed,Cash Deposit - Fixed Deposit - Apr 2022,593076.72,Rs.324.22,2701469.72
TXN6851082,CUST96752,03-05-2022,Cash Withdrawal,PRD0010,FIXED DEPOSIT,3238776.43,POS,West Zone,Tamil Nadu,Sanjay Gupta,Reversed,Cash Withdrawal - Fixed Deposit - Jul 2013,582979.76,247.04,2655549.63
TXN6538941,CUST79185,30-03-2015,UPI,PRD0011,Recurring Deposit,3964153.48,ATM,West Zone,Punjab,Sanjay Gupta,Completed,UPI - Recurring Deposit - Oct 2025,0,19.5,3964133.98
TXN9138981,CUST28117,13-03-2022,UPI,PRD0009,Savings Account,1643555.76,NEFT/RTGS,West Zone,UTTAR PRADESH,Lalita Devi,Pending,UPI - Savings Account - Mar 2022,295840.04,91.09,1347624.63
TXN8073180,CUST63095,06-12-2022,RTGS,PRD0009,Savings Account,2216015.77,  ATM,North Zone,Delhi,Sanjay Gupta,completed,RTGS - Savings Account - Jun 2022,0,22.58,2215993.19
TXN5786076,CUST40830,24-06-2010,INTEREST CREDIT,PRD0004,Gold Loan,3844679.4,ATM,North Zone,Madhya Pradesh,Kavitha Subramanian,Pending,Interest Credit - Gold Loan - Mar 2024,692042.29,498.83,3152138.28
TXN7336051,CUST23538,21-11-2013,RTGS,PRD0003,  Auto Loan,3147469.98,NEFT/RTGS,CENTRAL ZONE,Rajasthan,Deepa Krishnan,Failed,RTGS - Education Loan - Nov 2013,0,112.69,3147357.29
TXN5906607,CUST23538,21-11-2013,RTGS,PRD0005,Education Loan,3147469.98,NEFT/RTGS,Central Zone,Rajasthan,Deepa Krishnan,Completed,RTGS - Education Loan - Nov 2013,0,112.69,3147357.29
TXN3003758,CUST40396,17-04-2017,NEFT,PRD0013,Insurance,450399.79,Phone Banking,South Zone,West Bengal,Ananya Bose,Reversed,EMI Payment - Insurance - Oct 2011,0,19.2,450380.59
TXN8545686,CUST26936,29-Aug-11,IMPS,PRD0008,Credit Card,645430.38,ATM,West Zone,Uttar Pradesh,DEEPA KRISHNAN,Under Review,IMPS - Credit Card - Aug 2011,116177.47,Rs.109.83,529143.08
TXN9206790,CUST81658,12-08-2011,PENALTY CHARGE,PRD0004,Gold Loan,1182375.81,Branch,East Zone,Andhra Pradesh,Deepa Krishnan,Under Review,Penalty Charge - Gold Loan - Aug 2011,0,12.46,1182363.35
TXN9167201,CUST93993,01-02-2012,Transfer,PRD0017,Auto Loan,1704348.5,ATM,North Zone,Odisha,DEEPA KRISHNAN,Reversed,Transfer - Auto Loan - Mar 2015,0,190.95,1704157.55
TXN4925205,CUST93993,03-08-2015,Transfer,PRD0017,Auto Loan,1704348.5,ATM,North Zone,Odisha,Deepa Krishnan,Completed,Transfer - Auto Loan - Mar 2015,0,190.95,1704157.55
TXN1925812,CUST91167,07-07-2021,INTEREST CREDIT,PRD0004,Gold Loan,4929032.33,Mobile App,Central Zone,  Punjab,Rajesh Sharma,Pending,Interest Credit - Gold Loan - Jul 2021,887225.82,401.34,4041405.17
TXN2766264,CUST42631,04-05-2017,Cash Deposit,PRD0006,Business Loan,3867800.97,NEFT/RTGS,north zone,Haryana,Amit Patel,Reversed,Cash Deposit - Business Loan - Nov 2018,0,421.99,Rs.3867378.98
TXN3977440,CUST24515,29-04-2022,Loan Disbursal,PRD0006,Business Loan,1871420.47,MOBILE APP,East Zone,Andhra Pradesh,Amit Patel,Pending,Loan Disbursal - Business Loan - Apr 2022,336855.68,435.02,1534129.77
TXN8878526,CUST24515,17-05-2011,Loan Disbursal,PRD0006,Business Loan,1871420.47,Mobile App,East Zone,Andhra Pradesh,Amit Patel,Completed,Loan Disbursal - Business Loan - Apr 2022,336855.68,435.02,1534129.77
TXN1803674,CUST15881,06-02-2025,NEFT,PRD0002,Personal Loan,1335884.65,BRANCH,South Zone,  Madhya Pradesh,ISHA IYER,Completed,NEFT - Personal Loan - Feb 2025,0,393.71,1335490.94
TXN3517729,CUST22736,05-03-2013,EMI Payment,PRD0008,Credit Card,2538668.11,MOBILE APP,Central Zone,KARNATAKA,Nitin Joshi,Failed,EMI Payment - Credit Card - Mar 2013,456960.26,94.23,2081613.62
TXN4955567,CUST23538,03-04-2011,UPI,PRD0013,INSURANCE,1773959.36,ATM,  South Zone,Haryana,Ramesh Yadav,Completed,UPI - Insurance - Mar 2011,Rs.319312.68,428.7,1454217.98
TXN5440769,CUST49152,04-12-2023,Debit,PRD0017,Auto Loan,132277.69,branch,East Zone,gujarat,Deepa Krishnan,Completed,Debit - Auto Loan - Dec 2023,0,178.77,132098.92
TXN9792014,CUST79681,14-03-2022,Interest Credit,PRD0003,  Auto Loan,191492.04,  ATM,East Zone,Madhya Pradesh,kavitha subramanian,Reversed,Interest Credit - Auto Loan - Mar 2022,34468.57,112.24,156911.23
TXN2005349,CUST40427,12-02-2019,  EMI Payment,PRD0009,Savings Account,1500574.43,  ATM,  North Zone,KERALA,Ramesh Yadav,Pending,EMI Payment - Savings Account - Dec 2019,270103.4,120.77,1230350.26
TXN3663757,CUST50037,13-Mar-13,  IMPS,PRD0002,Personal Loan,18447.53,NEFT/RTGS,south zone,Punjab,Kavitha Subramanian,Reversed,IMPS - Personal Loan - Mar 2013,0,246.88,18200.65
TXN3154657,CUST55220,23-03-2025,Interest Credit,PRD0013,insurance,4962843.16,POS,West Zone,Kerala,Nitin Joshi,Completed,Interest Credit - Insurance - Oct 2017,893311.77,126.67,4069404.72
TXN6906204,CUST83872,06-01-2010,Interest Credit,PRD0006,Business Loan,224519.43,NEFT/RTGS,EAST ZONE,Karnataka,SAI SINGH,Under Review,Interest Credit - Business Loan - Jun 2010,40413.5,73.45,184032.48
TXN8168936,CUST19924,04-08-2014,Credit,PRD0008,credit card,3059071.93,NEFT/RTGS,South Zone,Punjab,Rajesh Sharma,Pending,Credit - Credit Card - Aug 2014,550632.95,266.7,2508172.28
TXN7990066,CUST21728,17-Mar-13,RTGS,PRD0010,Fixed Deposit,1241636.09,POS,South Zone,Karnataka,Kavitha Subramanian,Under Review,RTGS - Fixed Deposit - Mar 2013,0,Rs.406.59,1241229.5
TXN4917002,CUST79515,06-02-2013,loan disbursal,PRD0009,Savings Account,4964748.12,Phone Banking,West Zone,Gujarat,Sunita Rao,Failed,Loan Disbursal - Savings Account - Feb 2013,893654.66,201,4070892.46
TXN5234750,CUST42947,10-03-2011,  Transfer,PRD0001,Home Loan,4376855.71,Branch,West Zone,rajasthan,Meena Iyer,Pending,Transfer - Home Loan - Jan 2025,787834.03,0,3588887.63
TXN4429961,CUST51116,09-04-2019,RTGS,PRD0005,EDUCATION LOAN,604091.86,Phone Banking,South Zone,Maharashtra,Ramesh Yadav,Failed,RTGS - Education Loan - Nov 2020,0,485.48,603606.38
TXN5242257,CUST45989,17-04-2019,Credit,PRD0017,Auto Loan,2707710.7,Phone Banking,Central Zone,Gujarat,Vijay Kumar,Failed,Credit - Auto Loan - Apr 2019,0,343.4,2219979.37
TXN4769884,CUST28117,19-Jan-22,Transfer,PRD0005,Education Loan,2435054.94,NEFT/RTGS,Central Zone,madhya pradesh,Vijay Kumar,Pending,Transfer - Education Loan - Jan 2022,0,357.33,2434697.61
TXN9700424,CUST13406,05-11-2023,Cash Withdrawal,PRD0002,Personal Loan,1705644.78,ATM,West Zone,UTTAR PRADESH,priya nair,Pending,Cash Withdrawal - Personal Loan - Nov 2023,0,317.76,1705327.02
TXN4897089,CUST84130,05-09-2015,Interest Credit,PRD0003,  Auto Loan,1256689.48,POS,NORTH ZONE,Haryana,rajesh sharma,Failed,Interest Credit - Auto Loan - Apr 2016,226204.11,131.02,1030354.35
TXN7896758,CUST55224,24-10-2018,Cash Withdrawal,PRD0008,Credit Card,Rs.530827.72,POS,West Zone,Telangana,Lalita Devi,Completed,Cash Withdrawal - Credit Card - Oct 2018,0,0,530677.41
TXN3778804,CUST68554,07-01-2019,UPI,PRD0005,Education Loan,433478.82,Branch,North Zone,KERALA,Amit Patel,Completed,UPI - Education Loan - Jul 2011,78026.19,292.03,355160.6
TXN7167007,CUST68554,05-07-2011,UPI,PRD0005,Education Loan,433478.82,Branch,North Zone,Kerala,Amit Patel,Completed,UPI - Education Loan - Jul 2011,78026.19,292.03,355160.6
TXN9117624,CUST41334,23-Mar-13,Debit,PRD0013,Insurance,4502171.14,Internet Banking,West Zone,Delhi,Rajesh Sharma,Failed,Debit - Insurance - Mar 2013,Rs.810390.81,193.97,3691586.36
TXN3207796,CUST19658,07-06-2023,RTGS,PRD0017,Auto Loan,784797.71,PHONE BANKING,South Zone,Tamil Nadu,Arun Mehta,Pending,RTGS - Auto Loan - Aug 2019,0,146.99,784650.72
TXN6905284,CUST90868,09-Aug-25,IMPS,PRD0009,Savings Account,74309.1,Branch,Central Zone,gujarat,VIJAY KUMAR,Completed,UPI - Savings Account - Aug 2025,13375.64,447.31,60486.15
TXN6571619,CUST49363,06-02-2016,Cash Deposit,PRD0005,Education Loan,1329935.87,ATM,North Zone,Uttar Pradesh,Mohan Das,Failed,Cash Deposit - Education Loan - Sep 2017,0,95.58,1329840.29
TXN9278635,CUST84341,06-04-2025,EMI Payment,PRD0017,Auto Loan,Rs.3527214.32,NEFT/RTGS,North Zone,West Bengal,Mohan Das,Completed,EMI Payment - Auto Loan - Apr 2025,0,350.11,3526864.21
TXN2790870,CUST80686,20-03-2022,IMPS,PRD0008,Credit Card,2632545.21,POS,North Zone,Haryana,Meena Iyer,Failed,IMPS - Credit Card - Aug 2013,0,351.48,2632193.73
TXN4892248,CUST42631,04-05-2017,NEFT,PRD0004,Gold Loan,3313305.67,Mobile App,east zone,Uttar Pradesh,Sunita Rao,Reversed,NEFT - Gold Loan - Mar 2011,596395.02,155.88,2716754.77
TXN7334430,CUST45501,18-12-2014,EMI Payment,PRD0002,Personal Loan,1792184.01,Internet Banking,Central Zone,KERALA,Mohan Das,Pending,EMI Payment - Personal Loan - Dec 2014,322593.12,285.73,1469305.16
TXN8339706,CUST33562,08-03-2025,UPI,PRD0012,Mutual Fund,522124.87,  ATM,North Zone,Maharashtra,DEEPA KRISHNAN,Completed,UPI - Mutual Fund - Aug 2025,93982.48,487.56,427654.83
TXN3950247,CUST70036,17-10-2022,Cash Deposit,PRD0001,home loan,3486358.03,Internet Banking,CENTRAL ZONE,Kerala,AMIT PATEL,Pending ,Transfer - Home Loan - Oct 2022,627544.45,264.71,2858548.87
TXN7202126,CUST21770,02-09-2014,Debit,PRD0002,Personal Loan,3927065.51,Mobile App,EAST ZONE,Telangana,Kavitha Subramanian,Pending,Debit - Personal Loan - Feb 2014,0,391.45,3926674.06
TXN8592587,CUST79228,31-07-2016,Transfer,PRD0003,  Auto Loan,2454688.69,  ATM,West Zone,Gujarat,Priya Nair,SUCCESS,Transfer - Education Loan - Apr 2012,441843.96,371.22,2012473.51
TXN3444186,CUST20874,20-04-2011,RTGS,PRD0006,BUSINESS LOAN,3850059.66,branch,East Zone,Tamil Nadu,Deepa Krishnan,Completed,RTGS - Business Loan - Apr 2011,693010.74,467.8,3156581.12
TXN5301037,CUST96200,10-12-2012,Cash Deposit,PRD0006,BUSINESS LOAN,704461.66,ATM,North Zone,Gujarat,amit patel,Completed,Cash Deposit - Business Loan - Oct 2012,0,53.41,Rs.704408.25
TXN2009024,CUST43408,01-11-2012,Cash Deposit,PRD0010,Fixed Deposit,2224558.15,Branch,north zone,  Rajasthan,Rajesh Sharma,Under Review,Cash Deposit - Fixed Deposit - Nov 2012,400420.47,Rs.205.68,1823932
TXN2827773,CUST13847,07-03-2023,penalty charge,PRD0066,  Fixed Deposit,1741635.01,Mobile App,Central Zone,andhra pradesh,Nitin Joshi,completed,Penalty Charge - Fixed Deposit - Mar 2023,313494.3,123.81,1428016.9
TXN6963367,CUST65236,24-Sep-16,  Loan Disbursal,PRD0010,Fixed Deposit,1130413.84,branch,Central Zone,West Bengal,Rajesh Sharma,Under Review,Loan Disbursal - Fixed Deposit - Sep 2016,203474.49,83.48,926855.87
TXN4738854,CUST62761,30-04-2018,transfer,PRD0008,Credit Card,571376.01,Internet Banking,South Zone,Odisha,Amit Patel,Completed,Transfer - Credit Card - Mar 2023,102847.68,356.46,468171.87
TXN7827601,CUST58931,15-09-2014,UPI,PRD0009,Savings Account,4359523.42,Phone Banking,North Zone,punjab,Rajesh Sharma,Completed,UPI - Savings Account - Jan 2016,0,Rs.221.74,4359301.68
TXN7647824,CUST43315,10-02-2015,EMI Payment,PRD0009,savings account,2702458.54,neft/rtgs,West Zone,Odisha,  Kavitha Subramanian,Failed,EMI Payment - Savings Account - Oct 2015,486442.54,310.01,2215705.99
TXN9201886,CUST88956,01-02-2013,NEFT,PRD0007,  Loan Against Property,428404.06,POS,CENTRAL ZONE,Punjab,Anita Bose,Reversed,NEFT - Loan Against Property - Jun 2012,77112.73,135.2,351156.13
TXN9915592,CUST50378,01-11-2011,Transfer,PRD0013,Insurance,2276465.98,ATM,  East Zone,Tamil Nadu,Kavitha Subramanian,Under Review,Transfer - Insurance - Jan 2011,0,129.38,2276336.6
TXN5604932,CUST60934,09-Mar-24,  Cash Withdrawal,PRD0014,OD FACILITY,4934180.95,Branch,South Zone,Haryana,Ramesh Yadav,Reversed,Cash Withdrawal - OD Facility - Mar 2024,0,250.01,4933930.94
TXN3836738,CUST49917,10-06-2025,Loan Disbursal,PRD0008,Credit Card,4658242.71,ATM,North Zone,Andhra Pradesh,Rajesh Sharma,SUCCESS,Loan Disbursal - Credit Card - Apr 2022,0,267.71,4657975
TXN9077524,CUST32746,10-Aug-25,Penalty Charge,PRD0002,Personal Loan,980664.82,POS,West Zone,  Gujarat,Sanjay Gupta,Failed,Penalty Charge - Personal Loan - Aug 2025,0,235.72,980429.1
TXN2970660,CUST93287,19-Sep-19,EMI PAYMENT,PRD0002,Personal Loan,1331421.84,Phone Banking,South Zone,MAHARASHTRA,Anita Bose,Under Review,EMI Payment - Personal Loan - Sep 2019,239655.93,0,1091483.22
TXN8499088,CUST12048,09-11-2011,Penalty Charge,PRD0008,Credit Card,1948837.93,Mobile App,North Zone,Tamil Nadu,Kavitha Subramanian,failed,Penalty Charge - Credit Card - Nov 2011,0,278.21,1948559.72
TXN5179730,CUST36518,02-Aug-14,NEFT,PRD0004,  Gold Loan,1465283.6,atm,South Zone,Tamil Nadu,VIJAY KUMAR,Reversed,NEFT - Gold Loan - Aug 2014,0,272.99,1465010.61
TXN1071862,CUST54573,20-04-2015,Cash Deposit,PRD0004,GOLD LOAN,1807473.35,Branch,  Central Zone,Kerala,  Sunita Rao,Pending,Cash Deposit - Gold Loan - Apr 2015,0,102.32,1482025.83
TXN9673114,CUST41334,07-10-2016,transfer,PRD0011,Recurring Deposit,3125902.89,NEFT/RTGS,Central Zone,Haryana,  Vijay Kumar,Pending,Transfer - Recurring Deposit - Oct 2016,562662.52,10.46,2563229.91
TXN9406941,CUST38885,25-Aug-15,PENALTY CHARGE,PRD0004,  Gold Loan,1970141.86,ATM,West Zone,Maharashtra,Sanjay Gupta,Pending,Penalty Charge - Gold Loan - Aug 2015,0,376.31,1969765.55
TXN9425827,CUST88561,05-06-2017,RTGS,PRD0017,AUTO LOAN,4884443.59,Internet Banking,East Zone,Rajasthan,anita bose,Completed,RTGS - Auto Loan - Feb 2013,879199.85,Rs.392.48,4004851.26
TXN5735421,CUST12050,03-06-2015,EMI Payment,PRD0002,personal loan,1607631.14,Branch,North Zone,Telangana,Priya Nair,Pending,EMI Payment - Personal Loan - Sep 2020,0,169.61,1607461.53
TXN9028189,CUST69839,06-09-2012,  Cash Withdrawal,PRD0010,Fixed Deposit,3552273.48,ATM,Central Zone,Maharashtra,  Rajesh Sharma,Completed,Cash Withdrawal - Fixed Deposit - Sep 2012,639409.23,194.98,2912669.27
TXN4460101,CUST27145,01-12-2020,Interest Credit,PRD0003,  Auto Loan,4354481.32,Branch,West Zone,Andhra Pradesh,Kavitha Subramanian,Pending,Credit - Personal Loan - Dec 2020,783806.64,232.26,3570442.42
TXN5915117,CUST70211,09-04-2021,RTGS,PRD0002,Personal Loan,4398109.54,NEFT/RTGS,Central Zone,Madhya Pradesh,Rajesh Sharma,Failed,RTGS - Personal Loan - Feb 2023,791659.72,451.51,3605998.31
TXN2157730,CUST81646,23-01-2025,Interest Credit,PRD0017,AUTO LOAN,3456489.6,  Phone Banking,South Zone,UTTAR PRADESH,Deepa Krishnan,Reversed,Interest Credit - Auto Loan - Jan 2025,622168.13,496.18,2833825.29
TXN8526729,CUST26936,17-05-2025,Cash Deposit,PRD0002,Personal Loan,4772348.71,Internet Banking,central zone,Andhra Pradesh,Mohan Patel,Completed,Cash Deposit - Personal Loan - Jun 2025,859022.77,96.87,3913229.07
TXN4091704,CUST72285,19-04-2020,EMI Payment,PRD0007,Loan Against Property,3558580.32,NEFT/RTGS,East Zone,KERALA,  Deepa Krishnan,Under Review,EMI Payment - Loan Against Property - Apr 2020,640544.46,228.81,2917807.05
TXN6157861,CUST40396,17-04-2017,EMI Payment,PRD0017,AUTO LOAN,4405660.94,ATM,CENTRAL ZONE,Telangana,Ananya Bose,Reversed,EMI Payment - Auto Loan - Aug 2019,793018.97,316.1,3612325.87
TXN4822779,CUST57131,04-06-2010,  Credit,PRD0001,HOME LOAN,2565147.23,ATM,South Zone,Kerala,Nitin Joshi,Completed,Credit - Home Loan - Jun 2010,Rs.0,0,2565147.23
TXN4528712,CUST83755,26-09-2014,RTGS,PRD0001,Home Loan,4905576.75,POS,North Zone,Karnataka,Sunita Rao,Reversed,RTGS - Home Loan - Sep 2014,0,206.45,4905370.3
TXN3621106,CUST95649,11-07-2023,  RTGS,PRD0007,Loan Against Property,3267854.43,Phone Banking,East Zone,Telangana,Deepa Krishnan,Pending,RTGS - Loan Against Property - Nov 2023,0,479.32,3267375.11
TXN8753629,CUST18601,10-04-2017,Debit,PRD0009,Savings Account,2212312.72,ATM,  West Zone,Haryana,LALITA DEVI,Failed,Debit - Savings Account - Apr 2017,398216.29,298.77,1813797.66
TXN7843292,CUST15316,10-07-2025,Cash Withdrawal,PRD0005,Education Loan,4268719.53,Phone Banking,South Zone,Maharashtra,priya nair,Completed,Cash Withdrawal - Education Loan - Mar 2023,768369.52,122.41,3500227.6
TXN6603818,CUST39933,29-Mar-23,Interest Credit,PRD0002,Personal Loan,4416963.92,Phone Banking,WEST ZONE,Andhra Pradesh,Arun Mehta,Reversed,Interest Credit - Personal Loan - Mar 2023,0,356.31,4416607.61
TXN9221829,CUST90863,21-02-2021,  IMPS,PRD0001,Home Loan,2477820.31,POS,South Zone,Tamil Nadu,Arun Mehta,Reversed,IMPS - Home Loan - Feb 2021,446007.66,495.04,2031317.61
TXN6686292,CUST46915,24-03-2014,NEFT,PRD0017,Auto Loan,910198.58,ATM,North Zone,Madhya Pradesh,Meena Iyer,Under Review,NEFT - Auto Loan - Feb 2015,0,376.13,909822.45
TXN4033495,CUST10055,11-07-2023,Penalty Charge,PRD0002,personal loan,1875576.04,POS,South Zone,Delhi,Rajesh Sharma,Under Review,Penalty Charge - Personal Loan - Jul 2023,337603.69,334.16,1537638.19
TXN3557539,CUST64746,08-10-2023,cash withdrawal,PRD0005,Education Loan,2906403.37,Phone Banking,North Zone,West Bengal,Sunita Rao,failed,Cash Withdrawal - Education Loan - Oct 2023,0,223.96,2906179.41
TXN6582266,CUST86344,05-04-2018,Penalty Charge,PRD0005,education loan,2830897.61,Branch,West Zone,Gujarat,RAMESH YADAV,Pending,Penalty Charge - Education Loan - May 2018,0,426.02,2830471.59
TXN1610277,CUST74922,25-04-2015,NEFT,PRD0001,Home Loan,1816788.18,Internet Banking,North Zone,Uttar Pradesh,Vijay Kumar,Failed,NEFT - Home Loan - Apr 2015,0,0,1816487.7
TXN8950960,CUST37021,06-03-2012,Interest Credit,PRD0017,Auto Loan,826287.48,Branch,west zone,telangana,Amit Patel,Reversed,Interest Credit - Auto Loan - Jan 2015,148731.75,38.61,677517.12
TXN7649441,CUST28953,25-07-2018,IMPS,PRD0012,Mutual Fund,417123.42,pos,South Zone,Haryana,anita bose,Reversed,IMPS - Mutual Fund - Jul 2018,0,426.12,416697.3
TXN4865798,CUST89129,20-08-2013,Cash Deposit,PRD0001,home loan,2100213.05,  ATM,WEST ZONE,rajasthan,Vijay Sharma,Completed,IMPS - Home Loan - Aug 2013,0,384,2099829.05
TXN9157042,CUST15546,20-12-2016,  RTGS,PRD0012,Mutual Fund,4480364.01,Phone Banking,SOUTH ZONE,WEST BENGAL,MOHAN DAS,Failed,RTGS - Mutual Fund - Dec 2016,0,252.98,4480111.03
TXN5005955,CUST48138,24-06-2015,Cash Deposit,PRD0003,  Auto Loan,Rs.2565066.42,POS,East Zone,Karnataka,Kavitha Subramanian,SUCCESS,Cash Deposit - Personal Loan - Jun 2015,0,456.97,2564609.45
TXN9305569,CUST70810,13-09-2013,IMPS,PRD0001,Home Loan,1492324.65,NEFT/RTGS,North Zone,Gujarat,Mohan Das,Completed,IMPS - Home Loan - Sep 2013,0,0,1491830.82
TXN8423913,CUST78740,17-05-2025,UPI,PRD0004,GOLD LOAN,4867463.3,pos,South Zone,Punjab,Ramesh Yadav,Completed,UPI - Gold Loan - Mar 2014,0,250.27,4867213.03
TXN2291497,CUST59689,12-01-2015,  Cash Deposit,PRD0005,Education Loan,592318.53,NEFT/RTGS,West Zone,Maharashtra,Arun Mehta,Pending,Cash Deposit - Education Loan - Dec 2015,106617.34,371.91,485329.28
TXN1111463,CUST38748,15-06-2020,Interest Credit,PRD0003,  Auto Loan,2938250.62,internet banking,North Zone,  Maharashtra,Meena Iyer,Failed,Cash Deposit - Personal Loan - Jun 2020,528885.11,432.16,2408933.35
TXN1125388,CUST47408,26-06-2024,Cash Withdrawal,PRD0011,Recurring Deposit,4552745.21,  POS,West Zone,Telangana,Sai Patel,failed,Cash Withdrawal - Recurring Deposit - Nov 2020,0,360.1,3732890.97
TXN5949499,CUST38329,18-02-2023,Credit,PRD0002,  Personal Loan,2154998.8,Internet Banking,Central Zone,Telangana,SUNITA RAO,Completed,Debit - Personal Loan - Feb 2023,387899.78,246.37,1766852.65
TXN3182275,CUST65478,02-Jul-24,UPI,PRD0006,Business Loan,Rs.1028205.4,Branch,North Zone,Andhra Pradesh,meena iyer,Pending,UPI - Business Loan - Jul 2024,540125.09,335.5,2460234.37
TXN2467102,CUST72285,30-09-2013,EMI Payment,PRD0002,Personal Loan,824900.81,Branch,Central Zone,Haryana,Nitin Joshi,Pending,EMI Payment - Personal Loan - Jul 2012,Rs.0,52.74,824900.81
TXN2948910,CUST77672,06-11-2015,EMI Payment,PRD0007,  Loan Against Property,3194455.08,Branch,  West Zone,Tamil Nadu,Amit Patel,Pending,EMI Payment - Loan Against Property - Nov 2015,0,458.78,3194455.08
TXN8154969,CUST77672,03-06-2024,EMI Payment,PRD0007,Loan Against Property,3194455.08,Branch,West Zone,Tamil Nadu,Amit Patel,Completed,EMI Payment - Loan Against Property - Nov 2015,0,458.78,3193996.3
TXN8278740,CUST35652,17-04-2017,Interest Credit,PRD0008,Credit Card,478017.46,Phone Banking,West Zone,Andhra Pradesh,Sanjay Gupta,Failed,Interest Credit - Credit Card - Sep 2019,86043.14,427.92,391546.4
TXN3350414,CUST90135,01-10-2010,NEFT,PRD0010,fixed deposit,2069311.22,Branch,East Zone,Delhi,Mohan Das,Pending,NEFT - Fixed Deposit - Jan 2010,372476.02,314.67,1696520.53
TXN3212087,CUST79228,23-01-2025,Transfer,PRD0011,RECURRING DEPOSIT,3201120,ATM,Central Zone,Madhya Pradesh,Mohan Das,Failed,Transfer - Recurring Deposit - Jan 2025,576201.6,247.27,Rs.2624671.13
TXN7955037,CUST25461,01-02-2013,Credit,PRD0006,Business Loan,3369940.54,atm,North Zone,Rajasthan,rahul sharma,Reversed,Credit - Business Loan - Jun 2021,606589.3,335.11,2763016.13
TXN2704840,CUST40345,27-11-2010,NEFT,PRD0004,Gold Loan,582866.39,POS,East Zone,Telangana,  Ramesh Yadav,Reversed,NEFT - Gold Loan - Nov 2010,Rs.0,281.6,582584.79
TXN9589636,CUST30260,06-09-2017,Cash Deposit,PRD0007,Loan Against Property,806379.81,Internet Banking,Central Zone,Madhya Pradesh,Arun Mehta,Failed,Cash Deposit - Loan Against Property - Jun 2017,145148.37,372.05,660859.39
TXN9393315,CUST33458,10-06-2019,Cash Withdrawal,PRD0006,Business Loan,1972979.57,Internet Banking,West Zone,Uttar Pradesh,Vijay Kumar,COMPLETED,Cash Withdrawal - Business Loan - Oct 2019,355136.32,21.34,1617821.91
TXN4162892,CUST29331,30-09-2024,NEFT,PRD0011,Recurring Deposit,2542223.12,Phone Banking,SOUTH ZONE,Madhya Pradesh,Mohan Das,Completed,NEFT - Recurring Deposit - Sep 2024,0,29.35,2542223.12
TXN7884926,CUST27284,16-11-2024,CASH DEPOSIT,PRD0008,CREDIT CARD,2051984.6,Phone Banking,North Zone,  Punjab,aditya pillai,Reversed,Cash Deposit - Credit Card - Nov 2024,369357.23,329.1,1682298.27
TXN2824378,CUST74491,30-10-2012,Interest Credit,PRD0014,OD Facility,2542881.45,Mobile App,North Zone,West Bengal,Amit Patel,Completed,Interest Credit - OD Facility - Oct 2012,457718.66,182.34,2084980.45
TXN6641038,CUST80047,09-Feb-18,DEBIT,PRD0004,Gold Loan,4971470.9,BRANCH,  South Zone,telangana,Meena Iyer,Failed,Debit - Gold Loan - Feb 2018,0,172.55,4971298.35
TXN1957002,CUST28117,18-Dec-21,Interest Credit,PRD0002,Personal Loan,458706.9,NEFT/RTGS,WEST ZONE,madhya pradesh,Meena Iyer,Failed,Interest Credit - Personal Loan - Dec 2021,82567.24,109.97,376029.69
TXN6556804,CUST37021,29-10-2019,Debit,PRD0017,Auto Loan,1069147.6,PHONE BANKING,Central Zone,  Karnataka,Sanjay Gupta,failed,Debit - Auto Loan - Oct 2019,192446.57,183.54,876517.49
TXN4111990,CUST23413,06-02-2016,Loan Disbursal,PRD0009,savings account,2780094.58,pos,EAST ZONE,West Bengal,VIJAY KUMAR,Failed,Loan Disbursal - Savings Account - Mar 2021,500417.02,488.03,Rs.2279189.53
TXN8606867,CUST66349,28-12-2013,Penalty Charge,PRD0004,Gold Loan,514084.6,BRANCH,central zone,DELHI,Mohan Das,Failed,Penalty Charge - Gold Loan - Dec 2013,0,322.18,421227.19
TXN7645464,CUST47594,02-10-2015,Credit,PRD0006,business loan,3274405.26,Internet Banking,West Zone,Telangana,Arun Mehta,Failed,Credit - Business Loan - Feb 2015,0,78.83,3274326.43
TXN6924403,CUST93284,23-05-2010,Loan Disbursal,PRD0009,Savings Account,1963184.55,  ATM,East Zone,  Gujarat,Sunita Rao,Reversed,Loan Disbursal - Savings Account - May 2010,0,212.13,1962972.42
TXN8218840,CUST27428,15-08-2023,RTGS,PRD0010,Fixed Deposit,4195181.18,Internet Banking,North Zone,Odisha,Kavitha Subramanian,Failed,RTGS - Fixed Deposit - Aug 2023,755132.61,340.66,3439707.91
TXN7608586,CUST27428,15-08-2023,RTGS,PRD0010,Fixed Deposit,4195181.18,Internet Banking,North Zone,Delhi,Kavitha Subramanian,Completed,RTGS - Fixed Deposit - Aug 2023,755132.61,340.66,3439707.91
TXN7533768,CUST82973,31-05-2023,Loan Disbursal,PRD0010,Fixed Deposit,2348934.65,Branch,south zone,Haryana,Deepa Krishnan,Under Review,Loan Disbursal - Fixed Deposit - May 2023,422808.24,457.75,1925668.66
TXN9388228,CUST94018,07-05-2010,RTGS,PRD0004,Gold Loan,Rs.4784796.21,ATM,North Zone,Karnataka,Anita Bose,Pending,RTGS - Gold Loan - May 2010,0,227.57,4784568.64
TXN8595269,CUST75191,12-Mar-25,Penalty Charge,PRD0009,Savings Account,509460.43,Phone Banking,EAST ZONE,madhya pradesh,Priya Nair,Under Review,Penalty Charge - Savings Account - Mar 2025,91702.88,0,417429.75
TXN9829321,CUST66925,04-12-2020,TRANSFER,PRD0002,Personal Loan,35448.25,Phone Banking,North Zone,Telangana,Sunita Rao,Under Review,Transfer - Personal Loan - Dec 2020,0,228.51,35219.74
TXN7389111,CUST75288,22-04-2021,IMPS,PRD0007,Loan Against Property,1345964.99,Internet Banking,West Zone,maharashtra,Amit Patel,completed,IMPS - Loan Against Property - Apr 2021,0,374.45,1345590.54
TXN6172869,CUST68837,28-01-2019,UPI,PRD0017,Auto Loan,2962267.79,Phone Banking,South Zone,Uttar Pradesh,nitin joshi,Reversed,UPI - Auto Loan - Jan 2019,0,69.06,2962198.73
TXN4983775,CUST42955,17-Aug-18,Cash Withdrawal,PRD0002,Personal Loan,2252130.6,ATM,  South Zone,Uttar Pradesh,Anita Bose,Pending,Cash Withdrawal - Personal Loan - Aug 2018,0,451.31,2251679.29
TXN9320711,CUST74213,12-Mar-11,  Debit,PRD0010,Fixed Deposit,Rs.931110.43,ATM,Central Zone,Odisha,Amit Patel,Completed,Debit - Fixed Deposit - Mar 2011,167599.88,358.58,763151.97
TXN9141606,CUST85631,19-08-2016,PENALTY CHARGE,PRD0009,Savings Account,4039587.37,Phone Banking,EAST ZONE,Andhra Pradesh,Priya Nair,Pending,Penalty Charge - Savings Account - Aug 2016,727125.73,4.64,3312457
TXN9734425,CUST96754,01-03-2024,RTGS,PRD0009,Savings Account,4536870.06,Internet Banking,East Zone,Karnataka,SANJAY GUPTA,Under Review,RTGS - Savings Account - Aug 2023,816636.61,82.23,3720151.22
TXN4110506,CUST88956,24-06-2018,UPI,PRD0014,OD Facility,2008814.21,ATM,East Zone,Odisha,  Rajesh Sharma,Pending,UPI - OD Facility - Jun 2018,0,267.07,1646960.58
TXN5837721,CUST54573,11-04-2025,CREDIT,PRD0013,Insurance,4012916.92,ATM,East Zone,Karnataka,Nitin Joshi,Under Review,Credit - Insurance - Apr 2025,722325.05,302.17,3290289.7
TXN9005224,CUST61721,18-01-2011,Debit,PRD0011,Recurring Deposit,3598887.28,Branch,Central Zone,Karnataka,Sunita Rao,Completed,Debit - Recurring Deposit - Jan 2011,0,448.3,3598438.98
TXN7172391,CUST31753,10-10-2010,Loan Disbursal,PRD0014,OD Facility,1154716.51,PHONE BANKING,Central Zone,tamil nadu,kavitha subramanian,Reversed,Loan Disbursal - OD Facility - Oct 2010,207848.97,0,946661.28
TXN7553669,CUST88561,20-08-2021,upi,PRD0014,OD Facility,2558069.61,NEFT/RTGS,north zone,Delhi,Mohan Das,Reversed,UPI - OD Facility - Aug 2021,460452.53,425.08,2097192
TXN6775568,CUST23614,11-May-14,Penalty Charge,PRD0012,Mutual Fund,235738.86,POS,Central Zone,Telangana,Nitin Joshi,completed,Penalty Charge - Mutual Fund - May 2014,42432.99,437.53,192868.34
TXN1507807,CUST79228,27-09-2025,CASH DEPOSIT,PRD0013,Insurance,1134022.99,Internet Banking,WEST ZONE,Madhya Pradesh,deepa krishnan,Reversed,Cash Deposit - Insurance - Sep 2025,0,106.63,1133916.36
TXN5265919,CUST77672,20-10-2021,Cash Deposit,PRD0012,Mutual Fund,1541097.35,POS,East Zone,Madhya Pradesh,Nitin Joshi,Pending,Cash Deposit - Mutual Fund - Oct 2021,0,192.18,Rs.1540905.17
TXN8135434,CUST82973,30-08-2022,Loan Disbursal,PRD0005,Education Loan,305286.15,NEFT/RTGS,CENTRAL ZONE,Telangana,Kavitha Subramanian,Pending ,RTGS - Education Loan - Dec 2015,Rs.54951.51,87.29,250247.35
TXN9738142,CUST84473,23-03-2025,Cash Deposit,PRD0007,Loan Against Property,1501774.18,Internet Banking,East Zone,West Bengal,Meena Iyer,Failed,Cash Deposit - Loan Against Property - Feb 2016,270319.35,7.74,1231447.09
TXN6875880,CUST60738,23-01-2016,CASH WITHDRAWAL,PRD0013,Insurance,4511063.21,mobile app,EAST ZONE,Odisha,Sunita Rao,Failed,Cash Withdrawal - Insurance - Jan 2016,0,77.01,4510986.2
TXN3160300,CUST72505,13-10-2022,Loan Disbursal,PRD0005,Education Loan,3917627.4,Mobile App,central zone,WEST BENGAL,Meena Iyer,Under Review,IMPS - Education Loan - Feb 2024,705172.93,110.77,3212343.7
TXN6960726,CUST34697,15-06-2023,Penalty Charge,PRD0014,OD Facility,1743291,Branch,EAST ZONE,Odisha,Rajesh Sharma,Completed,Penalty Charge - OD Facility - Jun 2023,313792.38,253.68,1429244.94
TXN8352624,CUST64446,11-11-2012,Penalty Charge,PRD0009,Savings Account,752135.57,Mobile App,South Zone,Telangana,Arun Mehta,Under Review,Penalty Charge - Savings Account - Nov 2012,135384.4,129.37,616621.8
TXN5250561,CUST84130,28-08-2017,interest credit,PRD0006,Business Loan,3929991.08,Mobile App,South Zone,Madhya Pradesh,Sunita Rao,Completed,Interest Credit - Business Loan - Aug 2017,707398.39,56.9,3222535.79
TXN6466058,CUST63848,17-06-2013,Loan Disbursal,PRD0009,Savings Account,4779524.39,NEFT/RTGS,west zone,Rajasthan,lalita devi,Under Review,Loan Disbursal - Savings Account - Jun 2013,860314.39,152.42,3919057.58
TXN9811263,CUST25162,15-09-2014,Transfer,PRD0014,OD Facility,393886.4,Phone Banking,East Zone,  Karnataka,Meena Iyer,Under Review,Transfer - OD Facility - Oct 2011,70899.55,31.98,322954.87
TXN7793996,CUST87912,24-10-2018,Interest Credit,PRD0017,Auto Loan,4128022.77,ATM,WEST ZONE,Madhya Pradesh,Lalita Devi,Reversed,Interest Credit - Auto Loan - Oct 2018,0,332.4,4127690.37
TXN4860220,CUST42441,14-03-2025,Transfer,PRD0001,Home Loan,2084658.16,  Mobile App,West Zone,Tamil Nadu,Meena Iyer,Failed,Transfer - Home Loan - Mar 2025,375238.47,454.75,1708964.94
TXN3576184,CUST79185,02-03-2022,Debit,PRD0010,Fixed Deposit,848231.06,NEFT/RTGS,Central Zone,gujarat,anita bose,Failed,Debit - Fixed Deposit - Mar 2022,152681.59,0,695512.1
TXN9577088,CUST34323,26-01-2022,credit,PRD0095,  Recurring Deposit,2976860.95,ATM,North Zone,Punjab,sunita rao,Pending,Credit - Recurring Deposit - Jan 2023,535834.97,107.63,2440918.35
TXN8560365,CUST73998,24-07-2019,NEFT,PRD0002,personal loan,2197209.36,POS,south zone,Delhi,Nitin Joshi,Failed,NEFT - Personal Loan - Jul 2019,395497.68,353.64,1801358.04
TXN6064311,CUST96200,24-03-2014,Debit,PRD0014,OD Facility,3593510.99,Mobile App,East Zone,West Bengal,Mohan Das,Pending,Debit - OD Facility - Oct 2019,646831.98,133.31,Rs.2946545.7
TXN5257096,CUST18601,26-Nov-19,Cash Withdrawal,PRD0012,Mutual Fund,2108076.88,Branch,Central Zone,Punjab,Anita Bose,Pending,Cash Withdrawal - Mutual Fund - Nov 2019,0,78.17,2107998.71
TXN2646185,CUST92203,26-01-2022,IMPS,PRD0002,Personal Loan,4222719.2,Phone Banking,South Zone,Punjab,Lalita Devi,failed,IMPS - Personal Loan - Jun 2016,0,123.32,4222595.88
TXN4328149,CUST45501,14-Feb-13,Cash Deposit,PRD0014,OD Facility,113408.91,POS,Central Zone,Kerala,Sunita Rao,Under Review,Cash Deposit - OD Facility - Feb 2013,20413.6,403.64,Rs.92591.67
TXN9114865,CUST15881,08-Oct-17,  Cash Deposit,PRD0001,Home Loan,3875873.49,Internet Banking,West Zone,Haryana,Rajesh Sharma,Failed,Cash Deposit - Home Loan - Oct 2017,697657.23,81.56,3178134.7
TXN5952833,CUST23413,11-10-2018,IMPS,PRD0011,Recurring Deposit,4965209.09,Phone Banking,South Zone,Kerala,Nitin Joshi,Pending,IMPS - Recurring Deposit - Oct 2018,893737.64,394.09,4965209.09
TXN7724893,CUST67763,11-03-2025,IMPS,PRD0014,OD Facility,3715359.67,pos,  West Zone,Punjab,Arun Mehta,Reversed,IMPS - OD Facility - Mar 2025,668764.74,165.8,3046429.13
TXN3657717,CUST93634,03-10-2025,  Cash Deposit,PRD0014,OD Facility,483100.3,POS,Central Zone,West Bengal,Arun Mehta,Reversed,RTGS - OD Facility - Oct 2025,86958.05,389.62,395752.63
TXN4301988,CUST65478,10-03-2011,Debit,PRD0003,  Auto Loan,3902261.83,Branch,Central Zone,ODISHA,Nitin Joshi,Reversed,Debit - Credit Card - Sep 2022,702407.13,17.95,3199836.75
TXN5625917,CUST52688,05-06-2017,transfer,PRD0014,OD Facility,3185978.39,Internet Banking,Central Zone,Andhra Pradesh,Priya Nair,Reversed,Transfer - OD Facility - Mar 2020,573476.11,12.55,2612489.73
TXN9280490,CUST29331,10-04-2016,Loan Disbursal,PRD0004,Gold Loan,1666302.08,Phone Banking,North Zone,Rajasthan,Mohan Das,Reversed,Loan Disbursal - Gold Loan - Oct 2016,0,353.1,1665948.98
TXN2484348,CUST53642,11-07-2013,cash deposit,PRD0006,Business Loan,3936372.36,NEFT/RTGS,North Zone,Odisha,Rajesh Sharma,Pending,Cash Deposit - Business Loan - Jul 2013,708547.02,467.72,3936372.36
TXN7987962,CUST35032,12-01-2015,EMI Payment,PRD0013,Insurance,Rs.4587257.1,Phone Banking,North Zone,Maharashtra,arun mehta,Completed,EMI Payment - Insurance - Jan 2015,0,315.38,4586941.72
TXN4069592,CUST64419,31-08-2017,Penalty Charge,PRD0011,Recurring Deposit,3443658.51,Internet Banking,CENTRAL ZONE,Uttar Pradesh,Nitin Joshi,Pending,Penalty Charge - Recurring Deposit - Aug 2017,0,418.92,3443239.59
TXN7386773,CUST37110,04-01-2015,Interest Credit,PRD0010,Fixed Deposit,2700304.73,NEFT/RTGS,South Zone,Delhi,Vijay Kumar,Reversed,Interest Credit - Fixed Deposit - Apr 2015,486054.85,139.24,2214110.64
TXN1190164,CUST66431,04-Dec-20,EMI Payment,PRD0012,Mutual Fund,3559283.46,ATM,  West Zone,Rajasthan,Meena Iyer,Reversed,EMI Payment - Mutual Fund - Dec 2020,0,207.3,3559076.16
TXN9667928,CUST29331,15-Mar-14,IMPS,PRD0005,Education Loan,1488115.25,Branch,East Zone,GUJARAT,Meena Iyer,Failed,IMPS - Education Loan - Mar 2014,267860.74,442.52,1219811.99
TXN4853119,CUST49634,17-09-2014,RTGS,PRD0004,Gold Loan,3751367.76,PHONE BANKING,North Zone,maharashtra,Ramesh Yadav,Under Review,RTGS - Gold Loan - Mar 2010,0,56.65,3751311.11
TXN7256088,CUST46915,24-03-2014,RTGS,PRD0012,Mutual Fund,3297663.13,Branch,  North Zone,RAJASTHAN,Mohan Das,Reversed,RTGS - Mutual Fund - May 2021,593579.36,403.18,2703680.59
TXN5933880,CUST14959,01-08-2019,interest credit,PRD0006,BUSINESS LOAN,1914497.28,POS,South Zone,Punjab,Lalita Devi,Reversed,Interest Credit - Business Loan - Aug 2019,344609.51,495.24,1569392.53
TXN3871425,CUST24515,21-10-2015,Cash Withdrawal,PRD0010,Fixed Deposit,4745934.63,Mobile App,North Zone,Karnataka,Arun Mehta,Pending,Cash Withdrawal - Fixed Deposit - Oct 2015,0,403.15,3891263.25
TXN9774984,CUST82089,06-10-2015,NEFT,PRD0003,  Auto Loan,4401257.25,Phone Banking,south zone,West Bengal,  Rajesh Sharma,Completed,NEFT - Business Loan - Oct 2015,792226.3,293.38,3608737.57
TXN3390405,CUST48780,30-08-2016,Loan Disbursal,PRD0008,credit card,1849967.27,Internet Banking,North Zone,Andhra Pradesh,Arun Mehta,Pending,Loan Disbursal - Credit Card - Aug 2016,332994.11,138.29,1516834.87
TXN2203267,CUST76115,18-Nov-14,Penalty Charge,PRD0017,Auto Loan,1116172.92,POS,South Zone,madhya pradesh,Amit Patel,Reversed,Penalty Charge - Auto Loan - Nov 2014,200911.13,459.89,914801.9
TXN6925902,CUST57277,01-Nov-16,UPI,PRD0017,auto loan,1811828.64,ATM,North Zone,Rajasthan,Meena Iyer,Pending,UPI - Auto Loan - Nov 2016,0,453.91,1811374.73
TXN3282816,CUST64415,07-10-2019,UPI,PRD0009,Savings Account,2445997.62,Mobile App,North Zone,Tamil Nadu,Sunita Rao,Completed,UPI - Savings Account - Oct 2019,0,111.53,2445886.09
TXN9463257,CUST28665,16-Apr-10,Cash Deposit,PRD0012,Mutual Fund,508460.11,Internet Banking,South Zone,Punjab,Mohan Das,Reversed,Cash Deposit - Mutual Fund - Apr 2010,0,421.65,508038.46
TXN8585504,CUST25572,09-Apr-25,IMPS,PRD0010,Fixed Deposit,576082.98,Branch,SOUTH ZONE,Rajasthan,Deepa Krishnan,Reversed,IMPS - Fixed Deposit - Apr 2025,103694.94,309.81,472078.23
TXN7553042,CUST25572,09-04-2025,IMPS,PRD0010,Fixed Deposit,576082.98,Branch,South Zone,Uttar Pradesh,Deepa Krishnan,Completed,IMPS - Fixed Deposit - Apr 2025,103694.94,309.81,472078.23
TXN5787774,CUST31534,23-11-2022,Cash Withdrawal,PRD0001,home loan,4532498.26,ATM,East Zone,Andhra Pradesh,Priya Nair,Under Review,Cash Withdrawal - Home Loan - Nov 2022,815849.69,290.29,3716358.28
TXN9669323,CUST16450,11-11-2023,neft,PRD0013,  Insurance,4205372.42,NEFT/RTGS,south zone,Tamil Nadu,KAVITHA SUBRAMANIAN,Completed,NEFT - Insurance - Nov 2023,756967.04,140.5,3448264.88
TXN2241334,CUST73156,26-01-2024,Transfer,PRD0010,FIXED DEPOSIT,3641153.19,Branch,South Zone,Karnataka,Sunita Rao,Under Review,Transfer - Fixed Deposit - Jan 2024,655407.57,290.96,2985454.66
TXN5058990,CUST52413,30-06-2011,Loan Disbursal,PRD0066,  Fixed Deposit,1323678.62,atm,Central Zone,Kerala,Sunita Rao,Failed,Loan Disbursal - Fixed Deposit - Jun 2011,Rs.238262.15,418.05,1084998.42
TXN8281741,CUST28322,19-09-2015,CREDIT,PRD0017,Auto Loan,103093.42,Branch,North Zone,Maharashtra,Amit Patel,Reversed,Credit - Auto Loan - Feb 2024,0,420.94,102672.48
TXN9375348,CUST57543,06-06-2019,emi payment,PRD0006,Business Loan,311129.17,NEFT/RTGS,central zone,  Rajasthan,Amit Patel,Under Review,EMI Payment - Business Loan - Sep 2012,56003.25,310.87,254815.05
TXN4021732,CUST39912,01-07-2025,CASH WITHDRAWAL,PRD0008,Credit Card,4471028.8,Mobile App,South Zone,KARNATAKA,Meena Iyer,Failed,Cash Withdrawal - Credit Card - Jan 2025,804785.18,301.36,3665942.26
TXN1068409,CUST74219,26-Jan-11,Transfer,PRD0002,Personal Loan,2895690.01,ATM,East Zone,Telangana,Meena Iyer,Under Review,Transfer - Personal Loan - Jan 2011,0,Rs.475.14,2895214.87
TXN9472311,CUST59054,18-01-2017,Loan Disbursal,PRD0013,Insurance,818208.14,Branch,SOUTH ZONE,Tamil Nadu,rajesh sharma,Reversed,Loan Disbursal - Insurance - Jan 2017,0,151.28,670779.39
TXN6748403,CUST86619,22-12-2023,Transfer,PRD0012,Mutual Fund,4769254.38,ATM,West Zone,West Bengal,Anita Bose,Reversed,Transfer - Mutual Fund - Dec 2023,858465.79,103.21,3910685.38
TXN4752339,CUST53642,10-06-2018,NEFT,PRD0003,  Auto Loan,3488473.4,Branch,North Zone,Haryana,Deepa Krishnan,Completed,NEFT - Personal Loan - Jun 2018,0,0,3488081.56
TXN6304206,CUST63848,02-May-18,Penalty Charge,PRD0005,EDUCATION LOAN,1231827.33,Mobile App,South Zone,Gujarat,  Mohan Das,Under Review,Penalty Charge - Education Loan - May 2018,0,358.42,1231468.91
TXN1268652,CUST36041,24-06-2010,credit,PRD0001,Home Loan,3933207.85,  Internet Banking,WEST ZONE,Gujarat,Nitin Joshi,Failed,Credit - Home Loan - Nov 2011,0,340.42,3224890.02
TXN4531130,CUST72285,20-Jun-21,IMPS,PRD0007,Loan Against Property,3024745.63,POS,South Zone,Punjab,Mohan Das,Failed,IMPS - Loan Against Property - Jun 2021,544454.21,Rs.71.18,2480220.24
TXN7990890,CUST39933,12-10-2025,  UPI,PRD0009,Savings Account,3029315.88,Internet Banking,west zone,Odisha,Meena Iyer,Completed,UPI - Savings Account - Oct 2025,0,426.09,3028889.79
TXN7229322,CUST26144,13-04-2014,Cash Withdrawal,PRD0005,Education Loan,3405372.44,Mobile App,East Zone,west bengal,Vijay Kumar,Under Review,Cash Withdrawal - Education Loan - Apr 2014,612967.04,0,2792248.6
TXN8126044,CUST36013,11-09-2014,Penalty Charge,PRD0011,Recurring Deposit,2651123.54,Internet Banking,East Zone,Kerala,sanjay gupta,Completed,Penalty Charge - Recurring Deposit - Nov 2014,0,396.69,2650726.85
TXN8674434,CUST23582,08-08-2023,penalty charge,PRD0012,Mutual Fund,2750821.74,Mobile App,Central Zone,Tamil Nadu,MEENA IYER,Completed,Penalty Charge - Mutual Fund - Aug 2023,495147.91,398.91,2255274.92
TXN5403159,CUST33281,07-Apr-23,rtgs,PRD0010,fixed deposit,2391462.66,Branch,North Zone,Delhi,Priya Nair,Completed,RTGS - Fixed Deposit - Apr 2023,430463.28,279.85,1960719.53
TXN2078646,CUST15965,17-05-2011,DEBIT,PRD0003,  Auto Loan,666884.12,BRANCH,Central Zone,  Maharashtra,Vijay Kumar,Pending,Debit - Mutual Fund - Mar 2019,120039.14,428.09,546416.89
TXN1178708,CUST28659,29-10-2021,upi,PRD0009,Savings Account,1196047.92,Branch,North Zone,West Bengal,meena iyer,Reversed,UPI - Savings Account - Oct 2021,215288.63,114.2,980645.09
TXN9784372,CUST79932,13-06-2025,  Interest Credit,PRD0005,EDUCATION LOAN,2179364.44,Internet Banking,Central Zone,Tamil Nadu,Anita Bose,Under Review,Interest Credit - Education Loan - Jun 2025,0,0,2178870.01
TXN2239907,CUST52413,15-09-2025,UPI,PRD0001,Home Loan,3326200.77,NEFT/RTGS,North Zone,Tamil Nadu,ARUN MEHTA,Reversed,UPI - Home Loan - Sep 2025,598716.14,63.15,2727421.48
TXN5979370,CUST17887,09-Mar-25,Transfer,PRD0011,Recurring Deposit,67663.51,atm,North Zone,Andhra Pradesh,Lalita Devi,Reversed,Transfer - Recurring Deposit - Mar 2025,12179.43,327.75,55156.33
TXN3467432,CUST28659,03-06-2015,CREDIT,PRD0010,fixed deposit,976089.87,POS,  North Zone,Odisha,Ramesh Yadav,Pending,Credit - Fixed Deposit - Mar 2023,175696.18,457.84,799935.85
TXN5870942,CUST83716,30-Sep-16,UPI,PRD0017,Auto Loan,3971680.56,NEFT/RTGS,West Zone,Madhya Pradesh,Ramesh Yadav,Completed,UPI - Auto Loan - Sep 2016,0,270.56,3971410
TXN1823769,CUST95799,17-09-2016,Cash Deposit,PRD0007,loan against property,3879827.73,POS,  Central Zone,Karnataka,Sunita Rao,Pending,Cash Deposit - Loan Against Property - Sep 2022,698368.99,467.76,3180990.98
TXN8590313,CUST94008,12-06-2022,Cash Deposit,PRD0011,Recurring Deposit,3276921.16,MOBILE APP,NORTH ZONE,Punjab,Amit Patel,Reversed,Cash Deposit - Recurring Deposit - Jun 2022,589845.81,0,2686781.05
TXN1240993,CUST79932,20-10-2023,  NEFT,PRD0003,  Auto Loan,512564.57,Internet Banking,EAST ZONE,Kerala,Arun Mehta,Failed,NEFT - Savings Account - Oct 2023,92261.62,390.08,419912.87
TXN8715187,CUST34420,06-05-2017,cash deposit,PRD0013,Insurance,2034199.4,branch,Central Zone,GUJARAT,Sanjay Gupta,Under Review,Cash Deposit - Insurance - Feb 2020,366155.89,363.44,2034199.4
TXN9010694,CUST10055,26-Dec-24,Cash Withdrawal,PRD0009,savings account,248556.66,Phone Banking,West Zone,Odisha,  Rajesh Sharma,COMPLETED,Cash Withdrawal - Savings Account - Dec 2024,44740.2,176.65,203639.81
TXN5526049,CUST42955,08-08-2021,RTGS,PRD0014,OD Facility,3564438.25,BRANCH,North Zone,Maharashtra,sanjay gupta,Failed,RTGS - OD Facility - Aug 2021,0,47.88,3564390.37
TXN2402677,CUST76115,06-03-2012,Cash Deposit,PRD0002,Personal Loan,4848235.11,Mobile App,EAST ZONE,gujarat,Nitin Joshi,Under Review,Cash Deposit - Personal Loan - Nov 2021,872682.32,251.04,4848235.11
TXN7190992,CUST64396,17-09-2016,interest credit,PRD0007,loan against property,3041528.06,POS,East Zone,Kerala,LALITA DEVI,Completed,Interest Credit - Loan Against Property - Jan 2020,0,40.66,3041487.4
TXN2309358,CUST68479,24-09-2018,Loan Disbursal,PRD0008,CREDIT CARD,2142755.62,Internet Banking,East Zone,  Delhi,Sanjay Gupta,Failed,Loan Disbursal - Credit Card - Sep 2018,0,86.18,2142669.44
TXN6429473,CUST73156,31-05-2021,IMPS,PRD0013,  Insurance,3178933,POS,North Zone,tamil nadu,lalita devi,failed,IMPS - Insurance - May 2021,572207.94,Rs.15.07,2606709.99
TXN7973247,CUST45785,08-06-2014,debit,PRD0006,Business Loan,2773346.78,NEFT/RTGS,South Zone,Telangana,priya nair,Pending,Debit - Business Loan - Jun 2014,499202.42,70.74,2274073.62
TXN8334166,CUST16076,17-04-2017,RTGS,PRD0012,Mutual Fund,534635.72,Phone Banking,CENTRAL ZONE,Tamil Nadu,RAMESH YADAV,Under Review,RTGS - Mutual Fund - Apr 2017,96234.43,17.95,438383.34
TXN8127167,CUST10820,12-09-2020,Cash Deposit,PRD0005,education loan,2448284.2,Branch,East Zone,Delhi,Anita Bose,Completed,Cash Deposit - Education Loan - Jun 2024,440691.16,95.01,2007498.03
TXN2155296,CUST78742,15-08-2024,UPI,PRD0008,Credit Card,3876960.73,Phone Banking,East Zone,Kerala,Meena Iyer,Pending,UPI - Credit Card - Aug 2024,0,0,3876572.1
TXN2458008,CUST81732,28-07-2015,Debit,PRD0011,Recurring Deposit,Rs.3575356.75,NEFT/RTGS,EAST ZONE,Maharashtra,Arun Mehta,Pending,Debit - Recurring Deposit - Jul 2015,0,201.65,3575155.1
TXN7860687,CUST82357,03-05-2013,Loan Disbursal,PRD0008,credit card,1486693.08,branch,North Zone,  Rajasthan,Mohan Das,Reversed,Loan Disbursal - Credit Card - May 2013,267604.75,385.28,1218703.05
TXN6830286,CUST28558,23-12-2025,Penalty Charge,PRD0002,Personal Loan,2020800.33,  Branch,South Zone,Maharashtra,NITIN JOSHI,Failed,Penalty Charge - Personal Loan - Dec 2025,0,211.32,2020589.01
TXN5003048,CUST50812,24-07-2025,Transfer,PRD0012,Mutual Fund,1901644.55,Mobile App,  East Zone,Kerala,Ramesh Yadav,Pending,Transfer - Mutual Fund - Jul 2025,0,394.63,1901249.92
TXN7043772,CUST68554,04-01-2018,Penalty Charge,PRD0011,Recurring Deposit,Rs.4852998.2,  NEFT/RTGS,Central Zone,madhya pradesh,Divya Reddy,Failed,Penalty Charge - Recurring Deposit - Apr 2018,873539.68,360.32,Rs.4852998.2
TXN6622843,CUST27865,29-01-2013,Credit,PRD0009,Savings Account,3107073.47,POS,Central Zone,Tamil Nadu,Sanjay Gupta,Completed,Credit - Savings Account - Oct 2023,559273.22,411.48,2547388.77
TXN7211297,CUST81658,11-09-2014,penalty charge,PRD0012,Mutual Fund,4129595.83,mobile app,south zone,Madhya Pradesh,Priya Nair,Completed,Penalty Charge - Mutual Fund - Jan 2015,743327.25,394.87,3385873.71
TXN5809579,CUST19432,15-07-2016,Debit,PRD0001,Home Loan,4590562.12,Internet Banking,CENTRAL ZONE,Odisha,Sunita Rao,Pending,Debit - Home Loan - Jul 2016,826301.18,286.99,3763973.95
TXN2128199,CUST60990,03-05-2022,CASH DEPOSIT,PRD0008,Credit Card,3220745.56,NEFT/RTGS,South Zone,Gujarat,RAJESH SHARMA,Pending,RTGS - Credit Card - Aug 2010,0,188.67,3220745.56
TXN6759772,CUST69998,02-07-2022,imps,PRD0007,Loan Against Property,2738787.55,POS,South Zone,Karnataka,Sanjay Gupta,Reversed,IMPS - Loan Against Property - Jul 2022,492981.76,Rs.438.07,2245367.72
TXN8965399,CUST39710,24-03-2017,NEFT,PRD0001,Home Loan,188845.9,NEFT/RTGS,West Zone,Madhya Pradesh,Kavitha Subramanian,Reversed,NEFT - Home Loan - Mar 2017,33992.26,92.79,154760.85
TXN1653232,CUST63093,17-Nov-11,Penalty Charge,PRD0009,Savings Account,Rs.30627.19,Branch,East Zone,West Bengal,Kavitha Subramanian,Failed,Penalty Charge - Savings Account - Nov 2011,5512.89,419.4,24694.9
TXN4982694,CUST42662,25-06-2020,IMPS,PRD0002,Personal Loan,4519076.92,POS,Central Zone,Kerala,Priya Nair,Failed,IMPS - Personal Loan - Oct 2011,0,413.26,4518663.66
TXN9121122,CUST45501,31-05-2015,RTGS,PRD0011,Recurring Deposit,3722707.02,Branch,North Zone,Tamil Nadu,Vijay Kumar,Under Review,RTGS - Recurring Deposit - May 2015,670087.26,58.15,3052561.61
TXN5909343,CUST21069,11-09-2025,UPI,PRD0003,  Auto Loan,3036144.69,Mobile App,West Zone,delhi,Sanjay Gupta,Failed,UPI - Auto Loan - Sep 2025,0,362.36,Rs.3035782.33
TXN5715859,CUST93472,06-03-2024,  Penalty Charge,PRD0008,Credit Card,2061146.55,Internet Banking,South Zone,Haryana,KAVITHA SUBRAMANIAN,Reversed,Penalty Charge - Credit Card - Mar 2024,0,466.6,2060679.95
TXN6983934,CUST78740,20-07-2010,upi,PRD0006,Business Loan,4901579.52,POS,south zone,Gujarat,RAJESH SHARMA,Reversed,RTGS - Business Loan - Jul 2010,0,164.5,Rs.4901415.02
TXN3331878,CUST73505,28-12-2019,Credit,PRD0001,HOME LOAN,2036189.79,Phone Banking,East Zone,Uttar Pradesh,Dhruv Sharma,Failed,Credit - Home Loan - Dec 2019,366514.16,296.28,Rs.1669379.35
TXN2334916,CUST14555,30-01-2025,Interest Credit,PRD0008,Credit Card,4149147.98,phone banking,East Zone,Kerala,Ramesh Yadav,Reversed,Interest Credit - Credit Card - Jan 2025,746846.64,429.18,3401872.16
TXN6336471,CUST96754,03-01-2013,Cash Deposit,PRD0004,Gold Loan,4680260.42,Phone Banking,Central Zone,Odisha,Sunita Rao,Failed,Cash Deposit - Gold Loan - Mar 2013,0,466.65,4679793.77
TXN5953100,CUST63914,08-03-2015,  IMPS,PRD0008,Credit Card,274417.44,  ATM,Central Zone,PUNJAB,Kavitha Subramanian,Failed,IMPS - Credit Card - Mar 2015,Rs.0,248.73,274168.71
TXN6864861,CUST28558,25-01-2021,EMI Payment,PRD0006,Business Loan,3846455.34,Phone Banking,Central Zone,Kerala,  Rajesh Sharma,Failed,EMI Payment - Business Loan - Jan 2021,0,167.88,3846287.46
TXN5638023,CUST87165,26-01-2021,RTGS,PRD0011,RECURRING DEPOSIT,3326790.04,Phone Banking,North Zone,Telangana,Ramesh Yadav,Completed,RTGS - Recurring Deposit - Jan 2021,598822.21,189.69,2727778.14
TXN2506291,CUST51151,04-05-2014,Interest Credit,PRD0007,LOAN AGAINST PROPERTY,2802905.51,Phone Banking,North Zone,  Madhya Pradesh,Mohan Das,Reversed,Interest Credit - Loan Against Property - May 2014,504522.99,166.86,2298215.66
TXN2996977,CUST50166,26-09-2017,INTEREST CREDIT,PRD0017,Auto Loan,535200.5,Branch,West Zone,Tamil Nadu,Nitin Joshi,Under Review,Interest Credit - Auto Loan - Sep 2017,0,239.57,534960.93
TXN1922309,CUST59501,20-03-2021,NEFT,PRD0004,Gold Loan,3919011.27,NEFT/RTGS,West Zone,Rajasthan,Ramesh Yadav,completed,NEFT - Gold Loan - Mar 2021,0,345.93,3918665.34
TXN1343368,CUST25461,29-09-2010,Credit,PRD0051,  Savings Account,4268541.94,Mobile App,West Zone,Punjab,  Kavitha Subramanian,Reversed,Credit - Savings Account - Sep 2010,0,275.21,4268266.73
TXN2374807,CUST83566,12-09-2020,IMPS,PRD0009,savings account,1731273.69,Internet Banking,  East Zone,Andhra Pradesh,MEENA IYER,completed,IMPS - Savings Account - Nov 2020,311629.26,121.95,1419522.48
TXN3546554,CUST31016,12-Oct-12,Cash Withdrawal,PRD0007,Loan Against Property,3541765.73,ATM,Central Zone,Haryana,NITIN JOSHI,SUCCESS,Cash Withdrawal - Loan Against Property - Oct 2012,637517.83,202.45,2904045.45
TXN5187045,CUST36186,13-Jul-11,IMPS,PRD0005,education loan,4861737.9,Mobile App,South Zone,Karnataka,Amit Patel,Under Review,IMPS - Education Loan - Jul 2011,0,Rs.199.71,4861538.19
TXN6459492,CUST96661,20-Mar-14,UPI,PRD0005,Education Loan,2542590.36,PHONE BANKING,West Zone,Gujarat,vijay kumar,Completed,UPI - Education Loan - Mar 2014,457666.26,99.96,2084824.14
TXN2261621,CUST80047,15-12-2025,transfer,PRD0012,Mutual Fund,1592113.64,POS,WEST ZONE,tamil nadu,Arun Mehta,Failed,Transfer - Mutual Fund - Dec 2025,Rs.0,250.3,1591863.34
TXN7029278,CUST82357,08-11-2012,Interest Credit,PRD0013,Insurance,1540750.34,Branch,North Zone,Karnataka,Sunita Rao,Pending ,Interest Credit - Insurance - Nov 2012,277335.06,357.04,1263058.24
TXN6870718,CUST64396,17-09-2016,NEFT,PRD0007,Loan Against Property,371014.49,phone banking,south zone,haryana,Arun Mehta,Reversed,NEFT - Loan Against Property - Feb 2022,66782.61,446.05,303785.83
TXN5381427,CUST16914,04-03-2013,Loan Disbursal,PRD0096,  Mutual Fund,3068815.5,Phone Banking,South Zone,MAHARASHTRA,Mohan Das,Reversed,Loan Disbursal - Mutual Fund - Mar 2013,Rs.0,256.82,3068558.68
TXN6388698,CUST87912,09-Dec-16,Cash Withdrawal,PRD0013,  Insurance,3967903.27,Internet Banking,central zone,Delhi,ramesh yadav,Completed,Cash Withdrawal - Insurance - Dec 2016,714222.59,123.52,3253557.16
TXN3454591,CUST31750,11-06-2025,Interest Credit,PRD0001,Home Loan,409899.9,Phone Banking,Central Zone,Tamil Nadu,Rajesh Sharma,Under Review,Interest Credit - Home Loan - Jun 2025,0,368.13,409531.77
TXN5679519,CUST23639,31-08-2024,EMI Payment,PRD0017,Auto Loan,1274501.63,Mobile App,NORTH ZONE,Punjab,Kavitha Subramanian,Completed,EMI Payment - Auto Loan - Aug 2024,229410.29,465.1,1044626.24
TXN3835531,CUST85051,06-07-2017,CREDIT,PRD0017,Auto Loan,3794063.78,Internet Banking,East Zone,Gujarat,Anita Bose,Pending,Credit - Auto Loan - Jul 2017,0,217.74,3793846.04
TXN5104611,CUST27840,18-03-2012,RTGS,PRD0006,business loan,Rs.4316109.45,ATM,North Zone,Madhya Pradesh,Vijay Kumar,SUCCESS,RTGS - Business Loan - Feb 2016,0,176.1,4315933.35
TXN2167010,CUST73998,03-06-2015,Debit,PRD0013,Insurance,3754169.53,Branch,West Zone,Haryana,Sunita Rao,Failed,Debit - Insurance - Mar 2025,675750.52,166.97,3078252.04
TXN3984240,CUST61721,01-Apr-16,Debit,PRD0011,Recurring Deposit,3120719.91,Branch,South Zone,ODISHA,Meena Iyer,Reversed,Debit - Recurring Deposit - Apr 2016,561729.58,170.57,2558819.76
TXN6121182,CUST31753,01-02-2015,UPI,PRD0013,Insurance,3181456.17,ATM,SOUTH ZONE,Karnataka,Mohan Das,Under Review,UPI - Insurance - May 2019,Rs.0,157.46,Rs.3181298.71
TXN5860836,CUST29331,11-07-2016,RTGS,PRD0005,Education Loan,3201217.63,POS,South Zone,Karnataka,Deepa Krishnan,completed,RTGS - Education Loan - Sep 2024,0,335.04,3200882.59
TXN8630193,CUST30286,10-03-2010,NEFT,PRD0011,Recurring Deposit,581824.43,NEFT/RTGS,East Zone,Uttar Pradesh,Mohan Das,Under Review,NEFT - Recurring Deposit - Mar 2010,0,76.7,581747.73
TXN3088221,CUST68554,12-09-2012,RTGS,PRD0014,OD Facility,3619906.47,Mobile App,east zone,Haryana,Divya Reddy,Completed,RTGS - OD Facility - Sep 2012,651583.16,186.59,2968136.72
TXN5312981,CUST75350,15-05-2017,PENALTY CHARGE,PRD0002,Personal Loan,4754871.41,  Phone Banking,EAST ZONE,Madhya Pradesh,Ramesh Yadav,Reversed,Penalty Charge - Personal Loan - May 2017,855876.85,0,3898571.57
TXN5327509,CUST64396,12-Jan-11,  RTGS,PRD0013,Insurance,132242.4,  Branch,  Central Zone,Tamil Nadu,Kavitha Subramanian,Failed,RTGS - Insurance - Jan 2011,0,292.92,131949.48
TXN9924643,CUST76093,26-12-2017,  EMI Payment,PRD0007,Loan Against Property,2495601.82,NEFT/RTGS,EAST ZONE,Uttar Pradesh,Kavitha Subramanian,Reversed,EMI Payment - Loan Against Property - Dec 2017,449208.33,16.04,2046377.45
TXN9184987,CUST16076,20-10-2016,Cash Withdrawal,PRD0013,Insurance,120468.75,NEFT/RTGS,Central Zone,Odisha,Kavitha Subramanian,Reversed,Cash Withdrawal - Insurance - Oct 2016,21684.38,18.62,98765.75
TXN2547971,CUST49838,11-01-2025,Credit,PRD0008,Credit Card,4804728.34,Mobile App,West Zone,  Kerala,Deepa Krishnan,Failed,Credit - Credit Card - Jan 2025,864851.1,91.73,3939785.51
TXN3714587,CUST90135,02-Feb-22,Loan Disbursal,PRD0007,LOAN AGAINST PROPERTY,4678916.65,ATM,South Zone,Kerala,Vijay Kumar,Under Review,Loan Disbursal - Loan Against Property - Feb 2022,0,173.73,4678742.92
TXN9856016,CUST23751,17-Feb-22,Cash Deposit,PRD0009,Savings Account,2699225.55,Branch,Central Zone,Madhya Pradesh,Meena Iyer,Reversed,Cash Deposit - Savings Account - Feb 2022,485860.6,417.83,2212947.12
TXN1146117,CUST94018,16-07-2010,emi payment,PRD0017,Auto Loan,3765277.9,NEFT/RTGS,  Central Zone,Karnataka,  Sunita Rao,Completed,EMI Payment - Auto Loan - Jul 2010,0,409.59,3764868.31
TXN9096275,CUST98488,13-Feb-14,  EMI Payment,PRD0011,Recurring Deposit,4529012.31,Phone Banking,South Zone,Rajasthan,Amit Patel,Under Review,EMI Payment - Recurring Deposit - Feb 2014,815222.22,392.86,3713397.23
TXN9761416,CUST86273,03-Mar-19,Loan Disbursal,PRD0003,  Auto Loan,4974854.12,internet banking,North Zone,Delhi,RAMESH RAO,Pending,Loan Disbursal - Personal Loan - Mar 2019,895473.74,401.04,4078979.34
TXN4003583,CUST51116,09-04-2019,imps,PRD0003,  Auto Loan,878658.27,Phone Banking,Central Zone,Andhra Pradesh,Sunita Rao,Pending,IMPS - OD Facility - Jul 2018,158158.49,80.44,720419.34
TXN2946349,CUST34697,21-09-2024,Cash Withdrawal,PRD0014,OD Facility,2208989.83,Mobile App,East Zone,Madhya Pradesh,Anita Bose,Completed,Cash Withdrawal - OD Facility - Sep 2024,397618.17,254.33,1811117.33
TXN2075527,CUST24316,17-09-2014,Penalty Charge,PRD0005,Education Loan,3587450.19,Mobile App,South Zone,Gujarat,Lalita Devi,Completed,Penalty Charge - Education Loan - Sep 2022,645741.03,0,2941510.83
TXN6227169,CUST48543,01-12-2021,RTGS,PRD0001,Home Loan,58599.58,Branch,South Zone,Odisha,priya nair,Under Review,RTGS - Home Loan - Jan 2021,0,277.71,58321.87
TXN4612250,CUST67763,18-03-2012,Loan Disbursal,PRD0002,Personal Loan,4039622.74,pos,South Zone,Telangana,PRIYA NAIR,Reversed,Loan Disbursal - Personal Loan - Nov 2022,727132.09,262.83,Rs.3312227.82
TXN5877474,CUST69198,29-12-2015,UPI,PRD0008,Credit Card,2661206.37,POS,  East Zone,Madhya Pradesh,Nitin Joshi,Under Review,UPI - Credit Card - Dec 2015,0,237.53,2660968.84
TXN8659984,CUST30732,01-02-2018,Transfer,PRD0017,Auto Loan,4275340,Internet Banking,Central Zone,Telangana,Mohan Das,Under Review,Transfer - Auto Loan - May 2025,769561.2,460.68,3505318.12
TXN7956201,CUST55224,27-11-2010,UPI,PRD0006,Business Loan,4846069.3,Phone Banking,EAST ZONE,Rajasthan,Meena Iyer,Pending,UPI - Business Loan - Nov 2010,872292.47,389.91,3973386.92
TXN2845912,CUST14501,18-09-2010,Penalty Charge,PRD0011,recurring deposit,2529780.22,Branch,South Zone,Rajasthan,mohan das,Under Review,Penalty Charge - Recurring Deposit - Sep 2010,0,312.41,2529467.81
TXN1650493,CUST34323,19-Jul-12,Loan Disbursal,PRD0010,FIXED DEPOSIT,1049392.41,NEFT/RTGS,North Zone,Telangana,Deepa Krishnan,Pending,Loan Disbursal - Fixed Deposit - Jul 2012,0,468.13,1048924.28
TXN4378520,CUST26547,21-10-2014,Cash Deposit,PRD0017,Auto Loan,1527582.11,Phone Banking,West Zone,Maharashtra,Anita Bose,Failed,Cash Deposit - Auto Loan - Oct 2014,274964.78,0,1252521.54
TXN4155278,CUST34600,01-10-2013,Transfer,PRD0013,Insurance,2206711.78,NEFT/RTGS,EAST ZONE,Madhya Pradesh,Vijay Kumar,Completed,Transfer - Insurance - Oct 2013,0,214.23,2206497.55
TXN8243500,CUST89954,24-04-2016,RTGS,PRD0013,Insurance,929780.65,ATM,West Zone,Telangana,Arun Mehta,Reversed,RTGS - Insurance - Apr 2016,167360.52,47.45,762372.68
TXN4673524,CUST62797,25-03-2022,RTGS,PRD0004,GOLD LOAN,247943.43,Phone Banking,West Zone,  Tamil Nadu,sunita rao,Reversed,RTGS - Gold Loan - Mar 2022,0,152.37,247791.06
TXN6971277,CUST93634,04-Nov-22,cash withdrawal,PRD0011,Recurring Deposit,1581604.47,POS,South Zone,Kerala,Priya Nair,Under Review,Cash Withdrawal - Recurring Deposit - Nov 2022,Rs.0,11.42,1581593.05
TXN5450780,CUST30730,03-06-2024,Credit,PRD0014,od facility,2379624.54,Phone Banking,South Zone,Gujarat,RAMESH YADAV,Reversed,Credit - OD Facility - Apr 2015,0,106.81,2379517.73
TXN9764317,CUST64651,15-11-2020,DEBIT,PRD0007,Loan Against Property,3277667.57,Mobile App,West Zone,haryana,Rajesh Sharma,Completed,Debit - Loan Against Property - Nov 2020,589980.16,277.08,2687410.33
TXN2345764,CUST64651,11-01-2022,Debit,PRD0007,Loan Against Property,3277667.57,Mobile App,West Zone,Haryana,Rajesh Sharma,Completed,Debit - Loan Against Property - Nov 2020,589980.16,277.08,2687410.33
TXN5414119,CUST66431,10-02-2015,Loan Disbursal,PRD0010,Fixed Deposit,1298006.23,Internet Banking,East Zone,Gujarat,Nitin Joshi,Completed,Loan Disbursal - Fixed Deposit - Jul 2013,233641.12,76.22,1064288.89
TXN4650668,CUST21770,21-03-2025,EMI Payment,PRD0014,od facility,Rs.4350681.9,Branch,South Zone,andhra pradesh,Kavitha Subramanian,Reversed,EMI Payment - OD Facility - Mar 2025,0,296.51,4350385.39
TXN9693460,CUST89802,29-Apr-18,EMI Payment,PRD0007,LOAN AGAINST PROPERTY,4887952.91,NEFT/RTGS,SOUTH ZONE,Madhya Pradesh,Sanjay Gupta,Completed,EMI Payment - Loan Against Property - Apr 2018,879831.52,17.22,4008104.17
TXN6346877,CUST29215,14-09-2012,IMPS,PRD0004,GOLD LOAN,1644803.42,NEFT/RTGS,Central Zone,tamil nadu,Mohan Das,Pending,IMPS - Gold Loan - Jul 2012,0,385.45,1644417.97
TXN6772669,CUST48780,09-02-2021,Debit,PRD0010,Fixed Deposit,4654721.24,Mobile App,South Zone,Punjab,Priya Nair,Failed,Debit - Fixed Deposit - Sep 2021,837849.82,169.11,3816702.31
TXN1066534,CUST93287,06-05-2023,NEFT,PRD0017,Auto Loan,905366.05,Internet Banking,North Zone,  Andhra Pradesh,Mohan Das,Pending,NEFT - Auto Loan - May 2023,162965.89,38.8,Rs.742361.36
TXN5939859,CUST21546,20-Jul-16,Debit,PRD0006,Business Loan,4842270.1,mobile app,West Zone,  Gujarat,Meena Iyer,Completed,Debit - Business Loan - Jul 2016,871608.62,132.93,3970528.55
TXN3147238,CUST21728,09-07-2022,Cash Deposit,PRD0017,Auto Loan,104770.02,Phone Banking,South Zone,West Bengal,Mohan Das,Completed,Cash Deposit - Auto Loan - Jul 2022,18858.6,234.92,85676.5
TXN3823515,CUST90135,28-Oct-12,RTGS,PRD0006,Business Loan,2875822.12,ATM,Central Zone,Uttar Pradesh,vijay kumar,Completed,RTGS - Business Loan - Oct 2012,0,0,2875488.76
TXN3340598,CUST32273,14-07-2012,cash deposit,PRD0004,Gold Loan,1640470.8,Branch,North Zone,Maharashtra,Amit Patel,Reversed,Cash Deposit - Gold Loan - Jul 2012,295284.74,244.17,1344941.89
TXN6203669,CUST43315,11-10-2010,UPI,PRD0007,Loan Against Property,1146094.1,phone banking,Central Zone,Haryana,Kavitha Subramanian,Completed,UPI - Loan Against Property - Jun 2024,206296.94,405.57,939391.59
TXN6358417,CUST66346,09-Aug-12,UPI,PRD0008,Credit Card,2911563.69,Mobile App,West Zone,Tamil Nadu,Aditya Rao,Under Review,UPI - Credit Card - Aug 2012,524081.46,385.28,2387096.95
TXN9977601,CUST81476,09-04-2019,Cash Deposit,PRD0017,Auto Loan,2537226.62,INTERNET BANKING,  East Zone,Gujarat,meena iyer,Failed,Cash Deposit - Auto Loan - Jul 2012,456700.79,150.94,2080374.89
TXN7417124,CUST12154,20-04-2015,Debit,PRD0006,Business Loan,3086732.02,neft/rtgs,West Zone,Odisha,lalita devi,Reversed,Debit - Business Loan - Apr 2015,555611.76,373.52,2530746.74
TXN6174999,CUST43330,29-01-2010,penalty charge,PRD0002,Personal Loan,391895.99,  NEFT/RTGS,East Zone,Andhra Pradesh,Amit Patel,Failed,Penalty Charge - Personal Loan - Jan 2010,70541.28,15.85,321338.86
TXN7145921,CUST23614,26-11-2017,Cash Deposit,PRD0010,Fixed Deposit,2185597.45,ATM,West Zone,Karnataka,KAVITHA SUBRAMANIAN,Completed,Cash Deposit - Fixed Deposit - Oct 2014,393407.54,469.77,1791720.14
TXN5446247,CUST74219,30-08-2022,Interest Credit,PRD0009,Savings Account,2859441.4,Mobile App,east zone,Tamil Nadu,Vijay Kumar,Pending,Interest Credit - Savings Account - Jun 2022,0,141.75,2859299.65
TXN9563394,CUST39355,05-11-2012,Penalty Charge,PRD0006,Business Loan,4494638.24,Internet Banking,CENTRAL ZONE,Tamil Nadu,Kavitha Subramanian,Reversed,Penalty Charge - Business Loan - Nov 2012,809034.88,120.41,3685482.95
TXN5644622,CUST91292,29-08-2013,Penalty Charge,PRD0007,  Loan Against Property,4214189.02,Internet Banking,East Zone,Haryana,NITIN JOSHI,Under Review,Penalty Charge - Loan Against Property - Aug 2013,758554.02,0,3455362.68
TXN8595968,CUST40396,16-Jun-15,RTGS,PRD0010,Fixed Deposit,953296.5,Phone Banking,Central Zone,Kerala,Priya Nair,Under Review,RTGS - Fixed Deposit - Jun 2015,171593.37,56.01,781647.12
TXN7125319,CUST12933,17-Oct-16,IMPS,PRD0005,Education Loan,4413639.44,NEFT/RTGS,west zone,Maharashtra,Anita Bose,Under Review,IMPS - Education Loan - Oct 2016,Rs.794455.1,375.19,3618809.15
TXN7415065,CUST34164,28-Jul-21,imps,PRD0013,insurance,4866292.62,Mobile App,Central Zone,Kerala,  Amit Patel,Under Review,IMPS - Insurance - Jul 2021,875932.67,444.94,3989915.01
TXN3974152,CUST31337,11-11-2024,NEFT,PRD0007,Loan Against Property,3905613.71,Internet Banking,Central Zone,Tamil Nadu,mohan das,Under Review,NEFT - Loan Against Property - Jul 2022,703010.47,148,3202455.24
TXN7409823,CUST74990,03-Nov-14,INTEREST CREDIT,PRD0012,Mutual Fund,3707955.69,internet banking,East Zone,Madhya Pradesh,Amit Patel,Reversed,Interest Credit - Mutual Fund - Nov 2014,Rs.0,88.94,3707955.69
TXN3190548,CUST58931,15-09-2014,rtgs,PRD0007,Loan Against Property,1513483.62,PHONE BANKING,Central Zone,Haryana,Deepa Krishnan,Under Review,RTGS - Loan Against Property - Jan 2018,272427.05,71.99,1240984.58
TXN4640742,CUST74174,28-01-2013,EMI Payment,PRD0001,Home Loan,3773100.64,Branch,North Zone,Madhya Pradesh,RAMESH YADAV,Completed,EMI Payment - Home Loan - Jan 2013,0,441.6,3772659.04
TXN6223986,CUST74213,04-10-2021,Debit,PRD0009,Savings Account,3540368.17,Mobile App,West Zone,Punjab,Nitin Joshi,Failed,Debit - Savings Account - Oct 2021,637266.27,373.34,2902728.56
TXN9270984,CUST17263,19-08-2019,Transfer,PRD0008,Credit Card,4207794.53,internet banking,South Zone,Haryana,Sanjay Gupta,SUCCESS,Transfer - Credit Card - Nov 2021,757403.02,0,Rs.3450260.16
TXN7473145,CUST21053,05-Aug-18,UPI,PRD0001,Home Loan,929011.85,Phone Banking,North Zone,Madhya Pradesh,Sanjay Gupta,Reversed,UPI - Home Loan - Aug 2018,167222.13,206.69,761583.03
TXN7930889,CUST63668,13-Dec-24,Debit,PRD0017,Auto Loan,2894175.27,NEFT/RTGS,Central Zone,Andhra Pradesh,Priya Nair,completed,Debit - Auto Loan - Dec 2024,520951.55,329.46,2372894.26
TXN2185668,CUST31016,24-10-2021,RTGS,PRD0004,Gold Loan,3764123.95,ATM,Central Zone,West Bengal,Priya Nair,Failed,RTGS - Gold Loan - Oct 2021,677542.31,180.27,3086401.37
TXN9866449,CUST10055,05-06-2021,Interest Credit,PRD0008,CREDIT CARD,1076475.98,Internet Banking,East Zone,Punjab,Sunita Rao,Reversed,Interest Credit - Credit Card - Jun 2021,0,334.71,1076141.27
TXN5365712,CUST93478,19-09-2015,EMI Payment,PRD0017,Auto Loan,4916827.88,Internet Banking,East Zone,Delhi,Mohan Das,Pending,EMI Payment - Auto Loan - Oct 2018,885029.02,417.31,4031381.55
TXN5911674,CUST27145,12-04-2017,NEFT,PRD0013,Insurance,3662131.12,atm,WEST ZONE,Haryana,RAJESH SHARMA,Completed,Cash Withdrawal - Insurance - Aug 2023,659183.6,48.15,3002899.37
TXN3774318,CUST57277,16-10-2022,DEBIT,PRD0005,Education Loan,3065746.49,POS,central zone,Andhra Pradesh,Amit Patel,Completed,Debit - Education Loan - Oct 2022,551834.37,70.58,2513841.54
TXN4027038,CUST35032,17-May-11,Penalty Charge,PRD0012,Mutual Fund,1013834.08,Internet Banking,North Zone,Odisha,Arun Mehta,Under Review,Penalty Charge - Mutual Fund - May 2011,182490.13,152.25,831191.7
TXN6280469,CUST91292,30-05-2013,interest credit,PRD0003,  Auto Loan,3535643.35,Mobile App,SOUTH ZONE,Odisha,Amit Patel,Under Review,Interest Credit - OD Facility - May 2013,0,297.97,3535345.38
TXN5382812,CUST14555,03-06-2024,Credit,PRD0007,Loan Against Property,3834296.91,Internet Banking,East Zone,Odisha,Mohan Das,Under Review,Credit - Loan Against Property - Jan 2010,0,189.55,3834107.36
TXN6205553,CUST95200,25-08-2020,RTGS,PRD0002,Personal Loan,4057043.73,POS,Central Zone,West Bengal,SUNITA RAO,Failed,RTGS - Personal Loan - Aug 2020,0,422.01,4056621.72
TXN1749360,CUST46915,24-03-2014,EMI Payment,PRD0001,Home Loan,1563299.18,pos,East Zone,Haryana,kavitha subramanian,SUCCESS,EMI Payment - Home Loan - Jan 2010,0,224.35,1563074.83
TXN8517941,CUST38110,17-03-2022,credit,PRD0017,auto loan,3913574.02,Branch,East Zone,punjab,Deepa Krishnan,Failed,Credit - Auto Loan - Mar 2022,0,437.51,3913136.51
TXN6370759,CUST58804,24-06-2010,emi payment,PRD0010,Fixed Deposit,Rs.2483048.31,ATM,South Zone,Andhra Pradesh,Nitin Joshi,Under Review,EMI Payment - Fixed Deposit - Aug 2024,446948.7,201.59,2035898.02
TXN8219210,CUST23413,13-07-2018,Transfer,PRD0005,Education Loan,3501554.69,NEFT/RTGS,  West Zone,WEST BENGAL,Amit Patel,COMPLETED,Transfer - Education Loan - Jul 2018,0,75.34,3501479.35
TXN3918772,CUST49708,13-10-2022,IMPS,PRD0003,  Auto Loan,1884841.69,POS,North Zone,haryana,Deepa Krishnan,Under Review,IMPS - Education Loan - Jul 2022,339271.5,158.2,1545411.99
TXN1518038,CUST32273,21-09-2025,Loan Disbursal,PRD0005,Education Loan,2136099.65,Phone Banking,CENTRAL ZONE,Odisha,meena iyer,Failed,Loan Disbursal - Education Loan - Sep 2025,0,378.03,1751223.68
TXN1371562,CUST98208,21-Jan-10,RTGS,PRD0017,Auto Loan,2409354.03,NEFT/RTGS,South Zone,kerala,Arun Mehta,Under Review,RTGS - Auto Loan - Jan 2010,433683.73,322.79,1975347.51
TXN6996291,CUST38110,11-04-2011,EMI Payment,PRD0008,Credit Card,4297586.49,ATM,West Zone,Kerala,Arun Mehta,Completed,EMI Payment - Credit Card - Apr 2011,773565.57,44.04,3523976.88
TXN9687059,CUST46915,24-03-2014,Debit,PRD0013,  Insurance,3745076.07,Branch,CENTRAL ZONE,Kerala,Arun Mehta,Completed,Debit - Insurance - Jul 2013,0,452.44,3070509.94
TXN9828477,CUST50988,31-07-2010,Loan Disbursal,PRD0012,Mutual Fund,1080215.4,ATM,West Zone,Tamil Nadu,sanjay gupta,Pending,Loan Disbursal - Mutual Fund - Jul 2010,0,0,885538.19
TXN8324827,CUST30648,24-12-2019,DEBIT,PRD0005,Education Loan,715631.85,Mobile App,North Zone,Tamil Nadu,  Lalita Devi,Pending,Debit - Education Loan - Dec 2019,0,301.68,715330.17
TXN4500080,CUST13492,19-09-2015,neft,PRD0014,OD Facility,2882009.68,POS,East Zone,Odisha,Sunita Rao,Reversed,NEFT - OD Facility - Jan 2011,518761.74,472.51,2362775.43
TXN2568343,CUST13492,28-01-2011,NEFT,PRD0014,OD Facility,2882009.68,POS,East Zone,Odisha,Sunita Rao,Completed,NEFT - OD Facility - Jan 2011,518761.74,472.51,2362775.43
TXN7384422,CUST31753,05-Jun-22,EMI Payment,PRD0009,Savings Account,1309924.64,Internet Banking,South Zone,Maharashtra,Ramesh Yadav,Failed,EMI Payment - Savings Account - Jun 2022,Rs.235786.44,298.48,1073839.72
TXN3606014,CUST14791,06-10-2013,rtgs,PRD0006,Business Loan,3864919.39,ATM,West Zone,West Bengal,Mohan Das,Completed,RTGS - Business Loan - Oct 2013,695685.49,322.53,3168911.37
TXN8484134,CUST94023,22-11-2020,upi,PRD0051,  Savings Account,2308614.8,ATM,  East Zone,Rajasthan,Sunita Rao,Failed,UPI - Savings Account - Mar 2022,415550.66,265.73,1892798.41
TXN6258611,CUST22050,24-11-2015,Credit,PRD0017,Auto Loan,Rs.3990135.17,Mobile App,Central Zone,UTTAR PRADESH,Kavitha Subramanian,Reversed,Credit - Auto Loan - Nov 2015,0,437.04,3989698.13
TXN2925155,CUST50378,06-05-2017,Debit,PRD0003,  Auto Loan,1888438.66,NEFT/RTGS,North Zone,Kerala,Anita Bose,Under Review,Debit - Loan Against Property - Sep 2021,339918.96,286.21,1548233.49
TXN8845814,CUST23751,04-09-2019,Credit,PRD0005,Education Loan,403536.89,  ATM,South Zone,Kerala,Sanjay Gupta,Pending,Credit - Education Loan - Sep 2019,72636.64,14.92,330885.33
TXN1973115,CUST69921,01-12-2020,IMPS,PRD0008,Credit Card,2783105.55,Mobile App,South Zone,Rajasthan,Nitin Joshi,Failed,IMPS - Credit Card - Jan 2020,500959,295.27,2281851.28
TXN8486196,CUST24367,18-Apr-24,Penalty Charge,PRD0005,Education Loan,2020076.11,Branch,North Zone,Haryana,Deepa Krishnan,Completed,Penalty Charge - Education Loan - Apr 2024,363613.7,5.35,1656457.06
TXN4207129,CUST29356,17-Jan-18,RTGS,PRD0005,education loan,2225976.56,Phone Banking,east zone,Rajasthan,Anita Bose,Completed,RTGS - Education Loan - Jan 2018,0,419.38,2225557.18
TXN1327852,CUST95789,05-01-2020,Loan Disbursal,PRD0009,Savings Account,97109.87,NEFT/RTGS,  North Zone,Telangana,Rajesh Sharma,Under Review,Loan Disbursal - Savings Account - Jan 2020,Rs.17479.78,95,79535.09
TXN8329855,CUST17458,05-04-2012,penalty charge,PRD0008,Credit Card,2959340.09,POS,East Zone,Tamil Nadu,sanjay gupta,Under Review,Penalty Charge - Credit Card - May 2012,532681.22,229.93,2426428.94
TXN5155542,CUST80675,12-01-2025,LOAN DISBURSAL,PRD0001,Home Loan,145984.22,POS,West Zone,Kerala,Kavitha Subramanian,Pending,Loan Disbursal - Home Loan - Jan 2025,26277.16,355.44,119351.62
TXN7681451,CUST22050,14-01-2024,CASH DEPOSIT,PRD0001,HOME LOAN,2072749.21,NEFT/RTGS,Central Zone,  Odisha,Priya Nair,failed,Cash Deposit - Home Loan - Jan 2024,373094.86,273.83,1699380.52
TXN3093053,CUST80138,18-03-2012,Penalty Charge,PRD0004,Gold Loan,1473067.23,Branch,West Zone,Gujarat,  Sanjay Gupta,Reversed,Penalty Charge - Gold Loan - Sep 2025,0,347.96,1472719.27
TXN5246237,CUST32746,31-Jul-23,Transfer,PRD0012,mutual fund,517513.31,NEFT/RTGS,West Zone,Maharashtra,Anita Bose,Under Review,Transfer - Mutual Fund - Jul 2023,0,Rs.126.26,517387.05
TXN3017606,CUST32746,31-07-2023,Transfer,PRD0012,Mutual Fund,517513.31,NEFT/RTGS,West Zone,Maharashtra,Anita Bose,Completed,Transfer - Mutual Fund - Jul 2023,0,126.26,517387.05
TXN7373123,CUST79228,31-07-2016,IMPS,PRD0003,  Auto Loan,4389567.41,NEFT/RTGS,South Zone,Tamil Nadu,Kavitha Subramanian,Completed,IMPS - Loan Against Property - Jun 2025,790122.13,423.21,3599022.07
TXN1522024,CUST66371,06-05-2019,Penalty Charge,PRD0003,  Auto Loan,2262803.92,POS,East Zone,Delhi,Ramesh Yadav,Completed,Penalty Charge - Home Loan - May 2019,407304.71,77.75,1855421.46
TXN8433811,CUST76093,23-08-2016,neft,PRD0006,BUSINESS LOAN,1860200.2,Phone Banking,South Zone,uttar pradesh,Arun Mehta,Pending,NEFT - Business Loan - Aug 2016,334836.04,152.78,1525211.38
TXN8156454,CUST86397,26-04-2022,CASH WITHDRAWAL,PRD0017,Auto Loan,3594531.46,POS,Central Zone,Tamil Nadu,Meena Iyer,Pending,Transfer - Auto Loan - Apr 2022,0,282.66,3594248.8
TXN4719178,CUST30152,14-02-2022,Interest Credit,PRD0017,AUTO LOAN,4601917.62,Internet Banking,Central Zone,Kerala,Nitin Joshi,Pending,Interest Credit - Auto Loan - Feb 2022,828345.17,166.88,3773405.57
TXN3868864,CUST94023,26-09-2010,Debit,PRD0005,Education Loan,6173.16,POS,West Zone,  West Bengal,Arun Mehta,Failed,Debit - Education Loan - Sep 2010,0,484.62,5688.54
TXN2116782,CUST69151,27-09-2014,neft,PRD0008,Credit Card,3246397.38,POS,south zone,WEST BENGAL,ARUN MEHTA,Under Review,NEFT - Credit Card - Sep 2014,0,436.19,3245961.19
TXN9567929,CUST37164,11-10-2010,RTGS,PRD0006,BUSINESS LOAN,3813151.84,ATM,NORTH ZONE,Madhya Pradesh,NITIN JOSHI,Failed,RTGS - Business Loan - Jul 2016,686367.33,259.44,3126525.07
TXN5165395,CUST23751,14-08-2022,RTGS,PRD0009,Savings Account,1590926.13,MOBILE APP,  Central Zone,Telangana,Anita Bose,Under Review,RTGS - Savings Account - Aug 2022,286366.7,212.54,1304346.89
TXN4683948,CUST51116,09-04-2019,UPI,PRD0012,Mutual Fund,2666624.22,Phone Banking,SOUTH ZONE,Maharashtra,Priya Nair,Failed,UPI - Mutual Fund - Apr 2021,0,265.62,2666358.6
TXN4270889,CUST83716,08-02-2025,Debit,PRD0017,AUTO LOAN,4300142.64,Branch,West Zone,  Punjab,rajesh sharma,Failed,Debit - Auto Loan - Feb 2025,774025.68,274.85,3525842.11
TXN9602069,CUST45501,22-08-2025,RTGS,PRD0006,Business Loan,801260.11,Mobile App,CENTRAL ZONE,Punjab,Rajesh Sharma,Reversed,RTGS - Business Loan - Jan 2010,0,306.85,800953.26
TXN4412345,CUST52413,19-02-2011,Transfer,PRD0014,OD Facility,2139080.59,mobile app,West Zone,Haryana,Vijay Kumar,Under Review,Transfer - OD Facility - Feb 2011,385034.51,255.85,1753790.23
TXN5008540,CUST21053,16-Jan-17,LOAN DISBURSAL,PRD0010,Fixed Deposit,308602.21,Mobile App,  Central Zone,Uttar Pradesh,PRIYA NAIR,Reversed,Loan Disbursal - Fixed Deposit - Jan 2017,55548.4,450.14,252603.67
TXN6023595,CUST95799,17-01-2024,RTGS,PRD0014,OD Facility,456797.7,ATM,South Zone,West Bengal,Nitin Joshi,Reversed,RTGS - OD Facility - Jan 2024,82223.59,379.6,374194.51
TXN2933946,CUST27295,06-11-2025,IMPS,PRD0002,Personal Loan,495052.37,NEFT/RTGS,East Zone,Maharashtra,Amit Patel,Completed,IMPS - Personal Loan - Nov 2025,89109.43,339.02,405603.92
TXN2781221,CUST25220,27-06-2023,EMI Payment,PRD0002,Personal Loan,927084.77,NEFT/RTGS,Central Zone,WEST BENGAL,Rajesh Sharma,Pending,EMI Payment - Personal Loan - Jun 2023,166875.26,480.98,759728.53
TXN2601268,CUST91490,14-06-2017,Transfer,PRD0010,fixed deposit,4807607.96,Internet Banking,West Zone,ANDHRA PRADESH,  Ramesh Yadav,Under Review,Transfer - Fixed Deposit - Jun 2017,0,258.52,4807349.44
TXN3588989,CUST89988,25-11-2014,UPI,PRD0014,OD Facility,2508285.89,  POS,North Zone,Andhra Pradesh,Arun Mehta,Failed,UPI - OD Facility - Nov 2014,0,273.77,2508012.12
TXN2936831,CUST96661,26-12-2016,Transfer,PRD0014,OD FACILITY,4749860.92,Mobile App,SOUTH ZONE,Maharashtra,Vijay Kumar,Reversed,Transfer - OD Facility - Dec 2016,0,Rs.433.55,4749427.37
TXN7001511,CUST47594,09-05-2023,Debit,PRD0011,Recurring Deposit,1003857.44,INTERNET BANKING,South Zone,Maharashtra,Anita Bose,Failed,Debit - Recurring Deposit - Jul 2020,180694.34,180.05,822983.05
TXN8742048,CUST30260,12-09-2025,Debit,PRD0009,Savings Account,1347656.46,atm,West Zone,Uttar Pradesh,Ramesh Yadav,Pending,Debit - Savings Account - Sep 2025,242578.16,Rs.413.59,1104664.71
TXN3694913,CUST76115,06-03-2012,RTGS,PRD0009,Savings Account,4414273.14,Internet Banking,South Zone,Tamil Nadu,RAMESH YADAV,Failed,RTGS - Savings Account - Feb 2015,794569.17,85.09,3619618.88
TXN6737935,CUST99226,20-03-2022,UPI,PRD0005,Education Loan,1790320.11,POS,South Zone,Andhra Pradesh,Ramesh Yadav,Failed,UPI - Education Loan - Jan 2025,322257.62,177.46,1467885.03
TXN4340763,CUST81476,19-11-2018,UPI,PRD0007,Loan Against Property,2741889.86,Internet Banking,Central Zone,HARYANA,Arun Mehta,Failed,UPI - Loan Against Property - Nov 2018,493540.17,223.52,2248126.17
TXN2957464,CUST85051,28-03-2024,transfer,PRD0012,MUTUAL FUND,3305769.21,Branch,East Zone,odisha,Nitin Joshi,Failed,Transfer - Mutual Fund - Mar 2024,595038.46,433.61,2710297.14
TXN4630508,CUST63848,10-09-2015,EMI Payment,PRD0007,LOAN AGAINST PROPERTY,1841109.24,Phone Banking,East Zone,Odisha,  Priya Nair,Completed,EMI Payment - Loan Against Property - Oct 2015,331399.66,320.16,1509389.42
TXN4012532,CUST67534,11-Jul-24,Debit,PRD0011,Recurring Deposit,4153356.82,Branch,West Zone,Uttar Pradesh,Vijay Kumar,Completed,Debit - Recurring Deposit - Jul 2024,0,61.76,4153295.06
TXN4384706,CUST41696,10-12-2013,TRANSFER,PRD0006,Business Loan,4083504.86,atm,South Zone,Karnataka,Sunita Rao,Completed,Transfer - Business Loan - Oct 2013,735030.87,15.01,3348458.98
TXN2649670,CUST91490,07-11-2013,Interest Credit,PRD0002,Personal Loan,3282793.84,ATM,Central Zone,Uttar Pradesh,Mohan Das,Pending ,Interest Credit - Personal Loan - Aug 2014,590902.89,14.89,2691876.06
TXN6193729,CUST62312,27-10-2011,NEFT,PRD0009,Savings Account,Rs.1747106.55,POS,West Zone,Rajasthan,Meera Pillai,Completed,NEFT - Savings Account - Oct 2011,314479.18,493.62,1432133.75
TXN9776999,CUST34323,31-10-2022,Cash Withdrawal,PRD0007,Loan Against Property,3675281.23,Branch,CENTRAL ZONE,Kerala,Amit Patel,Completed,Cash Withdrawal - Loan Against Property - Oct 2022,0,401.33,Rs.3674879.9
TXN8289992,CUST53642,30-09-2019,Debit,PRD0096,  Mutual Fund,1858076.16,Mobile App,East Zone,Gujarat,SANJAY GUPTA,Pending,Debit - Mutual Fund - Sep 2019,334453.71,441.4,1523181.05
TXN1813543,CUST62286,03-08-2018,RTGS,PRD0009,Savings Account,4992705.48,Internet Banking,east zone,Odisha,Meena Iyer,Pending,RTGS - Savings Account - Aug 2018,0,252.66,4093765.83
TXN3775570,CUST54573,06-05-2017,Penalty Charge,PRD0017,AUTO LOAN,2307994.33,POS,South Zone,rajasthan,Amit Patel,Under Review,Penalty Charge - Auto Loan - Feb 2021,415438.98,464.75,1892090.6
TXN4493741,CUST86099,26-06-2011,IMPS,PRD0014,od facility,1361158.53,Mobile App,  West Zone,Madhya Pradesh,Sanjay Gupta,completed,IMPS - OD Facility - Jun 2011,0,58.69,1361099.84
TXN5397622,CUST35032,27-08-2015,Interest Credit,PRD0007,Loan Against Property,3239333.76,mobile app,north zone,West Bengal,Vijay Kumar,COMPLETED,Interest Credit - Loan Against Property - Aug 2015,583080.08,34.36,2656219.32
TXN6993345,CUST74213,24-01-2021,Debit,PRD0004,GOLD LOAN,2606056.9,Phone Banking,  North Zone,Odisha,sunita rao,Failed,Debit - Gold Loan - Jan 2021,469090.24,116.1,2136850.56
TXN5523268,CUST22050,26-Sep-11,  EMI Payment,PRD0005,EDUCATION LOAN,3138366.31,ATM,north zone,Punjab,deepa krishnan,Reversed,EMI Payment - Education Loan - Sep 2011,564905.94,406.36,2573054.01
TXN5227400,CUST23413,15-02-2011,Cash Deposit,PRD0006,Business Loan,2667017.05,POS,West Zone,Karnataka,ARUN MEHTA,Failed,Cash Deposit - Business Loan - Feb 2011,Rs.0,351.52,2666665.53
TXN6278057,CUST70211,09-04-2021,IMPS,PRD0005,Education Loan,3133275.11,NEFT/RTGS,central zone,Punjab,Sanjay Gupta,Under Review,IMPS - Education Loan - Mar 2020,563989.52,30.8,2569254.79
TXN2931097,CUST62312,22-07-2016,Cash Deposit,PRD0001,Home Loan,1159603,ATM,CENTRAL ZONE,WEST BENGAL,Meena Iyer,Under Review,Cash Deposit - Home Loan - Jul 2016,208728.54,216.12,950658.34
TXN8507830,CUST26187,26-01-2022,CASH DEPOSIT,PRD0006,Business Loan,1321969.03,phone banking,West Zone,Karnataka,Arun Mehta,Pending,Cash Deposit - Business Loan - Oct 2012,0,360.04,1321608.99
TXN7215354,CUST53911,03-03-2025,RTGS,PRD0001,Home Loan,Rs.4395972.16,neft/rtgs,West Zone,Haryana,Mohan Das,Reversed,RTGS - Home Loan - Mar 2025,0,300.01,4395672.15
TXN6203462,CUST91167,14-10-2017,Cash Withdrawal,PRD0007,Loan Against Property,1984120.23,Internet Banking,East Zone,Gujarat,Sunita Rao,Reversed,Cash Withdrawal - Loan Against Property - Oct 2017,357141.64,427.47,Rs.1626551.12
TXN1472465,CUST73505,30-12-2012,Loan Disbursal,PRD0007,Loan Against Property,2202654.15,NEFT/RTGS,  East Zone,Kerala,Mohan Das,Failed,Loan Disbursal - Loan Against Property - Oct 2010,396477.75,295.25,1805881.15
TXN7838641,CUST79932,18-05-2024,Credit,PRD0014,OD Facility,1437966.22,neft/rtgs,North Zone,andhra pradesh,Sanjay Gupta,Completed,Credit - OD Facility - May 2024,258833.92,Rs.355.71,1178776.59
TXN5767680,CUST52584,30-08-2022,rtgs,PRD0007,Loan Against Property,4144095.74,ATM,Central Zone,DELHI,Sunita Rao,Under Review,RTGS - Loan Against Property - Jan 2014,745937.23,149.12,3398009.39
TXN9502880,CUST76935,01-02-2018,Interest Credit,PRD0012,Mutual Fund,1342662.04,INTERNET BANKING,East Zone,Telangana,Arun Mehta,Completed,Interest Credit - Mutual Fund - Mar 2016,0,422.7,1342239.34
TXN8024304,CUST52688,11-07-2021,NEFT,PRD0002,personal loan,1372027.47,phone banking,Central Zone,delhi,Deepa Krishnan,Pending,NEFT - Personal Loan - Jul 2021,0,392.85,1371634.62
TXN2015166,CUST76093,19-Jan-16,EMI PAYMENT,PRD0013,Insurance,2741059.17,Mobile App,West Zone,Telangana,Rajesh Sharma,COMPLETED,EMI Payment - Insurance - Jan 2016,0,0,2740804.16
TXN5080372,CUST57002,01-06-2013,Transfer,PRD0005,Education Loan,4071355.52,Phone Banking,south zone,Rajasthan,VIJAY KUMAR,Completed,Transfer - Education Loan - Jun 2013,0,286.94,4071068.58
TXN9586043,CUST27705,21-06-2024,EMI Payment,PRD0007,Loan Against Property,418689.73,Phone Banking,south zone,Gujarat,Kavitha Subramanian,Failed,EMI Payment - Loan Against Property - Jun 2024,0,467.35,418222.38
TXN5610520,CUST42441,05-03-2024,  Transfer,PRD0011,Recurring Deposit,2579775.2,POS,Central Zone,kerala,Lalita Devi,Failed,Transfer - Recurring Deposit - Mar 2024,0,29.96,2579745.24
TXN5385711,CUST83566,25-09-2020,Interest Credit,PRD0008,  Credit Card,3309004.85,POS,West Zone,Delhi,Lalita Devi,Failed,Interest Credit - Credit Card - Sep 2020,Rs.595620.87,404.94,2712979.04
TXN3055493,CUST23751,18-08-2016,Cash Withdrawal,PRD0002,PERSONAL LOAN,2682337.78,POS,  Central Zone,  Uttar Pradesh,Mohan Das,Under Review,Cash Withdrawal - Personal Loan - Aug 2016,0,102.18,2682235.6
TXN5407142,CUST23751,05-06-2017,Cash Withdrawal,PRD0002,Personal Loan,2682337.78,POS,Central Zone,Uttar Pradesh,Mohan Das,Completed,Cash Withdrawal - Personal Loan - Aug 2016,0,102.18,2682235.6
TXN8904650,CUST78740,17-05-2025,INTEREST CREDIT,PRD0009,Savings Account,1864725.24,Internet Banking,North Zone,Karnataka,Anita Bose,Pending,Interest Credit - Savings Account - Apr 2018,335650.54,62.96,1529011.74
TXN9995187,CUST20874,29-03-2024,NEFT,PRD0006,Business Loan,Rs.205070.84,mobile app,West Zone,Telangana,Sanjay Gupta,Under Review,NEFT - Business Loan - Nov 2014,0,161.57,204909.27
TXN1351007,CUST23159,18-05-2013,Debit,PRD0013,Insurance,2567976.64,Phone Banking,east zone,Maharashtra,Ramesh Yadav,Failed,Debit - Insurance - Mar 2015,462235.8,21.82,Rs.2105719.02
TXN4416827,CUST36518,03-06-2024,Debit,PRD0010,FIXED DEPOSIT,2151726.72,Internet Banking,West Zone,PUNJAB,arun mehta,Completed,Debit - Fixed Deposit - Sep 2018,0,206.41,2151520.31
TXN5296289,CUST13492,24-05-2025,Loan Disbursal,PRD0008,Credit Card,1143177.13,POS,east zone,Delhi,arun mehta,Pending,Loan Disbursal - Credit Card - May 2025,205771.88,27.64,937377.61
TXN2061584,CUST31337,06-Sep-20,RTGS,PRD0011,RECURRING DEPOSIT,961520.3,ATM,Central Zone,Telangana,vijay kumar,Reversed,RTGS - Recurring Deposit - Sep 2020,173073.65,331.5,788115.15
TXN6494237,CUST41334,20-11-2021,UPI,PRD0006,Business Loan,Rs.1028205.4,ATM,east zone,Rajasthan,Rajesh Sharma,Pending,UPI - Business Loan - Nov 2021,709666.49,15.01,3232910.13
TXN1001403,CUST22202,15-Jun-12,Cash Deposit,PRD0011,Recurring Deposit,3614013.41,POS,East Zone,West Bengal,Aditya Reddy,Completed,Cash Deposit - Recurring Deposit - Jun 2012,0,25.24,3613988.17
TXN4637048,CUST19952,13-05-2019,Cash Withdrawal,PRD0011,Recurring Deposit,2907600.31,Mobile App,West Zone,Uttar Pradesh,Anita Bose,Under Review,Cash Withdrawal - Recurring Deposit - May 2019,0,490.82,2907109.49
TXN7455850,CUST83755,28-04-2016,interest credit,PRD0011,Recurring Deposit,2624169.73,Branch,North Zone,Maharashtra,Ramesh Yadav,Completed,Interest Credit - Recurring Deposit - Apr 2016,472350.55,62.13,2151757.05
TXN5009066,CUST20357,22-10-2022,emi payment,PRD0009,Savings Account,Rs.91235.34,  Internet Banking,East Zone,UTTAR PRADESH,Amit Patel,Reversed,EMI Payment - Savings Account - Nov 2022,16422.36,76.9,74736.08
TXN3806151,CUST35153,20-12-2019,Debit,PRD0017,Auto Loan,3681080.92,Branch,West Zone,  Telangana,Ramesh Yadav,Pending,Debit - Auto Loan - Dec 2019,0,170.76,3680910.16
TXN1869303,CUST31016,19-08-2019,UPI,PRD0008,Credit Card,537442.64,  POS,South Zone,Haryana,Geeta Verma,Completed,UPI - Credit Card - Jul 2021,96739.68,31.43,440671.53
TXN3969264,CUST53813,23-09-2017,penalty charge,PRD0013,Insurance,1963533.14,Internet Banking,South Zone,Punjab,Meena Iyer,Completed,Penalty Charge - Insurance - Sep 2017,Rs.353435.97,0,1609711.22
TXN9474314,CUST96754,14-02-2020,NEFT,PRD0006,Business Loan,2130143.57,atm,Central Zone,Punjab,Priya Nair,Pending,NEFT - Business Loan - Feb 2020,0,Rs.356.92,2129786.65
TXN6299699,CUST69921,01-03-2011,UPI,PRD0017,Auto Loan,2637546.46,Mobile App,North Zone,TAMIL NADU,Sanjay Gupta,Under Review,UPI - Auto Loan - Mar 2011,474758.36,357.15,2162430.95
TXN7428684,CUST17355,21-02-2021,PENALTY CHARGE,PRD0003,  Auto Loan,776451.48,ATM,East Zone,Maharashtra,priya nair,Under Review,Penalty Charge - Savings Account - Feb 2021,0,259.14,776192.34
TXN9531653,CUST17355,21-02-2021,Penalty Charge,PRD0009,Savings Account,776451.48,ATM,East Zone,Maharashtra,Priya Nair,Completed,Penalty Charge - Savings Account - Feb 2021,0,259.14,776192.34
TXN6089257,CUST69151,21-08-2023,Penalty Charge,PRD0004,Gold Loan,432851.36,  POS,South Zone,Haryana,Meena Iyer,Under Review,Penalty Charge - Gold Loan - Aug 2023,0,476.29,432375.07
TXN5363652,CUST76448,06-03-2025,DEBIT,PRD0002,Personal Loan,945668.49,mobile app,west zone,Madhya Pradesh,Deepa Krishnan,SUCCESS,Debit - Personal Loan - Jun 2025,0,110.8,945557.69
TXN7295468,CUST26961,02-08-2011,Credit,PRD0005,education loan,2607818.49,Internet Banking,Central Zone,WEST BENGAL,Nitin Joshi,Failed,Credit - Education Loan - Aug 2011,469407.33,30.25,2138380.91
TXN4150987,CUST27495,10-06-2025,Interest Credit,PRD0012,Mutual Fund,4814435.56,Branch,Central Zone,Tamil Nadu,vijay kumar,Reversed,Interest Credit - Mutual Fund - May 2025,0,327.5,4814108.06
TXN1303562,CUST27495,10-06-2025,Interest Credit,PRD0012,Mutual Fund,4814435.56,Branch,Central Zone,Tamil Nadu,Vijay Kumar,Completed,Interest Credit - Mutual Fund - May 2025,0,327.5,4814108.06
TXN6863314,CUST17736,13-08-2015,PENALTY CHARGE,PRD0001,Home Loan,Rs.1028205.4,Mobile App,SOUTH ZONE,Rajasthan,Sunita Rao,Under Review,Penalty Charge - Home Loan - Aug 2015,0,349.19,238142.09
TXN6347031,CUST67763,18-03-2012,Credit,PRD0004,Gold Loan,1301677.47,BRANCH,South Zone,Telangana,Mohan Das,Reversed,Credit - Gold Loan - May 2024,234301.94,498.23,1066877.3
TXN4240903,CUST95403,09-06-2022,CREDIT,PRD0005,Education Loan,657100.53,Mobile App,Central Zone,Uttar Pradesh,PRIYA NAIR,Reversed,Credit - Education Loan - Jun 2022,0,475.11,656625.42
TXN2547877,CUST63914,04-01-2025,IMPS,PRD0004,Gold Loan,Rs.1028205.4,Internet Banking,South Zone,West Bengal,Meena Iyer,Completed,IMPS - Gold Loan - Jan 2025,0,476.58,1706963.12
TXN7754735,CUST80972,19-04-2017,EMI Payment,PRD0010,Fixed Deposit,307537.7,Phone Banking,East Zone,Odisha,Sai Pillai,Failed,EMI Payment - Fixed Deposit - Apr 2017,55356.79,123.63,252057.28
TXN5046259,CUST34600,03-08-2019,EMI Payment,PRD0014,OD Facility,4566671.05,NEFT/RTGS,South Zone,Delhi,Anita Bose,Pending,EMI Payment - OD Facility - Aug 2019,822000.79,397,3744273.26
TXN3121021,CUST40062,05-03-2011,UPI,PRD0002,PERSONAL LOAN,4107498.49,mobile app,North Zone,Karnataka,Meena Iyer,completed,UPI - Personal Loan - Mar 2011,739349.73,413.75,3367735.01
TXN4899487,CUST95200,03-Sep-18,Transfer,PRD0006,BUSINESS LOAN,3344743.13,ATM,  West Zone,MAHARASHTRA,Lalita Devi,Pending,Transfer - Business Loan - Sep 2018,602053.76,185.17,2742504.2
TXN3670208,CUST66349,30-Jul-15,CREDIT,PRD0004,Gold Loan,1247550.61,MOBILE APP,South Zone,kerala,Deepa Krishnan,SUCCESS,NEFT - Gold Loan - Jul 2015,0,267.13,1022724.37
TXN2010148,CUST40427,15-03-2019,Penalty Charge,PRD0014,OD Facility,1854862.91,Phone Banking,Central Zone,Gujarat,Amit Patel,Failed,Penalty Charge - OD Facility - Mar 2019,333875.32,447.47,1854862.91
TXN9920424,CUST46915,12-01-2025,RTGS,PRD0003,  Auto Loan,923900.88,Phone Banking,East Zone,Karnataka,PRIYA NAIR,Failed,RTGS - Savings Account - Jan 2025,0,35.35,923865.53
TXN2779294,CUST64419,06-08-2013,RTGS,PRD0013,Insurance,2361477.81,Branch,East Zone,Andhra Pradesh,Sunita Rao,Completed,RTGS - Insurance - Aug 2013,425066.01,180.58,1936231.22
TXN7247479,CUST53911,22-10-2018,Cash Withdrawal,PRD0017,Auto Loan,2591049.44,Mobile App,North Zone,Madhya Pradesh,KAVITHA SUBRAMANIAN,failed,Cash Withdrawal - Auto Loan - Oct 2018,0,123.89,2590925.55
TXN8288428,CUST81476,08-12-2025,Debit,PRD0010,Fixed Deposit,Rs.4865919.46,ATM,west zone,West Bengal,Deepa Krishnan,Under Review,Debit - Fixed Deposit - Dec 2025,875865.5,Rs.184.37,3989869.59
TXN2257598,CUST28350,18-07-2016,TRANSFER,PRD0011,recurring deposit,1551013.75,Phone Banking,East Zone,Maharashtra,Mohan Das,Under Review,Transfer - Recurring Deposit - Jul 2016,0,431.32,1550582.43
TXN6452514,CUST12867,04-08-2018,IMPS,PRD0011,Recurring Deposit,2393591.18,POS,East Zone,Uttar Pradesh,Rajesh Sharma,Completed,IMPS - Recurring Deposit - Aug 2018,0,15.85,2393575.33
TXN4048023,CUST18601,31-10-2025,Credit,PRD0005,Education Loan,4754901.07,INTERNET BANKING,Central Zone,Andhra Pradesh,Kavitha Subramanian,Pending,Credit - Education Loan - Oct 2025,855882.19,122.1,3898896.78
TXN2489007,CUST41696,23-12-2015,Penalty Charge,PRD0002,Personal Loan,Rs.1028205.4,POS,West Zone,Maharashtra,Ramesh Yadav,Under Review,Penalty Charge - Personal Loan - Dec 2015,369393.78,45.65,1682748.21
TXN8826657,CUST17179,17-Jan-15,Cash Withdrawal,PRD0014,OD Facility,1976476.56,Internet Banking,North Zone,Punjab,Arun Mehta,Reversed,Cash Withdrawal - OD Facility - Jan 2015,355765.78,442.42,1620268.36
TXN4215596,CUST29162,19-10-2014,NEFT,PRD0011,Recurring Deposit,1665373.36,Mobile App,East Zone,PUNJAB,Vijay Kumar,Under Review,NEFT - Recurring Deposit - Oct 2014,0,375.51,1664997.85
TXN8164470,CUST63026,13-04-2024,Interest Credit,PRD0004,Gold Loan,315470.76,  ATM,North Zone,delhi,Nitin Joshi,Completed,Interest Credit - Gold Loan - Apr 2024,0,335.73,258350.29
TXN2342685,CUST60342,29-02-2020,NEFT,PRD0014,OD Facility,2916016.84,neft/rtgs,West Zone,Rajasthan,Rajesh Sharma,Pending,NEFT - OD Facility - Apr 2025,524883.03,200.65,2916016.84
TXN2243021,CUST31660,15-03-2019,Loan Disbursal,PRD0004,Gold Loan,3323503.14,POS,South Zone,Uttar Pradesh,RAJESH SHARMA,Under Review,Loan Disbursal - Gold Loan - Mar 2019,0,98.48,3323404.66
TXN6275000,CUST73156,08-02-2022,NEFT,PRD0013,INSURANCE,1235403,Branch,East Zone,  Gujarat,Sunita Rao,Reversed,Loan Disbursal - Insurance - Dec 2012,222372.54,230.11,1012800.35
TXN3728507,CUST73156,08-02-2022,  EMI Payment,PRD0010,Fixed Deposit,2926513.73,  ATM,West Zone,Delhi,Arun Mehta,Under Review,EMI Payment - Fixed Deposit - Sep 2017,0,Rs.117.46,2926513.73
TXN4929669,CUST29331,06-Feb-19,Transfer,PRD0007,  Loan Against Property,203727.08,Internet Banking,EAST ZONE,Maharashtra,Mohan Das,failed,Transfer - Loan Against Property - Feb 2019,36670.87,423.82,166632.39
TXN3559926,CUST93478,16-Sep-17,NEFT,PRD0007,Loan Against Property,1873988.05,ATM,central zone,Rajasthan,Mohan Das,Pending,NEFT - Loan Against Property - Sep 2017,337317.85,471.51,1536198.69
TXN3037725,CUST20127,13-10-2022,Cash Withdrawal,PRD0003,  Auto Loan,2026458.92,Branch,Central Zone,gujarat,vijay kumar,Failed,Cash Withdrawal - Mutual Fund - Jun 2021,0,176.21,2026282.71
TXN3538141,CUST60990,09-09-2024,NEFT,PRD0017,AUTO LOAN,Rs.3747107.6,NEFT/RTGS,  Central Zone,Uttar Pradesh,Nitin Joshi,Failed,NEFT - Auto Loan - Sep 2024,674479.37,0,3072287.68
TXN6756650,CUST13385,26-05-2020,TRANSFER,PRD0017,Auto Loan,3997628.84,Internet Banking,west zone,TAMIL NADU,Anita Bose,Under Review,Transfer - Auto Loan - May 2020,719573.19,130.1,3277925.55
TXN1275739,CUST87912,08-10-2013,penalty charge,PRD0010,Fixed Deposit,527247.98,POS,Central Zone,Karnataka,Ramesh Yadav,Completed,Penalty Charge - Fixed Deposit - Oct 2013,94904.64,Rs.280.79,432062.55
TXN9494533,CUST43315,17-08-2016,Credit,PRD0006,Business Loan,332784.56,ATM,East Zone,Punjab,Rajesh Sharma,Pending,Credit - Business Loan - Aug 2016,59901.22,342.75,272540.59
TXN8510254,CUST16880,16-08-2015,Interest Credit,PRD0007,LOAN AGAINST PROPERTY,4247536.6,Branch,West Zone,Rajasthan,  Amit Patel,Failed,Interest Credit - Loan Against Property - Aug 2015,0,306.78,4247229.82
TXN9823331,CUST89954,02-04-2013,Cash Deposit,PRD0013,Insurance,2588756.71,Internet Banking,central zone,Gujarat,Rohan Iyer,Failed,Cash Deposit - Insurance - Apr 2013,465976.21,62.81,2122717.69
TXN2012492,CUST64396,15-04-2019,Interest Credit,PRD0010,FIXED DEPOSIT,4813042.79,Branch,Central Zone,Uttar Pradesh,Kavitha Subramanian,Pending,Interest Credit - Fixed Deposit - Apr 2019,866347.7,Rs.206.82,3946488.27
TXN5327586,CUST35032,12-09-2020,Penalty Charge,PRD0011,Recurring Deposit,Rs.1467897.45,NEFT/RTGS,East Zone,Punjab,Aarav Joshi,Reversed,Penalty Charge - Recurring Deposit - Feb 2023,264221.54,404.27,1203271.64
TXN6188854,CUST60353,27-05-2015,Cash Deposit,PRD0010,Fixed Deposit,394252.99,Branch,South Zone,Maharashtra,Lalita Devi,Completed,Cash Deposit - Fixed Deposit - May 2015,70965.54,123.58,323163.87
TXN8607667,CUST31705,24-11-2015,Debit,PRD0008,Credit Card,1323249.9,Branch,Central Zone,TELANGANA,Anita Bose,Pending,Debit - Credit Card - Nov 2015,Rs.238184.98,205,1084859.92
TXN1305265,CUST40062,10-09-2011,neft,PRD0008,Credit Card,4587907.77,Branch,West Zone,Odisha,Anita Bose,Pending,NEFT - Credit Card - Mar 2025,825823.4,191.25,3761893.12
TXN7140612,CUST28953,19-02-2014,Interest Credit,PRD0008,Credit Card,833513.14,Mobile App,North Zone,West Bengal,Kavitha Subramanian,Under Review,Interest Credit - Credit Card - Feb 2014,150032.37,29.03,683451.74
TXN2634105,CUST28953,04-05-2017,Debit,PRD0009,Savings Account,4592528.35,POS,South Zone,ODISHA,Meena Iyer,Completed,Debit - Savings Account - Jul 2019,826655.1,27.91,3765845.34
TXN7876806,CUST86099,29-03-2025,NEFT,PRD0005,Education Loan,2881670.07,  Mobile App,SOUTH ZONE,Madhya Pradesh,Meena Iyer,Completed,NEFT - Education Loan - May 2022,0,334.58,2881335.49
TXN1250166,CUST76093,01-10-2012,debit,PRD0017,AUTO LOAN,976985.43,NEFT/RTGS,South Zone,west bengal,Arun Mehta,Completed,Debit - Auto Loan - Oct 2012,175857.38,242.92,800885.13
TXN1869861,CUST20874,29-03-2024,UPI,PRD0001,home loan,2198461.37,Mobile App,North Zone,West Bengal,Amit Patel,completed,UPI - Home Loan - Jan 2021,0,383.66,2198077.71
TXN6810937,CUST34697,06-Nov-16,Interest Credit,PRD0002,  Personal Loan,2874919.58,neft/rtgs,South Zone,MADHYA PRADESH,Sanjay Gupta,Reversed,Interest Credit - Personal Loan - Nov 2016,517485.52,378.81,2357055.25
TXN1155990,CUST34697,06-11-2016,Interest Credit,PRD0002,Personal Loan,2874919.58,NEFT/RTGS,South Zone,Madhya Pradesh,Sanjay Gupta,Completed,Interest Credit - Personal Loan - Nov 2016,517485.52,378.81,2357055.25
TXN5425201,CUST25220,22-11-2016,Debit,PRD0007,Loan Against Property,4978299.41,Internet Banking,east zone,Telangana,Amit Patel,Under Review,Debit - Loan Against Property - Nov 2016,0,131.84,4978167.57
TXN8543808,CUST30516,11-11-2024,RTGS,PRD0001,Home Loan,2785188.86,ATM,SOUTH ZONE,Punjab,Priya Nair,Under Review,RTGS - Home Loan - Dec 2014,0,Rs.368.49,2283486.38
TXN2265732,CUST67763,09-09-2010,IMPS,PRD0001,Home Loan,1302424.06,POS,West Zone,Rajasthan,nitin joshi,Pending,IMPS - Home Loan - Sep 2010,0,335.19,1302088.87
TXN5133417,CUST20749,07-06-2023,Debit,PRD0012,mutual fund,4895711.47,POS,South Zone,Haryana,Sunita Rao,Reversed,Debit - Mutual Fund - Jan 2017,0,333.03,4895378.44
TXN3461705,CUST26803,25-06-2014,Cash Deposit,PRD0009,Savings Account,2365572.29,POS,North Zone,Telangana,Anita Bose,Completed,Cash Deposit - Savings Account - Jun 2014,0,289.97,2365282.32
TXN3306566,CUST51032,30-03-2015,EMI Payment,PRD0007,Loan Against Property,477793.68,  NEFT/RTGS,Central Zone,GUJARAT,Deepa Krishnan,Under Review,EMI Payment - Loan Against Property - May 2010,86002.86,261.81,391529.01
TXN8894998,CUST49363,06-Dec-25,  RTGS,PRD0001,Home Loan,4887691.66,POS,North Zone,Odisha,vijay kumar,Failed,RTGS - Home Loan - Dec 2025,879784.5,85.29,Rs.4007821.87
TXN1540077,CUST38885,11-12-2017,Cash Deposit,PRD0010,Fixed Deposit,4260837.56,NEFT/RTGS,North Zone,Karnataka,SUNITA RAO,Reversed,Cash Deposit - Fixed Deposit - Nov 2021,766950.76,24.22,3493862.58
TXN4027017,CUST23159,15-02-2017,Loan Disbursal,PRD0012,Mutual Fund,2871429.47,PHONE BANKING,North Zone,Madhya Pradesh,Anita Bose,Failed,Loan Disbursal - Mutual Fund - Feb 2017,516857.3,322.24,2354249.93
TXN4381488,CUST60096,14-Jan-10,CASH DEPOSIT,PRD0017,Auto Loan,347448.41,  ATM,South Zone,tamil nadu,  Meena Iyer,Under Review,Cash Deposit - Auto Loan - Jan 2010,62540.71,341.56,284566.14
TXN5825920,CUST25461,27-07-2018,Transfer,PRD0001,Home Loan,4369358.69,  POS,Central Zone,Punjab,rahul sharma,Completed,Transfer - Home Loan - Jul 2018,Rs.0,263.41,4369095.28
TXN8603025,CUST62761,30-04-2018,Credit,PRD0011,Recurring Deposit,350426.76,  ATM,West Zone,  Tamil Nadu,Mohan Das,Under Review,Credit - Recurring Deposit - Apr 2020,63076.82,323.16,287026.78
TXN1332524,CUST25461,01-02-2013,Cash Withdrawal,PRD0001,Home Loan,356134.41,NEFT/RTGS,Central Zone,Odisha,PRIYA NAIR,failed,Cash Withdrawal - Home Loan - Jan 2022,0,249.92,355884.49
TXN3655982,CUST22492,05-03-2010,EMI Payment,PRD0003,  Auto Loan,604060.92,NEFT/RTGS,South Zone,UTTAR PRADESH,Sanjay Gupta,Completed,EMI Payment - Mutual Fund - Mar 2010,108730.97,131.16,495198.79
TXN3878261,CUST13906,31-Dec-13,EMI PAYMENT,PRD0013,INSURANCE,1880942.09,ATM,East Zone,Haryana,Meena Iyer,Completed,EMI Payment - Insurance - Dec 2013,Rs.0,10.33,1880931.76
TXN5621464,CUST29215,08-07-2011,Cash Deposit,PRD0017,Auto Loan,3123792.68,  ATM,West Zone,Rajasthan,Deepa Krishnan,Pending,Cash Deposit - Auto Loan - Aug 2011,562282.68,426.53,2561083.47
TXN9459319,CUST41696,11-Oct-16,Transfer,PRD0009,savings account,4434078.06,Branch,South Zone,Madhya Pradesh,kavitha subramanian,Failed,Transfer - Savings Account - Oct 2016,798134.05,338.91,3635605.1
TXN1573186,CUST42925,19-Nov-10,loan disbursal,PRD0008,Credit Card,3491306.42,ATM,East Zone,Rajasthan,arun mehta,Completed,Loan Disbursal - Credit Card - Nov 2010,0,487.67,2862383.59
TXN6406850,CUST83755,09-11-2014,Debit,PRD0006,Business Loan,1688263.11,NEFT/RTGS,Central Zone,Rajasthan,kavitha subramanian,Failed,Debit - Business Loan - Nov 2014,303887.36,184.17,1384191.58
TXN5714156,CUST63197,24-Nov-16,emi payment,PRD0017,Auto Loan,1711325.11,POS,North Zone,Telangana,Sanjay Gupta,Pending,EMI Payment - Auto Loan - Nov 2016,0,252.2,1711072.91
TXN2748615,CUST68479,30-11-2020,Cash Deposit,PRD0012,mutual fund,4694594.37,ATM,North Zone,Uttar Pradesh,Anita Bose,Under Review,Cash Deposit - Mutual Fund - Nov 2020,0,39.58,4694554.79
TXN4434402,CUST19432,13-08-2012,EMI PAYMENT,PRD0011,Recurring Deposit,1683491.58,Internet Banking,west zone,West Bengal,Nitin Joshi,Completed,EMI Payment - Recurring Deposit - Aug 2012,0,86.91,1683404.67
TXN5454894,CUST19432,13-08-2012,EMI Payment,PRD0011,Recurring Deposit,1683491.58,Internet Banking,West Zone,West Bengal,Nitin Joshi,Completed,EMI Payment - Recurring Deposit - Aug 2012,0,86.91,1683404.67
TXN9293948,CUST11337,23-07-2010,Loan Disbursal,PRD0005,education loan,567635.95,Internet Banking,South Zone,Gujarat,Amit Patel,Reversed,Loan Disbursal - Education Loan - Jul 2010,102174.47,50.99,465410.49
TXN9437292,CUST91490,23-12-2016,RTGS,PRD0017,Auto Loan,4865719.61,  POS,  North Zone,Telangana,Sanjay Gupta,Failed,RTGS - Auto Loan - Dec 2016,875829.53,175.37,3989714.71
TXN1582230,CUST26803,24-02-2014,Cash Deposit,PRD0012,Mutual Fund,421742.46,Phone Banking,west zone,MADHYA PRADESH,Lalita Devi,Completed,Cash Deposit - Mutual Fund - Feb 2014,0,79.16,421663.3
TXN8979722,CUST84838,24-04-2011,Credit,PRD0002,PERSONAL LOAN,4873026.19,NEFT/RTGS,south zone,Gujarat,RAJESH SHARMA,Pending,Credit - Personal Loan - Apr 2011,877144.71,76.88,3995804.6
TXN7517858,CUST16450,26-06-2024,CASH DEPOSIT,PRD0011,RECURRING DEPOSIT,494507.43,POS,SOUTH ZONE,Haryana,Deepa Krishnan,Failed,Cash Deposit - Recurring Deposit - Dec 2023,0,148.87,494358.56
TXN9859123,CUST20040,30-08-2022,Interest Credit,PRD0009,Savings Account,2968042.4,NEFT/RTGS,West Zone,Madhya Pradesh,Anita Bose,Under Review,Interest Credit - Savings Account - Aug 2024,534247.63,Rs.116.47,2433678.3
TXN9072527,CUST96661,26-09-2013,RTGS,PRD0011,recurring deposit,4293115.52,ATM,East Zone,punjab,amit patel,failed,RTGS - Recurring Deposit - Sep 2013,772760.79,10.19,3520344.54
TXN5901718,CUST39933,22-04-2024,Penalty Charge,PRD0014,OD Facility,1693246.64,ATM,South Zone,kerala,Amit Patel,Completed,Penalty Charge - OD Facility - Apr 2024,304784.4,415.43,1388046.81
TXN5834850,CUST39912,24-08-2023,cash withdrawal,PRD0002,Personal Loan,2557686.81,Phone Banking,West Zone,Maharashtra,Arun Mehta,Under Review,Cash Withdrawal - Personal Loan - Dec 2016,460383.63,226.83,2097076.35
TXN8615732,CUST48543,24-09-2022,cash withdrawal,PRD0005,Education Loan,3143816.34,Phone Banking,east zone,Kerala,Ramesh Yadav,Reversed,Cash Withdrawal - Education Loan - Sep 2022,0,173.72,3143816.34
TXN3149396,CUST48543,24-Sep-22,Cash Withdrawal,PRD0005,Education Loan,3143816.34,Phone Banking,East Zone,Kerala,Ramesh Yadav,Completed,Cash Withdrawal - Education Loan - Sep 2022,0,173.72,3143642.62
TXN9765551,CUST34896,07-02-2024,UPI,PRD0004,Gold Loan,2696594.43,POS,South Zone,Karnataka,Sunita Rao,COMPLETED,UPI - Gold Loan - Feb 2024,485387,370.8,2210836.63
TXN1469417,CUST40396,30-08-2017,  Transfer,PRD0009,Savings Account,4524702.14,NEFT/RTGS,North Zone,Rajasthan,lalita devi,Failed,Transfer - Savings Account - Aug 2017,814446.39,382.98,3709872.77
TXN7574654,CUST70562,02-04-2014,imps,PRD0005,Education Loan,4941701.7,Mobile App,EAST ZONE,Kerala,Kavitha Subramanian,Completed,IMPS - Education Loan - Apr 2014,0,143.5,4941558.2
TXN2004204,CUST76115,06-03-2012,Penalty Charge,PRD0011,Recurring Deposit,4621302.44,POS,East Zone,Maharashtra,Rajesh Sharma,Pending,Penalty Charge - Recurring Deposit - Apr 2022,0,216.37,4621086.07
TXN4356548,CUST27451,30-09-2011,Penalty Charge,PRD0008,CREDIT CARD,889676.85,Internet Banking,North Zone,Gujarat,Deepa Krishnan,Reversed,Penalty Charge - Credit Card - Sep 2011,160141.83,384.7,729150.32
TXN6517924,CUST28904,04-03-2015,Transfer,PRD0001,Home Loan,175358.22,ATM,West Zone,Haryana,Priya Nair,Failed,Transfer - Home Loan - Apr 2015,0,25.68,175332.54
TXN6958929,CUST27865,27-09-2010,RTGS,PRD0017,Auto Loan,Rs.1837468.02,atm,South Zone,Andhra Pradesh,ANITA BOSE,Under Review,RTGS - Auto Loan - Sep 2010,330744.24,7.66,1506716.12
TXN3611388,CUST74990,10-03-2011,IMPS,PRD0012,mutual fund,884916.43,Phone Banking,East Zone,Madhya Pradesh,Ramesh Singh,Failed,IMPS - Mutual Fund - Oct 2010,159284.96,377.62,725253.85
TXN9386476,CUST84873,29-07-2014,INTEREST CREDIT,PRD0001,Home Loan,Rs.2699025.59,Phone Banking,East Zone,ANDHRA PRADESH,Kavitha Subramanian,COMPLETED,Interest Credit - Home Loan - Jul 2014,485824.61,257.23,2212943.75
TXN7555593,CUST60079,23-06-2017,debit,PRD0011,Recurring Deposit,2232663.96,ATM,Central Zone,Punjab,Amit Patel,Failed,Debit - Recurring Deposit - Jun 2017,401879.51,477.32,1830307.13
TXN2495582,CUST24316,31-03-2019,interest credit,PRD0013,Insurance,3145706.95,ATM,Central Zone,Karnataka,KAVITHA SUBRAMANIAN,Reversed,Interest Credit - Insurance - Mar 2019,566227.25,0,2579396.17
TXN4240424,CUST31750,09-03-2021,RTGS,PRD0004,Gold Loan,3473031.61,INTERNET BANKING,north zone,Odisha,Mohan Das,Failed,RTGS - Gold Loan - Aug 2010,0,0,3472611.13
TXN4610297,CUST49795,11-06-2018,transfer,PRD0010,Fixed Deposit,2651049.9,Mobile App,South Zone,Maharashtra,Vijay Kumar,Under Review,Transfer - Fixed Deposit - Jun 2018,0,261.6,2650788.3
TXN2636381,CUST74990,20-06-2015,IMPS,PRD0011,RECURRING DEPOSIT,4961517.59,ATM,North Zone,Andhra Pradesh,Sanjay Gupta,Completed,IMPS - Recurring Deposit - Jun 2015,893073.17,456.56,4067987.86
TXN1172217,CUST12154,03-09-2011,Credit,PRD0001,Home Loan,Rs.3721634.16,Mobile App,  West Zone,Maharashtra,Vijay Kumar,Pending,Credit - Home Loan - Sep 2011,669894.15,420.05,3051319.96
TXN8250869,CUST16461,01-10-2022,Cash Withdrawal,PRD0002,Personal Loan,2773990.71,Phone Banking,West Zone,Maharashtra,rajesh sharma,Under Review,Cash Withdrawal - Personal Loan - Oct 2022,499318.33,296.66,2274375.72
TXN3618878,CUST33562,17-04-2017,Cash Withdrawal,PRD0010,Fixed Deposit,2292445.85,MOBILE APP,west zone,West Bengal,Rajesh Sharma,Pending,Cash Withdrawal - Fixed Deposit - Aug 2025,412640.25,338.45,1879467.15
TXN2923413,CUST33562,09-08-2025,Cash Withdrawal,PRD0010,Fixed Deposit,2292445.85,Mobile App,West Zone,West Bengal,Rajesh Sharma,Completed,Cash Withdrawal - Fixed Deposit - Aug 2025,412640.25,338.45,1879467.15
TXN2245150,CUST50988,30-Dec-17,Cash Withdrawal,PRD0002,Personal Loan,1832574.93,Internet Banking,South Zone,Uttar Pradesh,Ramesh Yadav,Under Review,Cash Withdrawal - Personal Loan - Dec 2017,329863.49,380.99,Rs.1502330.45
TXN3063232,CUST21108,14-09-2017,UPI,PRD0002,personal loan,1951823.6,mobile app,West Zone,Andhra Pradesh,Nitin Joshi,Reversed,UPI - Personal Loan - Sep 2017,351328.25,484.31,1600011.04
TXN2778957,CUST72394,18-03-2012,Debit,PRD0007,Loan Against Property,4250332.32,INTERNET BANKING,SOUTH ZONE,Telangana,Priya Nair,Under Review,Debit - Loan Against Property - Dec 2019,Rs.0,34.01,4250298.31
TXN1237711,CUST58140,04-03-2017,transfer,PRD0003,  Auto Loan,3169614.41,  POS,North Zone,ANDHRA PRADESH,Sunita Rao,Pending,Transfer - Business Loan - Mar 2017,570530.59,116.05,2598967.77
TXN1773697,CUST64401,30-06-2012,NEFT,PRD0014,OD Facility,2270905.2,branch,East Zone,WEST BENGAL,Lalita Devi,Failed,NEFT - OD Facility - Jun 2012,408762.94,16.44,1862125.82
TXN2190326,CUST68479,09-08-2019,Interest Credit,PRD0004,Gold Loan,4731092.72,Phone Banking,south zone,Rajasthan,Ramesh Yadav,Under Review,Interest Credit - Gold Loan - Apr 2011,0,301.05,Rs.4730791.67
TXN4161001,CUST68479,17-04-2011,Interest Credit,PRD0004,Gold Loan,4731092.72,Phone Banking,South Zone,West Bengal,Ramesh Yadav,Completed,Interest Credit - Gold Loan - Apr 2011,0,301.05,4730791.67
TXN8023179,CUST69566,09-03-2021,DEBIT,PRD0005,Education Loan,3246892.46,POS,North Zone,kerala,Priya Nair,Under Review,Debit - Education Loan - Feb 2025,584440.64,12.2,2662439.62
TXN1214333,CUST63095,14-Apr-16,EMI Payment,PRD0010,fixed deposit,1184691.73,INTERNET BANKING,Central Zone,Delhi,Rajesh Sharma,Reversed,EMI Payment - Fixed Deposit - Apr 2016,0,405.02,1184286.71
TXN1326433,CUST26547,01-03-2024,RTGS,PRD0001,Home Loan,Rs.1028205.4,atm,WEST ZONE,Madhya Pradesh,Amit Patel,Failed,RTGS - Home Loan - Aug 2019,0,45.59,2653885.6
TXN3772358,CUST79515,19-09-2025,Credit,PRD0004,GOLD LOAN,1975137.98,Mobile App,South Zone,Rajasthan,Rajesh Sharma,Failed,Credit - Gold Loan - Sep 2025,355524.84,391.75,1619221.39
TXN9856807,CUST82357,07-Nov-20,Transfer,PRD0017,Auto Loan,Rs.1877264.14,Branch,NORTH ZONE,Kerala,Meena Iyer,Reversed,Transfer - Auto Loan - Nov 2020,0,128.77,1877135.37
TXN4573872,CUST77394,19-04-2021,IMPS,PRD0011,Recurring Deposit,2427249.01,Mobile App,West Zone,haryana,Arun Mehta,Under Review,IMPS - Recurring Deposit - Apr 2021,0,179.38,2427069.63
TXN1786701,CUST61697,04-Jul-11,NEFT,PRD0002,Personal Loan,515820.18,ATM,EAST ZONE,ANDHRA PRADESH,Ramesh Yadav,Pending,NEFT - Personal Loan - Jul 2011,92847.63,493.84,422478.71
TXN5234257,CUST63095,21-06-2018,Interest Credit,PRD0014,OD Facility,338254.1,Branch,Central Zone,Madhya Pradesh,Sunita Rao,Under Review,Interest Credit - OD Facility - Jun 2018,60885.74,375.3,276993.06
TXN8736479,CUST47594,09-05-2023,Cash Withdrawal,PRD0013,Insurance,1962654.69,branch,West Zone,Gujarat,Meena Iyer,COMPLETED,Cash Withdrawal - Insurance - Sep 2011,353277.84,38.61,1609338.24
TXN1215913,CUST84379,10-06-2017,IMPS,PRD0009,Savings Account,2101708.76,Branch,West Zone,Kerala,rajesh sharma,Failed,IMPS - Savings Account - Jun 2017,378307.58,103.7,1723297.48
TXN4202635,CUST55224,13-06-2011,cash withdrawal,PRD0009,Savings Account,2059960.55,internet banking,South Zone,Punjab,Vijay Kumar,Under Review,Cash Withdrawal - Savings Account - Jun 2011,0,437,2059523.55
TXN6901180,CUST19743,13-12-2021,penalty charge,PRD0006,Business Loan,4123773.38,Branch,East Zone,Madhya Pradesh,Sunita Rao,Under Review,Penalty Charge - Business Loan - Dec 2021,742279.21,3.46,3381490.71
TXN9725553,CUST72285,03-06-2016,RTGS,PRD0017,Auto Loan,4362479.85,BRANCH,North Zone,Gujarat,Nitin Joshi,Reversed,RTGS - Auto Loan - Jun 2016,785246.37,432.78,3576800.7
TXN4432841,CUST27284,31-10-2015,Interest Credit,PRD0012,Mutual Fund,623412.28,BRANCH,Central Zone,Telangana,Sunita Rao,Pending,Interest Credit - Mutual Fund - Mar 2012,0,359.9,623052.38
TXN2856015,CUST63848,24-Jul-16,Debit,PRD0003,  Auto Loan,4286941.69,POS,East Zone,Andhra Pradesh,  Arun Mehta,Failed,Debit - Auto Loan - Jul 2016,771649.5,183.96,3515108.23
TXN1526759,CUST18694,19-09-2012,Cash Deposit,PRD0004,Gold Loan,Rs.1028205.4,Branch,North Zone,MAHARASHTRA,priya nair,Failed,Cash Deposit - Gold Loan - Sep 2012,0,299.97,745011.98
TXN5300924,CUST71952,11-12-2017,NEFT,PRD0010,Fixed Deposit,725756.08,Branch,WEST ZONE,Kerala,Deepa Krishnan,Failed,NEFT - Fixed Deposit - Sep 2021,0,465.09,725290.99
TXN3077883,CUST42487,10-07-2023,EMI Payment,PRD0009,Savings Account,2654626.47,  NEFT/RTGS,East Zone,Uttar Pradesh,Sunita Rao,Under Review,EMI Payment - Savings Account - Jul 2023,477832.76,367.99,2176425.72
TXN6612984,CUST24515,08-06-2015,NEFT,PRD0011,Recurring Deposit,2782575.21,pos,west zone,Odisha,  Rajesh Sharma,Failed,NEFT - Recurring Deposit - Aug 2015,0,213.47,2782361.74
TXN2868701,CUST58323,19-05-2024,imps,PRD0008,Credit Card,2623408.17,pos,East Zone,Delhi,Deepa Krishnan,Pending,IMPS - Credit Card - May 2024,472213.47,311.89,2150882.81
TXN8859136,CUST70036,28-11-2017,RTGS,PRD0002,Personal Loan,3272583.86,POS,West Zone,Uttar Pradesh,Amit Patel,Pending,RTGS - Personal Loan - Nov 2017,0,496.06,3272087.8
TXN7645093,CUST47416,12-05-2023,Interest Credit,PRD0011,recurring deposit,1435026.53,Phone Banking,east zone,PUNJAB,Rajesh Sharma,Failed,Interest Credit - Recurring Deposit - May 2023,0,232.19,1434794.34
TXN5614813,CUST99226,28-Nov-18,Penalty Charge,PRD0001,Home Loan,2959626.03,  Phone Banking,South Zone,West Bengal,Deepa Krishnan,Completed,Penalty Charge - Home Loan - Nov 2018,532732.69,433.04,2426460.3
TXN9753607,CUST65640,20-May-25,UPI,PRD0008,  Credit Card,4566090.29,Mobile App,WEST ZONE,Odisha,Meena Iyer,Failed,UPI - Credit Card - May 2025,821896.25,181.14,3744012.9
TXN9586980,CUST98208,03-Mar-18,loan disbursal,PRD0007,Loan Against Property,4477565.15,PHONE BANKING,CENTRAL ZONE,Karnataka,Kavitha Subramanian,Reversed,Loan Disbursal - Loan Against Property - Mar 2018,805961.73,Rs.490.23,3671113.19
TXN7680849,CUST43315,12-06-2018,Interest Credit,PRD0003,  Auto Loan,Rs.1604688.9,NEFT/RTGS,South Zone,Delhi,ARUN MEHTA,Failed,Interest Credit - Savings Account - Jun 2018,288844,251.45,1315593.45
TXN2374237,CUST69198,27-01-2013,Cash Withdrawal,PRD0012,Mutual Fund,525144.81,Mobile App,South Zone,TAMIL NADU,Nitin Joshi,Pending,Cash Withdrawal - Mutual Fund - Jan 2013,0,273.12,524871.69
TXN7994080,CUST22695,25-05-2023,Debit,PRD0001,Home Loan,4499950.29,Mobile App,WEST ZONE,Maharashtra,KAVITHA SUBRAMANIAN,Failed,Debit - Home Loan - May 2023,0,356.06,Rs.4499594.23
TXN9867773,CUST19432,07-07-2013,IMPS,PRD0009,Savings Account,1842880.63,POS,CENTRAL ZONE,Odisha,deepa krishnan,Reversed,Loan Disbursal - Savings Account - Jul 2013,0,Rs.348.68,1842531.95
TXN7512150,CUST91167,28-06-2025,RTGS,PRD0012,Mutual Fund,876168.38,Branch,East Zone,West Bengal,rajesh sharma,SUCCESS,RTGS - Mutual Fund - May 2017,157710.31,212.17,718245.9
TXN1300582,CUST31534,18-04-2018,Transfer,PRD0012,Mutual Fund,1307234.22,ATM,west zone,Odisha,Sunita Rao,Completed,Transfer - Mutual Fund - Jun 2014,235302.16,81.19,1071850.87
TXN8510150,CUST16113,26-06-2015,RTGS,PRD0005,Education Loan,787598.23,ATM,West Zone,Maharashtra,vijay kumar,COMPLETED,RTGS - Education Loan - Jun 2015,141767.68,310.86,645519.69
TXN3303318,CUST24316,18-10-2025,Transfer,PRD0007,Loan Against Property,248348.84,ATM,Central Zone,  Uttar Pradesh,DEEPA KRISHNAN,Failed,Transfer - Loan Against Property - Oct 2025,44702.79,330.38,203315.67
TXN4502979,CUST38885,15-03-2022,EMI Payment,PRD0003,  Auto Loan,3568061.51,Internet Banking,West Zone,Uttar Pradesh,  Rajesh Sharma,Pending,EMI Payment - Home Loan - Mar 2022,642251.07,330.5,2925479.94
TXN1139214,CUST64651,04-Mar-17,INTEREST CREDIT,PRD0005,Education Loan,2825952.08,  POS,west zone,  Kerala,Amit Patel,Failed,Interest Credit - Education Loan - Mar 2017,508671.37,192.13,2317088.58
TXN6964917,CUST63197,06-08-2021,IMPS,PRD0002,Personal Loan,2790074.07,POS,East Zone,Andhra Pradesh,MOHAN DAS,Reversed,IMPS - Personal Loan - Jun 2021,502213.33,484.35,2287376.39
TXN6504658,CUST27495,23-05-2013,LOAN DISBURSAL,PRD0005,Education Loan,2665463.81,Mobile App,South Zone,WEST BENGAL,  Mohan Das,Failed,Loan Disbursal - Education Loan - May 2013,479783.49,291.83,2185388.49
TXN2700936,CUST27495,10-06-2025,Loan Disbursal,PRD0005,Education Loan,2665463.81,Mobile App,South Zone,West Bengal,Mohan Das,Completed,Loan Disbursal - Education Loan - May 2013,479783.49,291.83,2185388.49
TXN1220971,CUST64304,23-10-2011,Credit,PRD0010,Fixed Deposit,2309622.26,Internet Banking,North Zone,Uttar Pradesh,mohan das,Reversed,Credit - Fixed Deposit - Oct 2011,0,411.36,2309210.9
TXN7151083,CUST37110,23-03-2025,EMI Payment,PRD0006,BUSINESS LOAN,385839.57,Internet Banking,Central Zone,Telangana,SUNITA RAO,Under Review,EMI Payment - Business Loan - Dec 2015,0,0,385414.56
TXN2674345,CUST30207,08-01-2024,Penalty Charge,PRD0011,Recurring Deposit,3793090.3,pos,South Zone,Odisha,Amit Patel,Pending,Penalty Charge - Recurring Deposit - Jan 2024,682756.25,188.94,3110145.11
TXN7574880,CUST23751,07-10-2012,Cash Deposit,PRD0001,Home Loan,2674046.44,  ATM,West Zone,Madhya Pradesh,Rajesh Sharma,Pending,Penalty Charge - Home Loan - Oct 2012,481328.36,383.68,2192334.4
TXN4538068,CUST31750,09-03-2021,Transfer,PRD0011,Recurring Deposit,971720.33,Mobile App,North Zone,Tamil Nadu,ARUN MEHTA,Failed,Transfer - Recurring Deposit - Sep 2022,174909.66,102.55,796708.12
TXN7140458,CUST93454,20-03-2022,CASH WITHDRAWAL,PRD0009,Savings Account,4392283.43,Branch,South Zone,Haryana,Deepa Krishnan,completed,Cash Withdrawal - Savings Account - Apr 2011,0,446.79,4391836.64
TXN5333835,CUST13492,20-03-2013,neft,PRD0002,Personal Loan,4429377.8,NEFT/RTGS,East Zone,Uttar Pradesh,Ramesh Yadav,Completed,NEFT - Personal Loan - Mar 2013,797288,5.39,3632084.41
TXN5326305,CUST39109,06-09-2015,Credit,PRD0009,Savings Account,1538923.66,pos,SOUTH ZONE,madhya pradesh,DIVYA DAS,Reversed,Credit - Savings Account - Jun 2015,277006.26,106.58,1261810.82
TXN6481724,CUST40516,10-03-2011,upi,PRD0006,Business Loan,751333.95,ATM,Central Zone,Madhya Pradesh,Aditya Das,Failed,Interest Credit - Business Loan - Mar 2020,135240.11,0,616016.18
TXN8179224,CUST58931,22-02-2020,UPI,PRD0002,PERSONAL LOAN,911629.81,POS,EAST ZONE,Andhra Pradesh,Kavitha Subramanian,Pending,UPI - Personal Loan - Feb 2020,164093.37,479.74,747056.7
TXN2813650,CUST25572,11-12-2017,Cash Withdrawal,PRD0005,education loan,841217.15,Mobile App,west zone,KARNATAKA,Arun Mehta,Under Review,Cash Withdrawal - Education Loan - Sep 2010,0,279.18,840937.97
TXN1268714,CUST69921,16-10-2023,Loan Disbursal,PRD0006,Business Loan,717618.84,Internet Banking,Central Zone,Delhi,Amit Patel,Reversed,Loan Disbursal - Business Loan - Oct 2023,129171.39,233.61,588213.84
TXN5467547,CUST15965,20-04-2015,Cash Withdrawal,PRD0005,Education Loan,1132602.12,POS,  North Zone,Andhra Pradesh,Sunita Rao,Pending,Cash Withdrawal - Education Loan - Apr 2015,0,402.46,1132199.66
TXN3948727,CUST97151,11-12-2019,NEFT,PRD0002,Personal Loan,451562.5,  NEFT/RTGS,East Zone,Rajasthan,Vijay Kumar,Reversed,NEFT - Personal Loan - Nov 2019,81281.25,380.24,369901.01
TXN5234158,CUST74724,31-Oct-18,Transfer,PRD0010,Fixed Deposit,1367115.04,Phone Banking,West Zone,West Bengal,Ramesh Yadav,Reversed,Transfer - Fixed Deposit - Oct 2018,Rs.246080.71,70.3,1120964.03
TXN3915123,CUST42955,01-01-2025,Transfer,PRD0002,Personal Loan,3316464.48,NEFT/RTGS,Central Zone,maharashtra,Ramesh Yadav,Reversed,Transfer - Personal Loan - Jan 2013,0,305.9,2719194.97
TXN7466328,CUST19432,17-Mar-21,UPI,PRD0017,Auto Loan,3571977.98,  Branch,Central Zone,Maharashtra,rajesh sharma,Reversed,UPI - Auto Loan - Mar 2021,0,0,3571500.87
TXN5264620,CUST86397,05-07-2019,  Loan Disbursal,PRD0005,Education Loan,676506.71,Mobile App,North Zone,odisha,Kavitha Subramanian,Under Review,Loan Disbursal - Education Loan - Jul 2019,121771.21,209.67,554525.83
TXN2139022,CUST34673,20-03-2016,CASH WITHDRAWAL,PRD0005,education loan,1285565.72,Internet Banking,West Zone,Madhya Pradesh,Deepa Krishnan,Failed,Cash Withdrawal - Education Loan - Mar 2016,231401.83,430.55,1053733.34
TXN1202422,CUST65236,12-11-2023,Cash Withdrawal,PRD0012,mutual fund,3897955.69,Mobile App,West Zone,Haryana,Priya Nair,Under Review,Cash Withdrawal - Mutual Fund - Dec 2023,0,355.91,3897599.78
TXN4920562,CUST51151,01-07-2013,Loan Disbursal,PRD0008,Credit Card,3579827.61,Internet Banking,WEST ZONE,Kerala,amit patel,SUCCESS,Loan Disbursal - Credit Card - Jul 2013,644368.97,91.4,2935367.24
TXN4500963,CUST94489,30-04-2018,emi payment,PRD0012,Mutual Fund,1250375,Internet Banking,West Zone,TELANGANA,Lalita Devi,Reversed,EMI Payment - Mutual Fund - Dec 2014,225067.5,51.42,Rs.1025256.08
TXN8082172,CUST21546,17-10-2014,Credit,PRD0007,Loan Against Property,2973658.1,POS,East Zone,Telangana,Arun Mehta,Reversed,Credit - Loan Against Property - Oct 2014,535258.46,78.63,2438321.01
TXN6136569,CUST42925,14-06-2016,UPI,PRD0002,Personal Loan,856347.18,Branch,North Zone,Madhya Pradesh,Lalita Devi,Under Review,UPI - Personal Loan - Jun 2016,0,114.86,856232.32
TXN8976884,CUST36976,11-12-2017,LOAN DISBURSAL,PRD0005,Education Loan,2477981.36,Branch,north zone,Uttar Pradesh,Mohan Das,Under Review,Loan Disbursal - Education Loan - May 2010,446036.64,182.76,2031761.96
TXN4793035,CUST79185,13-05-2024,EMI Payment,PRD0017,Auto Loan,4223488.15,  Phone Banking,South Zone,  Maharashtra,Rajesh Sharma,Reversed,EMI Payment - Auto Loan - May 2024,0,376.04,4223112.11
TXN9614587,CUST21108,25-Apr-19,EMI Payment,PRD0004,gold loan,Rs.1028205.4,NEFT/RTGS,North Zone,Rajasthan,deepa krishnan,Pending,EMI Payment - Gold Loan - Apr 2019,0,338.16,4842202.37
TXN9847359,CUST96462,23-09-2020,Cash Withdrawal,PRD0007,Loan Against Property,4169851.25,PHONE BANKING,  West Zone,Maharashtra,ramesh yadav,Under Review,Cash Withdrawal - Loan Against Property - Sep 2020,750573.22,290.57,3418987.46
TXN9108914,CUST76829,22-07-2021,  EMI Payment,PRD0014,OD Facility,1903129.88,internet banking,CENTRAL ZONE,Rajasthan,  Priya Nair,Under Review,EMI Payment - OD Facility - Jul 2021,0,312.01,1902817.87
TXN3514700,CUST37021,06-03-2012,Debit,PRD0007,Loan Against Property,138166.31,PHONE BANKING,west zone,Gujarat,Rajesh Sharma,Under Review,Debit - Loan Against Property - Nov 2012,0,0,137733.09
TXN2426328,CUST67534,03-04-2024,IMPS,PRD0004,Gold Loan,2512943.78,branch,West Zone,Maharashtra,Anita Bose,Pending,IMPS - Gold Loan - Mar 2024,452329.88,279.18,2060334.72
TXN5557867,CUST30732,01-02-2018,IMPS,PRD0009,Savings Account,3607662.14,POS,North Zone,Karnataka,Sanjay Gupta,Under Review,NEFT - Savings Account - Mar 2025,649379.19,0,2958268.85
TXN8707852,CUST94489,30-04-2018,IMPS,PRD0017,AUTO LOAN,6455.62,NEFT/RTGS,Central Zone,west bengal,sunita rao,Failed,IMPS - Auto Loan - Nov 2020,1162.01,291.66,5001.95
TXN6478192,CUST76935,01-02-2018,Penalty Charge,PRD0009,Savings Account,862265.58,ATM,WEST ZONE,Tamil Nadu,Deepa Krishnan,Pending,Penalty Charge - Savings Account - Jun 2019,0,468.55,706589.23
TXN3025820,CUST97304,09-03-2023,NEFT,PRD0011,RECURRING DEPOSIT,3355826.63,Mobile App,West Zone,MAHARASHTRA,Amit Patel,Completed,NEFT - Recurring Deposit - Mar 2023,0,0,3355360.56
TXN4731159,CUST68479,09-08-2019,Penalty Charge,PRD0009,Savings Account,2141345.82,Internet Banking,West Zone,DELHI,Ramesh Yadav,Under Review,Penalty Charge - Savings Account - Oct 2011,385442.25,124.44,1755779.13
TXN9028854,CUST24367,22-11-2020,Debit,PRD0017,Auto Loan,3222545.82,Internet Banking,Central Zone,Haryana,Amit Patel,Completed,Debit - Auto Loan - Sep 2021,0,410.65,3222135.17
TXN7246971,CUST24367,28-09-2021,Debit,PRD0017,Auto Loan,3222545.82,Internet Banking,Central Zone,Haryana,Amit Patel,Completed,Debit - Auto Loan - Sep 2021,0,410.65,3222135.17
TXN9437406,CUST27705,04-05-2019,Transfer,PRD0012,Mutual Fund,3044765.37,Phone Banking,East Zone,Karnataka,Rajesh Sharma,failed,Transfer - Mutual Fund - Apr 2019,548057.77,165.68,2496541.92
TXN8289889,CUST23614,12-12-2024,  Loan Disbursal,PRD0014,OD Facility,589063.07,  ATM,  East Zone,Haryana,Amit Patel,Under Review,Loan Disbursal - OD Facility - Dec 2024,0,118.41,588944.66
TXN8119873,CUST90135,15-11-2012,Loan Disbursal,PRD0005,Education Loan,2144659.76,Internet Banking,  East Zone,Haryana,Amit Patel,Reversed,Transfer - Education Loan - Nov 2012,Rs.0,Rs.65.15,2144594.61
TXN5242139,CUST83566,26-08-2014,UPI,PRD0005,Education Loan,1526419.39,ATM,East Zone,Tamil Nadu,Mohan Das,Reversed,UPI - Education Loan - Aug 2014,0,423.51,1525995.88
TXN7311425,CUST12048,27-09-2021,Penalty Charge,PRD0010,FIXED DEPOSIT,1685692.31,pos,North Zone,Tamil Nadu,Ramesh Yadav,Pending,Penalty Charge - Fixed Deposit - Sep 2021,303424.62,102.19,1382165.5
TXN8520492,CUST89405,09-04-2016,UPI,PRD0013,Insurance,2212026.78,INTERNET BANKING,East Zone,Haryana,Vijay Kumar,Under Review,UPI - Insurance - Apr 2016,398164.82,203.08,Rs.1813658.88
TXN9011313,CUST53813,31-07-2018,RTGS,PRD0066,  Fixed Deposit,4201514.29,  ATM,Central Zone,Rajasthan,Meena Iyer,Pending,RTGS - Fixed Deposit - Jul 2018,0,67.48,4201446.81
TXN7326095,CUST21108,26-06-2024,NEFT,PRD0006,Business Loan,2632175.62,NEFT/RTGS,East Zone,  Madhya Pradesh,PRIYA NAIR,Completed,NEFT - Business Loan - Nov 2010,473791.61,39.35,2158344.66
TXN3474890,CUST81657,03-04-2011,Penalty Charge,PRD0003,  Auto Loan,2606692,Internet Banking,North Zone,maharashtra,lalita devi,Reversed,Penalty Charge - Auto Loan - Mar 2011,0,174.79,2606517.21
TXN8959529,CUST50888,02-08-2022,EMI Payment,PRD0014,OD Facility,4089752.51,NEFT/RTGS,south zone,Punjab,Rajesh Sharma,Completed,EMI Payment - OD Facility - Aug 2022,736155.45,49.55,3353547.51
TXN1501224,CUST80593,07-01-2019,Interest Credit,PRD0001,home loan,4423307.34,Branch,WEST ZONE,Kerala,Arun Mehta,Failed,Interest Credit - Home Loan - Apr 2014,796195.32,236.64,3626875.38
TXN1755765,CUST39933,28-Dec-19,UPI,PRD0008,CREDIT CARD,3289700.25,Branch,West Zone,Odisha,Kavitha Subramanian,Pending,UPI - Credit Card - Dec 2019,0,205.41,3289494.84
TXN8490624,CUST17355,11-Feb-11,Credit,PRD0014,OD Facility,2976621.91,pos,South Zone,Gujarat,vijay kumar,SUCCESS,Credit - OD Facility - Feb 2011,0,55.08,2976566.83
TXN9010017,CUST49363,06-02-2016,DEBIT,PRD0005,Education Loan,464183.51,Phone Banking,South Zone,punjab,Nitin Joshi,Under Review,Debit - Education Loan - Mar 2023,83553.03,371.08,380259.4
TXN7346544,CUST68554,07-11-2025,imps,PRD0001,Home Loan,2170089.59,ATM,North Zone,Madhya Pradesh,Lalita Devi,Failed,IMPS - Home Loan - Jul 2025,0,478.2,1778995.26
TXN8922879,CUST32746,29-05-2022,Interest Credit,PRD0014,OD Facility,4769866.73,Branch,  South Zone,Madhya Pradesh,Kavitha Subramanian,Completed,Interest Credit - OD Facility - May 2022,858576.01,104.87,3911185.85
TXN3295600,CUST60342,29-02-2020,IMPS,PRD0005,Education Loan,3711448.91,ATM,West Zone,Gujarat,Kavitha Subramanian,Pending,IMPS - Education Loan - Apr 2016,0,367.39,3711448.91
TXN5581132,CUST84912,22-10-2022,Penalty Charge,PRD0008,Credit Card,1615915.54,Mobile App,  South Zone,Odisha,Vijay Kumar,Failed,Penalty Charge - Credit Card - Mar 2013,0,30.03,1615885.51
TXN8648152,CUST85631,30-11-2024,Cash Deposit,PRD0004,  Gold Loan,2548885.96,NEFT/RTGS,South Zone,Madhya Pradesh,Ramesh Yadav,Completed,Cash Deposit - Gold Loan - Nov 2024,458799.47,168.66,2089917.83
TXN7657291,CUST36013,23-Mar-17,upi,PRD0014,OD Facility,2139936.43,POS,South Zone,Maharashtra,Kavitha Subramanian,Pending,UPI - OD Facility - Mar 2017,385188.56,346.65,2139936.43
TXN9281313,CUST90863,30-Apr-23,EMI Payment,PRD0005,Education Loan,610046.47,  ATM,Central Zone,Madhya Pradesh,vijay kumar,Under Review,EMI Payment - Education Loan - Apr 2023,109808.36,354.67,499883.44
TXN8179494,CUST74219,22-Dec-21,Interest Credit,PRD0007,Loan Against Property,525851.54,  ATM,North Zone,UTTAR PRADESH,Anita Bose,completed,Interest Credit - Loan Against Property - Dec 2021,0,425.11,525426.43
TXN2034863,CUST38110,05-05-2012,RTGS,PRD0017,Auto Loan,4569873.6,NEFT/RTGS,West Zone,Maharashtra,Kavitha Subramanian,Completed,RTGS - Auto Loan - May 2012,822577.25,274.61,3747021.74
TXN6512054,CUST21053,03-01-2010,Cash Deposit,PRD0007,  Loan Against Property,4528529.94,PHONE BANKING,Central Zone,Kerala,Amit Patel,Pending,Cash Deposit - Loan Against Property - Jan 2010,0,190.57,4528339.37
TXN2621467,CUST38885,25-01-2021,IMPS,PRD0013,insurance,128074.32,Mobile App,West Zone,karnataka,Sunita Rao,Under Review,IMPS - Insurance - Jan 2021,23053.38,235.06,104785.88
TXN9977239,CUST21546,06-12-2013,debit,PRD0009,Savings Account,4880389.83,phone banking,North Zone,Delhi,LALITA DEVI,Under Review,Debit - Savings Account - Jun 2013,878470.17,217.09,4001702.57
TXN7608995,CUST69198,01-Apr-14,  Transfer,PRD0014,OD Facility,2143552.74,Phone Banking,Central Zone,Delhi,sunita rao,Failed,Transfer - OD Facility - Apr 2014,385839.49,314.1,1757399.15
TXN1776326,CUST11209,27-04-2014,Interest Credit,PRD0001,Home Loan,866948.46,NEFT/RTGS,South Zone,Maharashtra,Ramesh Yadav,Reversed,Interest Credit - Home Loan - Apr 2014,156050.72,471.17,710426.57
TXN2383381,CUST31534,19-09-2019,Cash Deposit,PRD0013,Insurance,4207154.84,ATM,West Zone,tamil nadu,Meena Iyer,Pending ,Cash Deposit - Insurance - Sep 2019,757287.87,447.08,3449419.89
TXN4557007,CUST36911,16-06-2025,Cash Withdrawal,PRD0007,Loan Against Property,Rs.3264170.57,Phone Banking,South Zone,Maharashtra,Arun Mehta,Completed,Cash Withdrawal - Loan Against Property - Jun 2025,0,426.98,3263743.59
TXN4429578,CUST96752,17-02-2011,IMPS,PRD0009,Savings Account,405442.84,phone banking,  West Zone,Uttar Pradesh,  Priya Nair,Completed,IMPS - Savings Account - Feb 2011,Rs.0,439.06,405442.84
TXN7744384,CUST38885,27-Sep-22,debit,PRD0013,Insurance,3164733.46,ATM,North Zone,Telangana,Vijay Kumar,Under Review,Debit - Insurance - Sep 2022,0,367.26,3164366.2
TXN9494177,CUST53420,16-05-2017,Penalty Charge,PRD0009,Savings Account,121470.15,PHONE BANKING,North Zone,Andhra Pradesh,SANJAY GUPTA,Failed,Penalty Charge - Savings Account - May 2017,0,489.37,120980.78
TXN7714874,CUST98208,16-10-2023,Loan Disbursal,PRD0003,  Auto Loan,4325591.92,Branch,East Zone,Karnataka,Anita Bose,Failed,Loan Disbursal - Home Loan - Oct 2023,778606.55,396.71,3546588.66
TXN9962159,CUST38748,06-02-2016,Penalty Charge,PRD0010,Fixed Deposit,2260424.1,Internet Banking,East Zone,Delhi,Deepa Krishnan,Under Review,Penalty Charge - Fixed Deposit - Feb 2016,406876.34,300.75,1853247.01
TXN6749023,CUST89761,22-01-2019,Cash Deposit,PRD0009,Savings Account,Rs.2774200.1,Mobile App,West Zone,Kerala,Priya Nair,failed,Cash Deposit - Savings Account - Jan 2019,0,72.74,2274771.34
TXN1909824,CUST16113,02-03-2014,IMPS,PRD0014,OD Facility,2348626.34,ATM,CENTRAL ZONE,Haryana,  Meena Iyer,Pending,IMPS - OD Facility - Mar 2014,422752.74,0,1925865.02
TXN2771322,CUST26144,08-12-2021,RTGS,PRD0014,  OD Facility,3229626.92,NEFT/RTGS,East Zone,Uttar Pradesh,Mohan Das,failed,RTGS - OD Facility - Dec 2021,581332.85,406.89,2647887.18
TXN1529266,CUST26144,08-12-2021,RTGS,PRD0014,OD Facility,3229626.92,NEFT/RTGS,East Zone,Uttar Pradesh,Mohan Das,Completed,RTGS - OD Facility - Dec 2021,581332.85,406.89,2647887.18
TXN2860860,CUST30517,02-Jul-14,IMPS,PRD0009,Savings Account,3144843.39,Internet Banking,West Zone,RAJASTHAN,Amit Patel,Completed,Cash Deposit - Savings Account - Jul 2014,0,442.49,3144400.9
TXN4213244,CUST36518,22-09-2018,Loan Disbursal,PRD0013,insurance,Rs.2496621.45,Branch,central zone,Rajasthan,Kavitha Subramanian,Failed,Loan Disbursal - Insurance - Sep 2018,449391.86,431.69,2046797.9
TXN5320526,CUST72285,21-10-2019,penalty charge,PRD0012,Mutual Fund,4657717.35,  Branch,West Zone,Andhra Pradesh,Kavitha Subramanian,completed,Penalty Charge - Mutual Fund - Oct 2019,838389.12,184.06,3819144.17
TXN5407037,CUST80675,10-11-2010,Interest Credit,PRD0011,Recurring Deposit,2145927.42,branch,West Zone,KERALA,rajesh sharma,Pending,Interest Credit - Recurring Deposit - Oct 2010,0,206.42,2145721
TXN8567575,CUST86099,08-10-2010,NEFT,PRD0007,  Loan Against Property,2740792.28,neft/rtgs,  South Zone,Maharashtra,AMIT PATEL,Under Review,NEFT - Loan Against Property - Oct 2010,0,306.76,2740485.52
TXN1757446,CUST67065,13-02-2014,Transfer,PRD0013,Insurance,3762302.93,MOBILE APP,West Zone,Uttar Pradesh,MOHAN DAS,Failed,Transfer - Insurance - Feb 2014,677214.53,252.55,3084835.85
TXN2310325,CUST97304,26-11-2017,Loan Disbursal,PRD0007,loan against property,Rs.615244.38,ATM,  South Zone,Haryana,  Kavitha Subramanian,Pending,Loan Disbursal - Loan Against Property - Nov 2017,110743.99,254.27,504246.12
TXN9028177,CUST27865,14-04-2024,Loan Disbursal,PRD0017,auto loan,Rs.1962559.33,Branch,East Zone,Rajasthan,  Vijay Kumar,Failed,Loan Disbursal - Auto Loan - Apr 2024,353260.68,341.36,Rs.1962559.33
TXN2536376,CUST73505,30-12-2012,Cash Deposit,PRD0011,Recurring Deposit,4885704.63,POS,West Zone,kerala,ramesh yadav,Failed,Cash Deposit - Recurring Deposit - Sep 2014,879426.83,476.67,4005801.13
TXN9052841,CUST62989,27-09-2017,  Cash Withdrawal,PRD0001,Home Loan,1595075.99,POS,West Zone,Kerala,MOHAN DAS,Failed,Cash Withdrawal - Home Loan - Sep 2017,287113.68,478.81,1595075.99
TXN2320631,CUST86273,08-Jun-24,Interest Credit,PRD0004,Gold Loan,4645400.58,NEFT/RTGS,central zone,Punjab,ARUN MEHTA,Failed,Interest Credit - Gold Loan - Jun 2024,836172.1,224.04,4645400.58
TXN8603022,CUST57131,19-07-2011,Debit,PRD0004,GOLD LOAN,3601970.46,ATM,South Zone,HARYANA,Arun Mehta,Failed,Debit - Gold Loan - Jul 2011,648354.68,335.33,2953280.45
TXN4190737,CUST84107,30-08-2011,Cash Deposit,PRD0008,CREDIT CARD,509343.56,  Branch,CENTRAL ZONE,Uttar Pradesh,Priya Nair,Failed,Cash Deposit - Credit Card - Aug 2011,0,300.71,509042.85
TXN5266690,CUST66349,12-10-2017,Transfer,PRD0008,Credit Card,4039920.03,NEFT/RTGS,east zone,Kerala,Arun Mehta,Failed,Transfer - Credit Card - Oct 2017,727185.61,294.83,3312439.59
TXN4755867,CUST30016,29-08-2025,NEFT,PRD0011,RECURRING DEPOSIT,2861903.93,Internet Banking,West Zone,Punjab,Sanjay Gupta,Reversed,NEFT - Recurring Deposit - Aug 2025,515142.71,114.06,2346647.16
TXN8557194,CUST21108,09-05-2011,EMI Payment,PRD0001,HOME LOAN,Rs.1028205.4,Branch,East Zone,  Karnataka,Kavitha Subramanian,Failed,EMI Payment - Home Loan - May 2011,899929.75,0,4099352.96
TXN8434752,CUST30152,17-Dec-10,Penalty Charge,PRD0007,Loan Against Property,3272828.27,Mobile App,North Zone,West Bengal,ramesh yadav,Reversed,Penalty Charge - Loan Against Property - Dec 2010,589109.09,412.67,2683306.51
TXN3745699,CUST95403,11-Sep-20,EMI Payment,PRD0010,Fixed Deposit,3715831.85,Phone Banking,East Zone,delhi,Mohan Das,Completed,EMI Payment - Fixed Deposit - Sep 2020,668849.73,74.06,3046908.06
TXN8863300,CUST34673,11-12-2024,NEFT,PRD0014,OD FACILITY,Rs.1028205.4,POS,South Zone,Kerala,Lalita Devi,COMPLETED,NEFT - OD Facility - Dec 2024,827388.02,54.23,3769157.85
TXN2677482,CUST21728,06-Jul-12,Transfer,PRD0010,FIXED DEPOSIT,2510195.03,Mobile App,West Zone,Tamil Nadu,Kavitha Subramanian,Completed,Transfer - Fixed Deposit - Jul 2012,0,415.1,2510195.03
TXN8207388,CUST11052,10-11-2017,EMI Payment,PRD0010,Fixed Deposit,4464373.68,Branch,East Zone,Punjab,Ramesh Yadav,Under Review,EMI Payment - Fixed Deposit - Nov 2017,803587.26,202.02,3660584.4
TXN3667492,CUST43315,11-10-2010,Cash Withdrawal,PRD0010,Fixed Deposit,4919894.25,  ATM,EAST ZONE,GUJARAT,  Deepa Krishnan,Reversed,Cash Withdrawal - Fixed Deposit - Oct 2018,885580.96,454.2,4033859.09
TXN3217941,CUST51151,23-01-2017,Debit,PRD0012,Mutual Fund,883227.99,neft/rtgs,Central Zone,Odisha,Anita Bose,Failed,Debit - Mutual Fund - Jan 2017,Rs.158981.04,164.85,724082.1
TXN8445749,CUST43330,19-09-2015,Credit,PRD0003,  Auto Loan,4767406.46,Branch,Central Zone,Uttar Pradesh,Meena Iyer,Failed,Credit - Mutual Fund - Sep 2022,858133.16,230.82,3909042.48
TXN8375134,CUST66371,24-Aug-19,IMPS,PRD0001,Home Loan,2711560.06,  Mobile App,WEST ZONE,Andhra Pradesh,Rajesh Sharma,Failed,IMPS - Home Loan - Aug 2019,488080.81,250.75,2223228.5
TXN2377797,CUST68554,07-01-2019,UPI,PRD0006,  Business Loan,4427567.56,Internet Banking,east zone,Gujarat,Divya Reddy,Pending,UPI - Business Loan - Jul 2025,0,411.7,4427155.86
TXN2043090,CUST96363,31-07-2016,Debit,PRD0005,Education Loan,3489561.11,NEFT/RTGS,West Zone,Delhi,  Vijay Kumar,Pending,Debit - Education Loan - May 2020,628121,65.82,2861374.29
TXN2237652,CUST10820,04-04-2021,Loan Disbursal,PRD0009,Savings Account,4256475.15,POS,Central Zone,Odisha,Mohan Das,Failed,Loan Disbursal - Savings Account - Apr 2021,766165.53,0.86,3490308.76
TXN9662241,CUST25162,26-04-2021,Interest Credit,PRD0010,Fixed Deposit,4854703.65,Phone Banking,West Zone,Delhi,Rajesh Sharma,completed,Interest Credit - Fixed Deposit - Apr 2021,873846.66,147.64,3980709.35
TXN8825523,CUST84838,01-02-2012,Cash Withdrawal,PRD0005,education loan,3206412.96,Branch,Central Zone,Punjab,Sunita Patel,Failed,Cash Withdrawal - Education Loan - Dec 2020,0,226.78,3206186.18
TXN3329065,CUST87912,08-08-2018,Interest Credit,PRD0004,Gold Loan,845220.74,Phone Banking,  South Zone,Punjab,Amit Patel,Pending,Interest Credit - Gold Loan - Aug 2018,152139.73,348.73,692732.28
TXN4342099,CUST49708,23-Aug-19,IMPS,PRD0006,Business Loan,1292522.41,Internet Banking,west zone,kerala,Anita Bose,Under Review,IMPS - Business Loan - Aug 2019,232654.03,194.66,1059673.72
TXN9590131,CUST95235,01-08-2022,EMI Payment,PRD0005,Education Loan,4991793.94,Mobile App,south zone,Uttar Pradesh,Deepa Krishnan,Reversed,EMI Payment - Education Loan - Aug 2022,0,437.39,4991356.55
TXN6081892,CUST72394,18-03-2012,NEFT,PRD0011,Recurring Deposit,165913.17,POS,  West Zone,Tamil Nadu,Arun Mehta,Completed,NEFT - Recurring Deposit - Nov 2019,0,24.49,165888.68
TXN3504163,CUST14555,03-06-2024,NEFT,PRD0010,fixed deposit,4855793.57,Phone Banking,South Zone,Odisha,Priya Nair,Reversed,NEFT - Fixed Deposit - Apr 2016,874042.84,430.16,3981320.57
TXN4941966,CUST81732,18-11-2023,Penalty Charge,PRD0003,  Auto Loan,4867201.8,  ATM,South Zone,Telangana,LALITA DEVI,Pending,Penalty Charge - Loan Against Property - Nov 2023,876096.32,0,3990619.45
TXN6877848,CUST81657,13-Jun-15,IMPS,PRD0002,personal loan,4980886.41,  ATM,SOUTH ZONE,Delhi,Deepa Krishnan,Failed,IMPS - Personal Loan - Jun 2015,896559.55,183.5,4084143.36
TXN2626560,CUST78679,10-12-2023,NEFT,PRD0004,  Gold Loan,Rs.3481921.99,ATM,Central Zone,Andhra Pradesh,Ramesh Yadav,Failed,NEFT - Gold Loan - Dec 2023,626745.96,388.75,Rs.2854787.28
TXN3585409,CUST57294,18-04-2018,debit,PRD0004,GOLD LOAN,4389194.11,atm,Central Zone,ODISHA,KAVITHA SUBRAMANIAN,Completed,Debit - Gold Loan - Jul 2019,790054.94,120.84,3599018.33
TXN5457224,CUST11209,30-Apr-16,Penalty Charge,PRD0013,Insurance,2105618.26,BRANCH,North Zone,MAHARASHTRA,Arun Mehta,Pending,Penalty Charge - Insurance - Apr 2016,0,346.34,2105271.92
TXN6523278,CUST65518,17-11-2024,RTGS,PRD0004,  Gold Loan,3949629.21,ATM,Central Zone,Tamil Nadu,Anita Bose,Completed,RTGS - Gold Loan - Nov 2024,710933.26,486.26,3238209.69
TXN5937109,CUST26187,05-Aug-19,RTGS,PRD0010,Fixed Deposit,3010034.95,BRANCH,West Zone,  Telangana,Lalita Devi,Under Review,RTGS - Fixed Deposit - Aug 2019,541806.29,370.7,2467857.96
TXN3234528,CUST40062,10-09-2011,NEFT,PRD0003,  Auto Loan,2529598.71,ATM,NORTH ZONE,Maharashtra,Mohan Das,Pending,NEFT - Loan Against Property - May 2016,455327.77,196.37,2074074.57
TXN2781707,CUST42955,11-12-2017,RTGS,PRD0017,Auto Loan,3559703.42,ATM,Central Zone,Maharashtra,Ananya Patel,Reversed,RTGS - Auto Loan - Nov 2017,640746.62,4.51,2918952.29
TXN7406381,CUST17179,22-11-2020,Interest Credit,PRD0003,  Auto Loan,1837842.26,POS,North Zone,HARYANA,Anita Bose,Reversed,Credit - Insurance - Jul 2018,0,325.72,1837516.54
TXN7611478,CUST89954,03-09-2011,Loan Disbursal,PRD0010,Fixed Deposit,1317337.21,ATM,North Zone,Gujarat,Nitin Joshi,Reversed,Loan Disbursal - Fixed Deposit - Sep 2011,237120.7,208.94,1080007.57
TXN4198429,CUST85631,18-11-2024,IMPS,PRD0008,credit card,3382306.18,INTERNET BANKING,South Zone,Telangana,Vijay Kumar,Under Review,IMPS - Credit Card - Nov 2024,0,145.37,3382160.81
TXN4496353,CUST61964,09-04-2019,RTGS,PRD0012,mutual fund,2870398.84,Mobile App,South Zone,Karnataka,Vijay Kumar,Pending,RTGS - Mutual Fund - Sep 2021,0,69.21,2870329.63
TXN6798893,CUST62797,07-04-2020,UPI,PRD0011,Recurring Deposit,1826402.88,branch,East Zone,Haryana,Meena Iyer,Reversed,UPI - Recurring Deposit - Apr 2020,328752.52,362.76,1497287.6
TXN9543138,CUST74724,10-09-2011,UPI,PRD0014,OD Facility,Rs.1471896.73,Phone Banking,EAST ZONE,Kerala,Deepa Krishnan,Under Review,UPI - OD Facility - Oct 2010,264941.41,336.5,1206618.82
TXN6958748,CUST24723,12-10-2019,NEFT,PRD0005,Education Loan,1149188.91,Branch,central zone,  Tamil Nadu,Kavitha Subramanian,Completed,NEFT - Education Loan - Dec 2019,0,448.21,1148740.7
TXN4647250,CUST90135,08-06-2024,NEFT,PRD0006,Business Loan,1297511.25,ATM,North Zone,Delhi,Sunita Rao,Completed,NEFT - Business Loan - Jun 2024,0,54.65,1297456.6
TXN7376639,CUST76093,04-Apr-25,Cash Withdrawal,PRD0008,credit card,4380169.71,Phone Banking,south zone,kerala,Lalita Devi,Under Review,Cash Withdrawal - Credit Card - Apr 2025,0,219.67,4379950.04
TXN3632764,CUST92203,11-11-2022,PENALTY CHARGE,PRD0002,Personal Loan,1561394.91,Mobile App,East Zone,Madhya Pradesh,RAJESH SHARMA,Pending,Penalty Charge - Personal Loan - Nov 2022,0,497.93,1560896.98
TXN1165847,CUST52688,08-08-2010,INTEREST CREDIT,PRD0013,Insurance,2134901.97,Mobile App,South Zone,Delhi,Amit Patel,Reversed,Interest Credit - Insurance - Aug 2010,0,161.17,2134740.8
TXN2292092,CUST61697,22-01-2024,EMI Payment,PRD0001,home loan,3182463.3,Branch,SOUTH ZONE,Odisha,Amit Patel,Completed,EMI Payment - Home Loan - Jan 2024,572843.39,322.38,2609297.53
TXN5428604,CUST76935,27-01-2025,Penalty Charge,PRD0005,EDUCATION LOAN,1754046.52,neft/rtgs,North Zone,Madhya Pradesh,NITIN JOSHI,Completed,Penalty Charge - Education Loan - Jan 2025,315728.37,17.16,1754046.52
TXN4182291,CUST16461,03-06-2015,NEFT,PRD0002,Personal Loan,4083275.36,Mobile App,East Zone,Rajasthan,Ramesh Yadav,Reversed,Debit - Personal Loan - Jan 2011,734989.56,31.08,3348254.72
TXN2001654,CUST10255,07-11-2013,RTGS,PRD0010,fixed deposit,3413829.3,Phone Banking,West Zone,Rajasthan,Sanjay Gupta,Failed,RTGS - Fixed Deposit - Apr 2014,0,302.2,3413527.1
TXN7460185,CUST24832,17-09-2016,Debit,PRD0010,Fixed Deposit,4340486.77,ATM,Central Zone,andhra pradesh,Kavitha Subramanian,Completed,Debit - Fixed Deposit - Sep 2021,0,55.87,4340430.9
TXN1149282,CUST17736,01-02-2018,CASH WITHDRAWAL,PRD0017,Auto Loan,2900595.43,ATM,North Zone,Odisha,rohan pillai,Reversed,UPI - Auto Loan - Feb 2018,Rs.522107.18,150.27,2378337.98
TXN1291834,CUST12933,07-11-2013,Transfer,PRD0006,  Business Loan,2849960.63,Branch,East Zone,West Bengal,  Rajesh Sharma,Completed,Transfer - Business Loan - Mar 2016,0,268.52,2336699.2
TXN6624957,CUST75251,11-Jul-21,Cash Deposit,PRD0007,Loan Against Property,236076.14,Mobile App,south zone,Maharashtra,Lalita Devi,Under Review,Cash Deposit - Loan Against Property - Jul 2021,42493.71,99.26,193483.17
TXN8940133,CUST32273,01-02-2012,UPI,PRD0012,Mutual Fund,2691558.97,ATM,Central Zone,PUNJAB,Arun Mehta,Pending,UPI - Mutual Fund - May 2024,484480.61,136.23,2206942.13
TXN5494025,CUST24515,15-Sep-17,Cash Withdrawal,PRD0001,Home Loan,4458186.2,Phone Banking,South Zone,Haryana,Meena Iyer,Completed,Cash Withdrawal - Home Loan - Sep 2017,0,264.44,4457921.76
TXN8223420,CUST24515,17-05-2011,Cash Withdrawal,PRD0001,Home Loan,4458186.2,Phone Banking,South Zone,Haryana,Meena Iyer,Completed,Cash Withdrawal - Home Loan - Sep 2017,0,264.44,4457921.76
TXN8174788,CUST15316,10-07-2025,Transfer,PRD0011,Recurring Deposit,3813341.18,Phone Banking,South Zone,Karnataka,Meena Iyer,Under Review,Transfer - Recurring Deposit - Jun 2023,686401.41,287.29,3126652.48
TXN6910545,CUST28322,19-09-2015,Transfer,PRD0002,Personal Loan,313131.12,Phone Banking,Central Zone,Punjab,Sunita Rao,Reversed,Transfer - Personal Loan - Mar 2019,0,4.81,313126.31
TXN8000770,CUST28322,19-09-2015,Transfer,PRD0002,Personal Loan,313131.12,Phone Banking,Central Zone,Punjab,Sunita Rao,Completed,Transfer - Personal Loan - Mar 2019,0,4.81,313126.31
TXN4895625,CUST19743,14-03-2012,INTEREST CREDIT,PRD0002,Personal Loan,4833725.38,Mobile App,East Zone,  West Bengal,Rajesh Sharma,Under Review,Interest Credit - Personal Loan - Mar 2012,0,177.68,4833547.7
TXN6162666,CUST95789,12-07-2024,Credit,PRD0013,Insurance,711854.63,Mobile App,South Zone,Punjab,VIJAY KUMAR,Completed,Credit - Insurance - Dec 2024,Rs.128133.83,58.82,583661.98
TXN6449722,CUST60407,17-06-2011,IMPS,PRD0010,Fixed Deposit,4685258.03,Internet Banking,East Zone,Tamil Nadu,Meena Iyer,Under Review,IMPS - Fixed Deposit - Jun 2011,843346.45,94.48,3841817.1
TXN1567211,CUST98488,25-06-2020,Debit,PRD0002,Personal Loan,3061106.32,NEFT/RTGS,South Zone,ODISHA,ramesh yadav,Reversed,Debit - Personal Loan - Dec 2024,550999.14,92.16,2510015.02
TXN7887947,CUST51032,29-05-2010,NEFT,PRD0009,Savings Account,3030874.49,ATM,Central Zone,Gujarat,Sunita Rao,Completed,NEFT - Savings Account - May 2010,545557.41,65.13,2485251.95
TXN2286847,CUST45785,07-08-2013,Interest Credit,PRD0008,  Credit Card,3144354.83,  ATM,North Zone,Punjab,Lalita Devi,Pending,Interest Credit - Credit Card - Aug 2013,0,164.7,3144190.13
TXN6307173,CUST51151,18-09-2017,Penalty Charge,PRD0011,Recurring Deposit,4839184.85,Phone Banking,South Zone,delhi,  Nitin Joshi,Completed,Penalty Charge - Recurring Deposit - Sep 2017,871053.27,248.57,4839184.85
TXN2286268,CUST30152,14-09-2010,Credit,PRD0007,Loan Against Property,1039725.86,Mobile App,South Zone,Andhra Pradesh,Sunita Rao,Failed,Credit - Loan Against Property - Sep 2010,0,147.63,1039578.23
TXN2605771,CUST34673,04-Aug-24,Debit,PRD0004,Gold Loan,4211112.37,Internet Banking,West Zone,Gujarat,Sunita Rao,Pending,Debit - Gold Loan - Aug 2024,758000.23,362.19,3452749.95
TXN5010864,CUST50988,07-Oct-21,loan disbursal,PRD0013,  Insurance,302405.02,neft/rtgs,North Zone,Haryana,Vijay Kumar,Failed,Loan Disbursal - Insurance - Oct 2021,54432.9,131.1,247841.02
TXN1064533,CUST65685,16-Dec-12,neft,PRD0013,Insurance,4962116.86,ATM,East Zone,Tamil Nadu,AMIT PATEL,Under Review,NEFT - Insurance - Dec 2012,893181.03,304.43,4068631.4
TXN6477857,CUST87303,15-05-2014,Credit,PRD0001,HOME LOAN,1790257.81,POS,Central Zone,West Bengal,Lalita Devi,Completed,Credit - Home Loan - May 2014,322246.41,0,1467882.18
TXN5201514,CUST20040,13-07-2018,Transfer,PRD0001,Home Loan,817554.03,ATM,East Zone,Rajasthan,Mohan Das,Under Review,Transfer - Home Loan - Jul 2018,Rs.147159.73,317.5,670076.8
TXN6315300,CUST25572,14-10-2022,RTGS,PRD0012,mutual fund,2899510.23,Phone Banking,Central Zone,  Punjab,Meena Iyer,Completed,RTGS - Mutual Fund - Oct 2022,0,Rs.244.12,2899266.11
TXN2454959,CUST27495,10-06-2025,Debit,PRD0011,Recurring Deposit,27992.65,Mobile App,North Zone,Telangana,Kavitha Subramanian,Under Review,Debit - Recurring Deposit - Nov 2017,0,248.7,27992.65
TXN1599509,CUST42487,12-09-2021,cash withdrawal,PRD0001,Home Loan,402561.94,Mobile App,CENTRAL ZONE,Andhra Pradesh,Vijay Kumar,Under Review,Cash Withdrawal - Home Loan - Sep 2021,72461.15,0,402561.94
TXN7887071,CUST50378,12-01-2013,Penalty Charge,PRD0009,Savings Account,3635705.18,Phone Banking,East Zone,KARNATAKA,Meena Iyer,Pending ,Penalty Charge - Savings Account - Jan 2013,0,14.4,3635690.78
TXN8930189,CUST55075,19-09-2015,Transfer,PRD0008,  Credit Card,3042240.32,POS,  South Zone,Madhya Pradesh,Lalita Devi,Under Review,Transfer - Credit Card - Feb 2016,547603.26,307.9,2494329.16
TXN8934231,CUST74990,10-03-2011,Cash Deposit,PRD0014,OD Facility,2749598.7,phone banking,South Zone,Rajasthan,Sunita Rao,COMPLETED,Cash Deposit - OD Facility - May 2015,494927.77,427.25,2254243.68
TXN1904684,CUST21728,06-01-2013,EMI Payment,PRD0014,od facility,2778643.21,phone banking,Central Zone,Andhra Pradesh,Mohan Das,Completed,EMI Payment - OD Facility - Jan 2013,500155.78,459.8,2278027.63
TXN5961009,CUST55075,24-11-2010,EMI Payment,PRD0006,Business Loan,3556032.05,NEFT/RTGS,West Zone,West Bengal,Deepa Krishnan,Pending,EMI Payment - Business Loan - Nov 2010,0,39.78,3555992.27
TXN8635124,CUST96363,14-Apr-21,Interest Credit,PRD0002,Personal Loan,4628662.03,Branch,East Zone,Andhra Pradesh,Kavitha Subramanian,Under Review,Interest Credit - Personal Loan - Apr 2021,833159.17,485.33,3795017.53
TXN8238785,CUST76341,24-01-2013,neft,PRD0010,Fixed Deposit,Rs.1028205.4,POS,South Zone,Andhra Pradesh,RAMESH YADAV,Under Review,NEFT - Fixed Deposit - Jan 2013,58800.87,457.38,267413.23
TXN2662254,CUST63668,09-10-2014,cash withdrawal,PRD0013,insurance,3651345.7,internet banking,CENTRAL ZONE,Odisha,deepa krishnan,Failed,Cash Withdrawal - Insurance - Oct 2014,657242.23,227.69,2993875.78
TXN4224895,CUST28350,25-06-2011,cash deposit,PRD0014,OD Facility,725422.28,ATM,West Zone,PUNJAB,Deepa Krishnan,completed,Cash Deposit - OD Facility - Jul 2018,0,463.37,724958.91
TXN4531548,CUST58931,12-04-2011,Credit,PRD0001,HOME LOAN,1884698.1,Phone Banking,West Zone,Tamil Nadu,VIJAY KUMAR,failed,Credit - Home Loan - Apr 2011,0,79.02,1884619.08
TXN6460378,CUST81732,16-07-2018,neft,PRD0006,Business Loan,2820857.58,ATM,east zone,Kerala,Lalita Devi,Reversed,NEFT - Business Loan - Jul 2018,507754.36,446.94,2312656.28
TXN3302191,CUST16461,03-06-2015,Cash Deposit,PRD0017,Auto Loan,2464008.83,Phone Banking,Central Zone,West Bengal,VIJAY KUMAR,Completed,Cash Deposit - Auto Loan - Apr 2020,443521.59,58.05,2020429.19
TXN9742373,CUST89988,15-09-2021,rtgs,PRD0005,Education Loan,2660225.48,Branch,Central Zone,Uttar Pradesh,Arun Mehta,Pending,RTGS - Education Loan - Sep 2021,478840.59,86.48,2181298.41
TXN5469062,CUST25461,07-Jul-10,Penalty Charge,PRD0008,Credit Card,4368268.32,  ATM,south zone,WEST BENGAL,Anita Bose,Reversed,Penalty Charge - Credit Card - Jul 2010,0,299.74,4367968.58
TXN9131341,CUST94008,24-12-2025,RTGS,PRD0017,Auto Loan,3970818.25,ATM,East Zone,Andhra Pradesh,Anita Bose,Pending,RTGS - Auto Loan - Dec 2025,0,282.91,3970535.34
TXN1369468,CUST43315,13-Aug-23,Transfer,PRD0006,Business Loan,4426263.03,POS,West Zone,  Punjab,Priya Nair,Failed,Transfer - Business Loan - Aug 2023,0,338.06,4425924.97
TXN2430827,CUST40597,26-06-2024,Transfer,PRD0002,Personal Loan,408427.25,MOBILE APP,East Zone,Delhi,Lalita Devi,Completed,Transfer - Personal Loan - Sep 2017,73516.9,128.24,334782.11
TXN1026121,CUST89761,28-Jun-14,Debit,PRD0009,Savings Account,4471966.15,Branch,East Zone,Telangana,Vijay Kumar,Under Review,Debit - Savings Account - Jun 2014,0,314.58,4471651.57
TXN5874173,CUST91167,28-06-2025,CASH WITHDRAWAL,PRD0017,Auto Loan,1782728.41,POS,East Zone,  Telangana,Sanjay Gupta,Completed,Cash Withdrawal - Auto Loan - Nov 2019,320891.11,234.09,1461603.21
TXN6712178,CUST75350,05-06-2017,EMI Payment,PRD0004,Gold Loan,2954389.62,NEFT/RTGS,North Zone,Rajasthan,Lalita Devi,Pending,EMI Payment - Gold Loan - Sep 2012,0,335.39,2954054.23
TXN9936497,CUST94023,05-09-2015,NEFT,PRD0009,savings account,4911874.19,NEFT/RTGS,West Zone,Rajasthan,  Amit Patel,Under Review,NEFT - Savings Account - May 2015,0,19.98,4911854.21
TXN5681667,CUST86969,02-06-2014,Interest Credit,PRD0007,Loan Against Property,135363.35,Branch,West Zone,Odisha,Mohan Das,Completed,Interest Credit - Loan Against Property - Jun 2014,24365.4,167.93,110830.02
TXN3700529,CUST86969,02-06-2014,Interest Credit,PRD0007,Loan Against Property,135363.35,Branch,West Zone,Odisha,Mohan Das,Completed,Interest Credit - Loan Against Property - Jun 2014,24365.4,167.93,110830.02
TXN1036268,CUST43408,15-10-2019,EMI Payment,PRD0005,Education Loan,2735857.82,Branch,North Zone,KERALA,Kavitha Subramanian,Under Review,EMI Payment - Education Loan - Oct 2019,492454.41,251.96,2243151.45
TXN1213368,CUST91292,11-11-2024,IMPS,PRD0008,Credit Card,328935.01,neft/rtgs,South Zone,West Bengal,Sunita Rao,Under Review,IMPS - Credit Card - Jul 2018,59208.3,494.16,269232.55
TXN6901825,CUST50166,07-10-2019,EMI Payment,PRD0008,Credit Card,3768424.45,Mobile App,East Zone,Madhya Pradesh,Mohan Das,Failed,EMI Payment - Credit Card - Oct 2019,0,460.03,3767964.42
TXN7374198,CUST25300,21-09-2022,RTGS,PRD0013,Insurance,3121287.34,NEFT/RTGS,west zone,West Bengal,Priya Nair,Completed,RTGS - Insurance - Sep 2022,0,390.52,Rs.3120896.82
TXN5013668,CUST43408,13-Jul-20,EMI Payment,PRD0014,OD Facility,121589.51,POS,East Zone,Telangana,AMIT PATEL,Failed,EMI Payment - OD Facility - Jul 2020,0,451.02,121138.49
TXN3116121,CUST21359,08-04-2014,Credit,PRD0009,SAVINGS ACCOUNT,4385583,ATM,North Zone,Telangana,RAJESH SHARMA,Failed,Credit - Savings Account - Apr 2014,789404.94,69.21,3596108.85
TXN7104387,CUST66431,10-02-2015,loan disbursal,PRD0008,  Credit Card,3877484.21,Branch,South Zone,Gujarat,Sunita Rao,Failed,Loan Disbursal - Credit Card - Aug 2019,0,397.58,3179139.47
TXN9895642,CUST69892,02-07-2022,Credit,PRD0005,Education Loan,2930877.93,Branch,WEST ZONE,Rajasthan,Kavitha Subramanian,completed,Credit - Education Loan - Jul 2022,0,136.51,2930741.42
TXN2702104,CUST18694,21-11-2014,UPI,PRD0010,fixed deposit,4023784.7,MOBILE APP,CENTRAL ZONE,Odisha,Meena Iyer,Failed,UPI - Fixed Deposit - Nov 2014,0,165.4,4023619.3
TXN6968871,CUST69198,09-12-2016,LOAN DISBURSAL,PRD0009,Savings Account,3944832.51,Phone Banking,Central Zone,  Odisha,Mohan Das,Under Review,Loan Disbursal - Savings Account - Dec 2016,0,279.71,3944552.8
TXN8612529,CUST34420,06-05-2017,UPI,PRD0005,Education Loan,1057820.24,INTERNET BANKING,South Zone,Rajasthan,deepa krishnan,Under Review,UPI - Education Loan - Feb 2022,190407.64,346.04,Rs.867066.56
TXN7770115,CUST34420,25-02-2022,UPI,PRD0005,Education Loan,1057820.24,Internet Banking,South Zone,Rajasthan,Deepa Krishnan,Completed,UPI - Education Loan - Feb 2022,190407.64,346.04,867066.56
TXN8993539,CUST87303,28-01-2024,UPI,PRD0017,Auto Loan,2894163.48,POS,Central Zone,Odisha,Mohan Das,Pending,UPI - Auto Loan - Jan 2024,0,0,2893866.34
TXN3204588,CUST38748,09-04-2019,NEFT,PRD0002,Personal Loan,4746031.53,Internet Banking,Central Zone,Kerala,Vijay Kumar,Under Review,NEFT - Personal Loan - Jul 2024,0,58.74,4745972.79
TXN4820241,CUST87912,26-12-2010,Debit,PRD0013,  Insurance,3389482.84,  POS,East Zone,Karnataka,Sunita Rao,Failed,Debit - Insurance - Dec 2010,610106.91,118.4,2779257.53
TXN3087190,CUST40062,29-04-2020,emi payment,PRD0006,Business Loan,3722561.19,ATM,North Zone,telangana,Lalita Devi,Failed,EMI Payment - Business Loan - Apr 2020,670061.01,320.84,3052179.34
TXN7697895,CUST64446,21-04-2010,  Penalty Charge,PRD0006,Business Loan,2933132.74,Phone Banking,north zone,Uttar Pradesh,Vijay Kumar,Under Review,Penalty Charge - Business Loan - Mar 2013,527963.89,158.77,2405010.08
TXN2980742,CUST18601,04-05-2018,Cash Deposit,PRD0009,savings account,4862107.01,MOBILE APP,East Zone,ODISHA,rajesh sharma,Under Review,Cash Deposit - Savings Account - May 2018,875179.26,300.53,3986627.22
TXN4844655,CUST30260,11-06-2011,CREDIT,PRD0014,OD Facility,19480.13,Branch,South Zone,Madhya Pradesh,Meena Iyer,Pending,Credit - OD Facility - Jun 2011,0,424.99,19055.14
TXN8216371,CUST91289,17-06-2020,imps,PRD0012,Mutual Fund,3205093.32,  ATM,West Zone,Punjab,SUNITA RAO,Pending,IMPS - Mutual Fund - Jun 2020,576916.8,458.28,2627718.24
TXN2413144,CUST31016,06-06-2016,interest credit,PRD0095,  Recurring Deposit,2837491.87,Branch,SOUTH ZONE,Kerala,Priya Nair,Under Review,Interest Credit - Recurring Deposit - Jun 2016,510748.54,356.31,2326387.02
TXN6790227,CUST60738,15-09-2014,EMI Payment,PRD0002,Personal Loan,2987365.03,Internet Banking,Central Zone,Haryana,Priya Nair,Under Review,EMI Payment - Personal Loan - Jan 2010,537725.71,215.01,2449424.31
TXN4825418,CUST40427,08-10-2017,NEFT,PRD0012,Mutual Fund,4363488.06,  ATM,central zone,West Bengal,Sunita Rao,Under Review,NEFT - Mutual Fund - Nov 2012,0,0,4363076.88
TXN9885545,CUST38110,04-02-2024,Loan Disbursal,PRD0013,Insurance,2741304.44,Branch,Central Zone,Rajasthan,Lalita Devi,Pending,Loan Disbursal - Insurance - Feb 2024,0,25.4,2741279.04
TXN1601790,CUST63668,30-03-2015,  Cash Withdrawal,PRD0001,  Home Loan,3951625.05,POS,East Zone,Rajasthan,Rajesh Sharma,Completed,Cash Withdrawal - Home Loan - May 2022,0,61.71,3951625.05
TXN9314599,CUST31753,09-03-2014,Cash Withdrawal,PRD0007,Loan Against Property,4279866.86,Phone Banking,South Zone,TAMIL NADU,Ramesh Yadav,Failed,Cash Withdrawal - Loan Against Property - Sep 2014,770376.03,138.93,3509351.9
TXN8655734,CUST66346,03-04-2012,Debit,PRD0002,Personal Loan,4015845.36,NEFT/RTGS,WEST ZONE,Karnataka,Vijay Kumar,Pending,Debit - Personal Loan - Apr 2012,722852.16,360.36,3292632.84
TXN8698763,CUST96462,18-08-2021,Penalty Charge,PRD0008,credit card,954776.76,Branch,East Zone,Kerala,Sunita Rao,Completed,Penalty Charge - Credit Card - Aug 2021,0,68.13,954708.63
TXN1204215,CUST72285,30-09-2013,Penalty Charge,PRD0010,Fixed Deposit,1590809.43,  POS,East Zone,WEST BENGAL,Amit Patel,Failed,Penalty Charge - Fixed Deposit - Sep 2022,286345.7,129.09,1590809.43
TXN8391069,CUST15316,01-06-2021,Credit,PRD0006,Business Loan,1106338.21,ATM,east zone,Gujarat,Ramesh Yadav,Completed,Credit - Business Loan - Jun 2021,0,0,Rs.1105866.19
TXN8730983,CUST19432,17-Oct-25,debit,PRD0007,Loan Against Property,4238654.22,POS,South Zone,Maharashtra,Rajesh Sharma,Completed,Debit - Loan Against Property - Oct 2025,762957.76,168.77,3475527.69
TXN1591522,CUST31534,18-05-2012,Loan Disbursal,PRD0003,  Auto Loan,4704810.84,Phone Banking,West Zone,  Kerala,RAMESH YADAV,Reversed,Loan Disbursal - Auto Loan - May 2012,846865.95,17.44,3857927.45
TXN8920306,CUST27284,31-10-2015,rtgs,PRD0001,HOME LOAN,4217861.19,Internet Banking,Central Zone,Maharashtra,Priya Nair,Failed,RTGS - Home Loan - Nov 2024,0,19.02,4217842.17
TXN4028466,CUST50037,01-07-2011,Transfer,PRD0006,Business Loan,4258155.98,Internet Banking,North Zone,telangana,Mohan Das,Completed,Transfer - Business Loan - Jul 2011,0,298.95,4257857.03
TXN1366395,CUST17263,10-08-2022,Loan Disbursal,PRD0014,OD Facility,2440440.39,ATM,Central Zone,andhra pradesh,Kavitha Subramanian,Reversed,Loan Disbursal - OD Facility - Oct 2022,439279.27,413.42,2000747.7
TXN7082958,CUST57543,17-04-2021,Credit,PRD0012,Mutual Fund,60020.86,Mobile App,East Zone,West Bengal,Rajesh Sharma,Failed,Credit - Mutual Fund - Apr 2021,0,304.78,59716.08
TXN2447700,CUST58804,24-06-2010,RTGS,PRD0013,Insurance,4119533.63,POS,West Zone,Haryana,SANJAY GUPTA,Failed,RTGS - Insurance - Jun 2025,741516.05,316.4,3377701.18
TXN4825014,CUST16840,23-07-2015,Cash Withdrawal,PRD0012,Mutual Fund,2711660.48,NEFT/RTGS,Central Zone,West Bengal,Mohan Iyer,Failed,Cash Withdrawal - Mutual Fund - Jul 2015,488098.89,140.43,2223421.16
TXN9575235,CUST26547,01-03-2024,Loan Disbursal,PRD0002,Personal Loan,2832013.63,neft/rtgs,East Zone,GUJARAT,Arun Mehta,COMPLETED,Loan Disbursal - Personal Loan - Jun 2022,0,277.92,2831735.71
TXN7774792,CUST76448,05-Oct-17,Transfer,PRD0002,Personal Loan,4235767.94,Mobile App,West Zone,MAHARASHTRA,Kavitha Subramanian,Pending,Transfer - Personal Loan - Oct 2017,762438.23,1.81,4235767.94
TXN6253806,CUST31753,20-09-2017,neft,PRD0017,Auto Loan,1520485.25,Internet Banking,north zone,Punjab,  Amit Patel,Under Review,NEFT - Auto Loan - Sep 2017,273687.34,101.41,1246696.5
TXN8090013,CUST23582,07-Nov-13,Interest Credit,PRD0006,Business Loan,4459028.71,POS,South Zone,Telangana,Deepa Krishnan,Failed,Interest Credit - Business Loan - Nov 2013,802625.17,178.39,3656225.15
TXN8365456,CUST77394,07-Apr-16,Interest Credit,PRD0009,Savings Account,4119993.4,BRANCH,SOUTH ZONE,Delhi,deepa krishnan,Pending,Interest Credit - Savings Account - Apr 2016,741598.81,397.32,3377997.27
TXN4237094,CUST28953,24-07-2015,Interest Credit,PRD0004,Gold Loan,1763664.89,NEFT/RTGS,east zone,Tamil Nadu,Lalita Devi,Completed,Interest Credit - Gold Loan - Jul 2015,0,343.98,1763320.91
TXN4910859,CUST80047,03-Jan-23,Credit,PRD0006,Business Loan,3799716.71,  Phone Banking,South Zone,Odisha,Rajesh Sharma,Reversed,Credit - Business Loan - Jan 2023,683949.01,315.63,3115452.07
TXN6339706,CUST60934,16-05-2024,EMI Payment,PRD0008,Credit Card,1619249.95,  Phone Banking,South Zone,  Punjab,Ramesh Yadav,Pending,EMI Payment - Credit Card - May 2024,0,146.1,1327638.86
TXN9110860,CUST40427,20-07-2014,INTEREST CREDIT,PRD0017,Auto Loan,499763.46,mobile app,  North Zone,Andhra Pradesh,Amit Patel,Pending,Interest Credit - Auto Loan - Jul 2014,0,217.99,499545.47
TXN8575791,CUST84379,15-01-2012,RTGS,PRD0009,SAVINGS ACCOUNT,252870.87,phone banking,Central Zone,Telangana,  Mohan Das,Failed,RTGS - Savings Account - Jan 2012,45516.76,205.82,207148.29
TXN9800830,CUST27295,26-Nov-25,IMPS,PRD0002,personal loan,2910868.59,  ATM,Central Zone,Punjab,Kavitha Subramanian,Pending,IMPS - Personal Loan - Nov 2025,0,255.5,2910613.09
TXN6739292,CUST36186,24-02-2023,loan disbursal,PRD0006,business loan,420508.24,Phone Banking,North Zone,haryana,Sunita Rao,Failed,Loan Disbursal - Business Loan - Feb 2023,Rs.0,225.49,420282.75
TXN9661853,CUST74922,08-08-2011,Interest Credit,PRD0001,Home Loan,2583727.46,Branch,East Zone,Karnataka,Anita Bose,Completed,Interest Credit - Home Loan - Aug 2011,465070.94,174.34,2118482.18
TXN1151605,CUST42947,10-03-2011,UPI,PRD0010,Fixed Deposit,Rs.1028205.4,ATM,East Zone,Andhra Pradesh,  Sunita Rao,Completed,UPI - Fixed Deposit - Sep 2014,265466.21,Rs.250.2,1209095.86
TXN1829771,CUST35032,17-01-2018,IMPS,PRD0004,  Gold Loan,2333881,Mobile App,  East Zone,PUNJAB,Kavitha Subramanian,Pending,IMPS - Gold Loan - Jan 2018,0,311.2,2333569.8
TXN2344240,CUST19658,24-07-2021,IMPS,PRD0002,Personal Loan,127068.9,atm,South Zone,punjab,Anita Bose,Failed,IMPS - Personal Loan - Jul 2021,0,466.37,126602.53
TXN3890565,CUST69566,14-07-2018,EMI Payment,PRD0008,Credit Card,549353.41,POS,North Zone,Uttar Pradesh,Mohan Das,Completed,EMI Payment - Credit Card - Jul 2018,98883.61,352.44,549353.41
TXN2705043,CUST69892,03-06-2022,Cash Withdrawal,PRD0014,OD Facility,2200853.02,Internet Banking,Central Zone,Uttar Pradesh,Nitin Joshi,Failed,Cash Withdrawal - OD Facility - Jun 2022,396153.54,469.43,1804230.05
TXN2106509,CUST78740,17-05-2025,Penalty Charge,PRD0003,  Auto Loan,4962872.32,Branch,Central Zone,Haryana,kavitha subramanian,Completed,Penalty Charge - Home Loan - Jan 2021,893317.02,236.79,4069318.51
TXN5695187,CUST18694,10-07-2025,loan disbursal,PRD0003,  Auto Loan,4859703.29,  ATM,south zone,Andhra Pradesh,Arun Mehta,Pending,Loan Disbursal - Personal Loan - May 2019,874746.59,55.87,3984900.83
TXN2052375,CUST50988,07-06-2023,Loan Disbursal,PRD0001,Home Loan,4488369.85,MOBILE APP,  West Zone,Delhi,Lalita Devi,Pending,Loan Disbursal - Home Loan - Dec 2025,807906.57,477.35,3679985.93
TXN9630892,CUST35153,10-07-2025,RTGS,PRD0008,Credit Card,3366030.84,INTERNET BANKING,North Zone,GUJARAT,Kavitha Subramanian,Failed,RTGS - Credit Card - Nov 2013,605885.55,341.65,2759803.64
TXN9967385,CUST63093,25-05-2023,NEFT,PRD0004,Gold Loan,1301141.49,Mobile App,West Zone,Tamil Nadu,Ramesh Yadav,Under Review,NEFT - Gold Loan - May 2023,234205.47,118.49,1066817.53
TXN8010102,CUST89129,23-07-2016,Credit,PRD0009,savings account,1925658.61,POS,Central Zone,Kerala,Vijay Sharma,COMPLETED,Credit - Savings Account - Jul 2016,0,217.09,1925441.52
TXN2775896,CUST15486,30-03-2015,DEBIT,PRD0007,Loan Against Property,1342872.29,NEFT/RTGS,East Zone,Rajasthan,Amit Patel,Reversed,Debit - Loan Against Property - Jan 2011,241717.01,60.01,1101095.27
TXN1046494,CUST15546,01-02-2013,UPI,PRD0002,Personal Loan,2854361.51,Branch,East Zone,karnataka,Lalita Devi,Failed,UPI - Personal Loan - May 2019,513785.07,331.13,2340245.31
TXN6714750,CUST28045,30-10-2011,UPI,PRD0003,  Auto Loan,4940333.78,  ATM,Central Zone,Punjab,Arun Mehta,Pending,UPI - Recurring Deposit - Oct 2011,0,0,4940063.31
TXN4329171,CUST11337,09-Oct-20,UPI,PRD0005,education loan,Rs.2827567.18,POS,West Zone,Haryana,Deepa Krishnan,Reversed,UPI - Education Loan - Oct 2020,508962.09,182.37,2318422.72
TXN8483402,CUST21770,17-Oct-14,  RTGS,PRD0003,  Auto Loan,1057083.85,NEFT/RTGS,West Zone,Maharashtra,Arun Mehta,Pending,RTGS - Home Loan - Oct 2014,190275.09,431.06,866377.7
TXN6243494,CUST48780,08-07-2017,UPI,PRD0012,Mutual Fund,3255075.25,NEFT/RTGS,EAST ZONE,Andhra Pradesh,Ramesh Yadav,Under Review,Interest Credit - Mutual Fund - Jul 2017,0,73.59,3255001.66
TXN8680015,CUST33458,30-06-2021,RTGS,PRD0001,Home Loan,2855071.31,Mobile App,West Zone,Odisha,Mohan Das,Reversed,RTGS - Home Loan - Jun 2021,Rs.0,149.4,2854921.91
TXN9409437,CUST20749,09-01-2021,NEFT,PRD0003,  Auto Loan,2726871.53,Branch,South Zone,Odisha,Kavitha Subramanian,Reversed,NEFT - Gold Loan - Jan 2021,0,499.4,2726372.13
TXN4477751,CUST74724,13-Sep-22,Credit,PRD0009,Savings Account,3252913.04,NEFT/RTGS,Central Zone,Maharashtra,sanjay gupta,completed,Credit - Savings Account - Sep 2022,585524.35,0,2666957.59
TXN6796677,CUST87165,22-07-2025,EMI Payment,PRD0002,Personal Loan,1413151.63,MOBILE APP,NORTH ZONE,TAMIL NADU,SUNITA RAO,Completed,EMI Payment - Personal Loan - Jul 2025,254367.29,288.67,1158495.67
TXN8625228,CUST97755,12-09-2020,Transfer,PRD0005,EDUCATION LOAN,4344792.61,ATM,west zone,Andhra Pradesh,VIJAY KUMAR,Under Review,Transfer - Education Loan - Oct 2016,782062.67,450.61,3562279.33
TXN6041381,CUST72394,12-Nov-10,Cash Withdrawal,PRD0001,HOME LOAN,1422611.58,Branch,East Zone,Odisha,Anita Bose,Failed,Cash Withdrawal - Home Loan - Nov 2010,256070.08,73.58,1166467.92
TXN3083137,CUST17458,23-05-2022,interest credit,PRD0001,HOME LOAN,Rs.1028205.4,ATM,SOUTH ZONE,Delhi,Arun Mehta,Completed,Interest Credit - Home Loan - May 2022,Rs.0,103.11,3028626.6
TXN5711951,CUST20127,02-10-2019,transfer,PRD0013,Insurance,751670.72,POS,Central Zone,punjab,Meena Iyer,Reversed,Transfer - Insurance - Oct 2019,135300.73,87.76,616282.23
TXN1003331,CUST50812,07-02-2015,EMI Payment,PRD0007,Loan Against Property,444014.32,POS,South Zone,Telangana,Anita Bose,Reversed,EMI Payment - Loan Against Property - Nov 2018,79922.58,0,363960.6
TXN6779242,CUST47982,12-04-2013,Cash Deposit,PRD0002,Personal Loan,2905241.3,ATM,South Zone,Odisha,Nitin Joshi,Pending,Cash Deposit - Personal Loan - Dec 2013,0,341.94,2904899.36
